,material_id,elasticity.G_VRH predicted,elasticity.G_VRH
620,mp-982780,5.350456882129056,2.0
322,mp-974883,4.145322866519922,2.0
703,mp-22626,0.9648319155229126,3.0
645,mp-569152,7.831103143182428,4.0
194,mp-27636,4.680734874525983,4.0
1134,mp-638729,4.307315029347695,4.0
315,mp-29398,3.639835373728959,4.0
980,mp-606393,14.826852977570269,4.0
886,mp-56,5.041112384071185,4.0
1142,mp-558579,30.752364436394892,4.0
577,mp-23053,8.982638270766373,4.0
1093,mp-23038,7.278164640787076,5.0
695,mp-569526,8.962449949074752,5.0
136,mp-85,9.338532193381804,5.0
615,mp-571555,7.2099602631042,5.0
961,mp-27827,4.945425065527738,5.0
1175,mp-23850,10.465987453565186,5.0
424,mp-573051,24.262615840875146,5.0
1137,mp-571222,6.147284767324942,5.0
932,mp-22917,12.417463972834485,5.0
1006,mp-22925,7.529225428540964,5.0
188,mp-29556,6.810266269480518,5.0
43,mp-22909,7.648256848793715,5.0
24,mp-1441,11.355590552845992,5.0
814,mp-22898,7.469588864995763,6.0
534,mp-28084,5.383694613144192,6.0
511,mp-753982,21.065134959303926,6.0
189,mp-34857,15.350538559699535,6.0
953,mp-866169,12.792930073392125,6.0
725,mp-18105,9.21584987327865,6.0
126,mp-9262,7.862578104787442,6.0
763,mp-1025267,7.345560800678407,6.0
986,mp-139,6.72985442133023,6.0
8,mp-1025377,6.948131817593508,6.0
552,mp-605860,14.209103980238107,6.0
1100,mp-9010,9.482270750660575,6.0
673,mp-4876,10.35368038003859,6.0
786,mp-140,14.327955873940644,6.0
202,mp-977126,8.417791972200272,6.0
1081,mp-504708,5.688656196930448,6.0
767,mp-1021674,34.37529287681361,7.0
705,mp-697111,13.919895206185892,7.0
115,mp-600089,6.656240056787113,7.0
553,mp-1013710,16.478444857855138,7.0
701,mp-569007,14.327955873940644,7.0
98,mp-982246,22.67406680659997,7.0
1003,mp-510557,10.507142981901232,7.0
1159,mp-1038961,9.669298700003752,7.0
905,mp-1014168,6.656240056787113,7.0
979,mp-755480,13.694911618807676,7.0
685,mp-23289,8.809951104018337,8.0
360,mp-972941,11.496477467066114,8.0
1040,mp-973166,14.846504618945586,8.0
689,mp-36248,4.136197814055892,8.0
344,mp-1023934,19.193885166600566,8.0
803,mp-27456,8.732961197251267,8.0
336,mp-545756,27.617535242594037,8.0
633,mp-961709,56.979108394798075,8.0
374,mp-1581,52.76549918179053,8.0
623,mp-569149,6.1361126275532545,8.0
1075,mp-5339,8.211050626390822,8.0
118,mp-28843,13.014559375893862,8.0
730,mp-982261,15.712886000070686,8.0
837,mp-562102,7.429168834808491,8.0
394,mp-8666,9.04308031855467,8.0
674,mp-11266,13.204719197970869,8.0
414,mp-541449,22.550695545127372,9.0
765,mp-941221,53.070872225954545,9.0
412,mp-552185,29.968531674553184,9.0
137,mp-867210,11.61116476984166,9.0
87,mp-773137,10.936680961876075,9.0
702,mp-31516,21.192890566882006,9.0
1000,mp-10654,15.026531293237973,9.0
688,mp-556417,13.736847267119696,9.0
96,mp-23037,8.10150055531621,9.0
1145,mp-865082,17.56587970997302,9.0
293,mp-568866,13.615203889185533,9.0
793,mp-28163,21.012329667850253,9.0
342,mp-567652,8.185239090870661,9.0
1108,mp-1039447,19.430397709768208,9.0
456,mp-989538,16.503662195375686,9.0
311,mp-28283,8.48835103207368,9.0
224,mp-643431,24.18446164513189,9.0
1044,mp-555464,21.299641782606123,9.0
498,mp-568598,7.127828257049979,9.0
820,mp-29624,18.679097722202986,9.0
517,mp-976261,15.42260427940463,10.0
384,mp-975904,11.81078130743333,10.0
1127,mp-568137,8.797142795704756,10.0
976,mp-4264,15.003176965100893,10.0
1032,mp-4495,13.227361714130184,10.0
538,mp-7621,32.59076299491467,10.0
379,mp-22987,15.42255821060549,10.0
1014,mp-22958,13.168856204263609,10.0
393,mp-23179,27.35636250231847,10.0
139,mp-605034,16.203130920951185,10.0
358,mp-24834,8.168896263971003,10.0
998,mp-975028,4.958046413736349,10.0
1031,mp-975373,39.9182849906223,10.0
539,mp-1029784,7.348803565846258,10.0
1069,mp-4396,12.082063893282426,10.0
83,mp-2639,13.302552775216867,10.0
921,mp-22878,32.47333826255073,10.0
654,mp-8932,12.010822270754288,11.0
301,mp-862721,22.909220446204504,11.0
906,mp-1029375,17.83551052792937,11.0
824,mp-1393,19.994497999503093,11.0
112,mp-27198,29.116779365109014,11.0
870,mp-8994,12.80215981068758,11.0
1201,mp-8860,14.017450492319929,11.0
148,mp-612740,12.662015083252571,11.0
521,mp-545482,37.39875106609365,11.0
1008,mp-695998,16.798152302568468,11.0
734,mp-8262,11.154251342081492,11.0
60,mp-2564,9.524892425968273,11.0
180,mp-24084,12.178215901187706,11.0
1123,mp-2284,16.21949902760062,11.0
483,mp-22271,51.76437553302574,11.0
1185,mp-567817,17.104128294580633,11.0
210,mp-1038829,15.324321449452865,12.0
489,mp-27678,25.462304481836192,12.0
353,mp-23299,7.978909165537701,12.0
493,mp-17524,30.877476794461824,12.0
616,mp-977140,40.94572773128481,12.0
345,mp-22916,9.806095299362422,12.0
530,mp-11464,13.775074330911556,12.0
390,mp-21374,14.909663187999179,12.0
1017,mp-571467,7.1183787154425415,12.0
1197,mp-947,15.749999011980295,12.0
1071,mp-22913,12.417463972834485,12.0
1119,mp-21273,45.40744861189052,12.0
652,mp-2194,20.824794707596627,12.0
523,mp-1019105,14.121590601108641,12.0
249,mp-569204,17.952804729024496,12.0
2,mp-7439,14.268085401157867,12.0
324,mp-573316,9.122244566298004,12.0
201,mp-12532,12.575464884194169,13.0
856,mp-6628,19.236295427289182,13.0
469,mp-22795,16.951719976233903,13.0
653,mp-7882,22.83292556835252,13.0
190,mp-998201,8.5381386332128,13.0
474,mp-22967,11.460577526397731,13.0
1005,mp-20408,13.768226250315651,13.0
683,mp-2293,25.336769731552767,13.0
82,mp-989642,11.939434591861325,13.0
176,mp-13649,14.469857677669207,13.0
624,mp-999139,27.595371171061174,13.0
1106,mp-760415,14.639538799285662,13.0
1016,mp-604910,25.336769731552767,13.0
362,mp-556927,17.045636513520652,13.0
832,mp-527,11.332702613226758,13.0
546,mp-23487,17.01916824343537,13.0
1085,mp-28166,11.160763799033427,13.0
1084,mp-22304,14.401535449720836,13.0
717,mp-8963,14.970238852199,13.0
170,mp-865167,24.632250897358393,14.0
181,mp-561543,61.52187174255632,14.0
244,mp-865863,22.143237203940878,14.0
899,mp-984714,20.428922443675123,14.0
916,mp-406,15.13381162296735,14.0
283,mp-865502,20.730021688568726,14.0
799,mp-555166,18.64307994955539,14.0
989,mp-29615,25.668055485413852,14.0
1132,mp-20310,16.996302594718493,14.0
373,mp-37091,14.769186096407662,14.0
990,mp-8255,17.837441074003628,14.0
228,mp-548658,23.4998645409586,14.0
316,mp-11718,13.509958171608064,14.0
478,mp-1018794,21.719815149517242,14.0
1056,mp-38103,8.651037879106976,14.0
187,mp-7434,16.888852674876837,14.0
954,mp-1783,48.61186505740846,15.0
220,mp-971951,51.71325127935946,15.0
806,mp-16337,16.130602223862958,15.0
833,mp-38970,15.959176035984301,15.0
935,mp-18167,12.969274173959205,15.0
758,mp-8911,17.52692063017717,15.0
168,mp-7090,18.54747649320181,15.0
772,mp-29659,28.493636401919087,15.0
1188,mp-1025150,23.172980609998184,15.0
743,mp-8700,11.460644654667355,15.0
431,mp-21043,17.810114570271615,15.0
746,mp-30533,14.543150973581259,15.0
59,mp-864898,14.569617879586476,16.0
1082,mp-19833,19.689035822419246,16.0
19,mp-6912,38.072187883257996,16.0
770,mp-867263,18.827291989501468,16.0
377,mp-995122,32.236354485126185,16.0
158,mp-8539,26.869686655654373,16.0
128,mp-94,17.355048905379455,16.0
650,mp-6654,17.530039229972985,16.0
983,mp-16764,19.334882246651066,16.0
554,mp-976239,13.290590779858027,16.0
522,mp-30356,16.822347337442988,17.0
363,mp-105,15.026531293237973,17.0
27,mp-2469,20.00939760945578,17.0
1034,mp-9610,46.74515809564971,17.0
1122,mp-19141,16.606268227473844,17.0
369,mp-7438,17.773874844295406,17.0
11,mp-676586,36.17815883787157,17.0
972,mp-22467,33.373006598112696,17.0
589,mp-12317,21.962820675596536,17.0
901,mp-14092,17.40847684532898,17.0
155,mp-978274,15.324321449452865,17.0
47,mp-20097,48.157042264674615,17.0
715,mp-976291,17.553516768966606,17.0
699,mp-27438,11.993963809005454,17.0
830,mp-10423,18.832698560360182,18.0
380,mp-867834,50.38917224120798,18.0
535,mp-978277,30.91000794652368,18.0
1170,mp-16765,37.414172035945896,18.0
890,mp-568346,28.507208832814296,18.0
529,mp-11147,20.308682586047684,18.0
260,mp-14091,19.872745767776607,18.0
575,mp-31703,29.922148679663998,18.0
1144,mp-19146,51.50835903795296,18.0
713,mp-2910,19.447611283087596,18.0
1087,mp-3472,21.30564006917021,18.0
747,mp-30981,14.007480677926411,18.0
581,mp-7928,11.312428836205108,18.0
78,mp-1013588,26.036433703018748,18.0
480,mp-865625,15.009793922082867,18.0
1187,mp-8150,19.79007241607028,18.0
433,mp-1462,21.583734127188066,18.0
864,mp-14039,22.903734327611303,18.0
448,mp-862737,30.01067443812583,18.0
642,mp-153,15.4284886365923,18.0
656,mp-594,52.12443395050971,18.0
857,mp-4961,22.909770395912272,18.0
361,mp-1018164,44.05788887677532,18.0
44,mp-997010,22.213251971237376,19.0
257,mp-753257,19.31384009776157,19.0
924,mp-7343,29.41273416172327,19.0
165,mp-2432,10.513428615460477,19.0
567,mp-8377,34.50738061527969,19.0
568,mp-989399,32.38582126683447,19.0
937,mp-31086,16.608209553791415,19.0
945,mp-578,24.86277521323955,19.0
862,mp-862565,15.75146781404842,19.0
272,mp-12268,21.68061955417107,19.0
738,mp-13119,38.0434742001364,19.0
486,mp-30726,19.04229865050933,19.0
329,mp-18876,35.523268112935476,19.0
1180,mp-568746,16.663511190764662,19.0
53,mp-571059,22.55810863320795,19.0
218,mp-761036,32.29657823853986,20.0
485,mp-2136,49.10711614354148,20.0
103,mp-22687,19.84665900680284,20.0
298,mp-16566,18.861720751411102,20.0
1177,mp-762225,20.087796711683215,20.0
634,mp-755570,33.33499600264787,20.0
208,mp-971712,20.856030764168068,20.0
295,mp-24726,47.850870329780854,20.0
769,mp-861,59.726326385051976,20.0
590,mp-1021672,35.081918037035976,20.0
162,mp-1708,24.58788933168789,20.0
1043,mp-22400,22.795075335653216,20.0
107,mp-972021,58.79712941565649,20.0
632,mp-1001019,23.74159838241446,20.0
647,mp-557668,27.322712310180197,20.0
428,mp-615,23.492868389559394,20.0
438,mvc-11152,50.34626709404814,21.0
993,mp-989575,16.31367720717174,21.0
299,mp-571454,28.52875649611559,21.0
985,mp-22957,26.385801243426123,21.0
326,mp-8861,23.39017497898361,21.0
841,mp-1013540,40.78227177972443,21.0
520,mp-570113,19.184421496116663,21.0
739,mp-11693,30.28878721866642,21.0
779,mp-867119,36.800721333059705,21.0
595,mp-33618,15.137684389839801,21.0
1133,mp-557233,23.28217559111173,21.0
628,mp-10669,19.994021618972887,21.0
690,mp-1253,17.472145836585483,21.0
643,mp-1008866,20.87080830737868,21.0
1045,mp-867193,22.090125363006933,21.0
121,mp-27863,40.664788012669966,21.0
805,mp-864630,14.046167131350932,22.0
716,mp-568069,45.217706845874574,22.0
999,mp-9907,28.425056202436593,22.0
206,mp-12855,20.626887002844235,22.0
619,mp-12087,24.15589303087541,22.0
893,mp-12806,20.241213513279373,22.0
614,mp-10187,40.396160982204655,22.0
266,mp-7421,20.249139305777174,22.0
475,mp-999485,54.50478005823022,22.0
133,mp-16886,18.01963331629707,22.0
216,mp-1029309,43.64677380555046,22.0
570,mp-1007690,50.4863809324936,22.0
578,mvc-13470,20.09332770201833,22.0
591,mp-559200,18.67321184059253,22.0
1146,mp-29069,18.72315852784188,22.0
583,mp-1326,64.93276287188071,22.0
926,mp-631479,32.5256452940233,22.0
95,mp-2654,25.532067286607408,22.0
281,mp-30406,25.472637053178364,22.0
1101,mp-19438,43.265175895829145,23.0
271,mp-3650,22.452847582963056,23.0
434,mp-866082,27.16996486067585,23.0
636,mp-28602,18.863621859455908,23.0
213,mp-124,23.10996761247645,23.0
153,mp-1851,35.854498899040536,23.0
101,mp-864952,17.288324762796496,23.0
518,mp-8256,22.192241031263976,23.0
1115,mp-10485,19.306115859267702,23.0
172,mp-2578,33.08967595683925,23.0
506,mp-554107,27.813086517350822,23.0
756,mp-3881,21.04085716473978,23.0
942,mp-2128,26.17135186872695,23.0
992,mp-4770,15.434705902342193,23.0
496,mp-13920,23.670910732086906,23.0
762,mp-10953,29.71095301768705,23.0
696,mp-5549,23.520091826055282,23.0
459,mp-865520,27.60035825945429,23.0
704,mp-1912,28.660895427294502,23.0
664,mp-19962,27.91168479062805,24.0
667,mp-999188,86.71462128339628,24.0
658,mp-23195,30.230046878491308,24.0
28,mp-19717,12.501013194604194,24.0
443,mp-675009,24.934199431370512,24.0
173,mp-557142,24.83921877937657,24.0
646,mp-557993,40.407382453400174,24.0
479,mp-21019,52.96044400473011,24.0
472,mp-19148,32.86428993833922,24.0
135,mp-760376,53.5184120475299,24.0
524,mp-867169,24.052597701402092,24.0
1172,mp-581707,26.277733414643016,24.0
34,mp-553932,31.42762552473905,24.0
429,mp-2000,22.166464304758698,24.0
896,mvc-3525,31.061890138173734,24.0
819,mp-16245,24.349252303701054,24.0
37,mp-5724,37.24333921372461,24.0
23,mp-613,24.53843533433327,24.0
160,mp-1038916,26.891359789504943,25.0
1061,mp-3682,24.18164592774696,25.0
1166,mp-865512,20.971777881157653,25.0
1186,mp-13313,22.743723449984643,25.0
1128,mp-31212,26.759115245899288,25.0
971,mp-989523,22.79333880440109,25.0
285,mp-752426,14.639538799285662,25.0
1141,mp-9566,25.199677420782198,25.0
468,mp-15951,61.52187174255632,25.0
113,mp-971911,54.50478005823022,25.0
223,mp-570091,22.73693287195639,25.0
946,mp-31148,22.429724063809577,25.0
1103,mp-1934,24.395270423352763,25.0
335,mp-1039019,28.82817890896798,26.0
1176,mp-568895,20.945855555310004,26.0
382,mp-1029490,51.311196853883956,26.0
1110,mp-1022732,42.023247488906215,26.0
678,mp-8224,18.782312247452285,26.0
488,mp-696572,91.03531526930307,26.0
641,mp-10204,25.336769731552767,26.0
398,mp-978279,24.135169050802048,26.0
792,mp-380,22.796817138716047,26.0
174,mp-12759,29.01725305105695,26.0
409,mp-1029616,46.37921871470014,26.0
1125,mp-677105,25.409376823932377,26.0
1164,mp-19260,53.726601405798604,26.0
1048,mp-555359,26.964273846573363,27.0
14,mvc-15521,55.835092257746226,27.0
399,mp-9247,27.17018738641601,27.0
405,mp-571,43.54707021683542,27.0
1026,mp-558838,24.559780734951516,27.0
918,mp-571039,31.40557601273,27.0
261,mp-556264,23.318275720563847,27.0
741,mp-30871,68.50198942974322,27.0
509,mp-15659,42.328063266065406,27.0
508,mp-752927,17.431638661804723,27.0
839,mp-10519,23.65206176388908,27.0
1114,mp-676512,27.17198188677587,27.0
810,mp-23056,29.29475783953977,27.0
1179,mp-759541,38.81111507653882,27.0
217,mp-753360,20.78590575365887,27.0
425,mp-29136,31.941058352852373,27.0
463,mp-978276,26.88022615286307,27.0
804,mp-552098,20.69765118206078,27.0
26,mp-558694,17.276116856995195,27.0
680,mp-625487,30.556995048414503,27.0
147,mp-864598,17.950441179627646,27.0
464,mp-753,23.2361969609626,28.0
659,mvc-15861,29.470154334182922,28.0
660,mp-28006,31.625120743262123,28.0
718,mp-11181,30.480015696708737,28.0
445,mp-1416,28.345923805166894,28.0
781,mp-669347,24.18164592774696,28.0
917,mp-30739,35.64905915164905,28.0
768,mp-1029531,31.570482717664863,28.0
903,mp-971914,30.919438938030705,28.0
282,mp-867306,26.0361780738905,28.0
90,mp-675902,23.3001135285394,28.0
197,mvc-13691,80.74797098755326,28.0
140,mp-11313,30.400136730215454,28.0
264,mp-4913,44.66013011893678,28.0
1189,mp-1016197,37.1425259645329,28.0
100,mp-864934,23.076812862352305,29.0
1070,mp-554355,33.393858558972624,29.0
1089,mp-7243,31.11325002533412,29.0
32,mp-569600,30.019409204923424,29.0
512,mp-22414,34.51743560118054,29.0
420,mp-34467,24.3072227608067,29.0
29,mp-554769,30.347030230743247,29.0
1112,mp-556041,22.2174226259098,29.0
186,mp-19163,52.23635067118429,29.0
501,mp-1008860,32.236354485126185,29.0
1025,mp-19365,65.13043509824585,29.0
246,mp-29771,66.919307432589,29.0
728,mp-2516,31.112651125058772,29.0
303,mp-542090,43.17192627531684,29.0
331,mp-1769,28.4569714742526,29.0
1050,mp-900,46.23409120063108,29.0
1041,mp-631316,24.225608997286148,30.0
385,mp-760492,24.714348347480946,30.0
1174,mp-999318,32.65990033410293,30.0
726,mp-1025180,34.94874629733108,30.0
920,mp-571350,28.239217967694305,30.0
1009,mp-146,51.79823987239453,30.0
1019,mp-989586,42.84517077646413,30.0
267,mp-972879,39.215468539021224,30.0
848,mp-983607,35.1563074742393,30.0
1038,mp-5190,28.120545927107443,30.0
968,mp-29088,30.87889437297544,30.0
876,mp-17783,21.44717053937025,30.0
808,mp-10106,25.512386580277592,30.0
874,mp-571263,26.161516458373786,30.0
238,mp-867896,39.83905685129872,30.0
760,mp-1399,32.882422605238894,31.0
649,mp-4541,33.003233869750616,31.0
204,mp-7068,28.11480564370709,31.0
617,mp-603640,36.678628300399744,31.0
1037,mp-22660,34.05783671845078,31.0
1196,mp-997005,46.277781026972114,31.0
1167,mp-496,37.019558723372114,31.0
370,mp-19968,22.958484962338826,31.0
576,mp-34903,39.8991907142128,31.0
846,mp-644389,31.43965014169465,31.0
540,mp-1025219,33.778306196717374,31.0
413,mp-16775,36.30519553573643,31.0
766,mp-29638,23.960020276409512,32.0
574,mp-6972,49.23599850384078,32.0
492,mp-20473,66.26369028809033,32.0
1063,mp-30410,28.551427199079384,32.0
452,mp-2173,34.994097293851105,32.0
275,mp-617,53.58051715039311,32.0
240,mp-981,29.85649278329176,32.0
18,mp-690760,63.55103806008065,32.0
97,mp-775831,58.1977549939875,32.0
251,mp-1334,51.019029035081864,32.0
853,mp-561242,30.71473179197625,32.0
635,mp-866160,34.24962901597117,32.0
1020,mp-999337,55.745409423772486,32.0
376,mp-987,39.29791338526704,32.0
604,mp-1008786,16.68145633769857,32.0
923,mp-11959,31.03401592370643,32.0
771,mp-19832,22.492954130095423,32.0
549,mp-22716,34.56769194580548,32.0
1028,mp-540771,31.194204439575877,33.0
572,mp-11261,28.947947367397585,33.0
252,mp-569788,34.114822177193325,33.0
1029,mp-864601,26.968391866169434,33.0
230,mp-9898,27.88407745726469,33.0
142,mp-1319,48.03892203840389,33.0
580,mp-989504,19.133324975416013,33.0
585,mp-983539,35.416376138005475,33.0
593,mp-16723,37.463540036959316,33.0
270,mp-6094,57.62629707565901,33.0
525,mp-5749,34.555223134485445,33.0
563,mp-6962,28.239217967694305,33.0
573,mp-30244,50.329680191785705,33.0
151,mp-23711,28.36394799974366,33.0
558,mp-560588,32.085252863564946,33.0
1163,mp-1018059,27.242550637844033,33.0
988,mp-989536,18.617814677982714,33.0
404,mp-9839,24.838135792340328,33.0
395,mp-862717,25.813649796517076,33.0
437,mp-550306,33.200354317236446,33.0
1,mp-20708,38.78006276693762,33.0
400,mp-1029357,33.72656100239452,33.0
952,mp-1025248,32.534147731570386,34.0
1118,mp-27840,36.00080476962936,34.0
665,mp-754010,40.109290125741566,34.0
227,mp-370,20.00939760945578,34.0
368,mp-932,54.58734174619998,34.0
406,mp-961657,60.83645958234157,34.0
340,mp-2961,48.660373815207215,34.0
364,mp-754065,49.02415824890229,34.0
40,mp-4370,32.24381398762616,34.0
402,mp-22221,38.98415371862761,34.0
847,mp-867235,31.09668783514847,34.0
981,mp-28895,34.909864209040926,34.0
1139,mp-3917,48.416806735802744,34.0
1054,mp-978986,33.462448742995505,34.0
759,mp-1336,33.99156970341608,34.0
143,mp-997006,30.8748053770688,34.0
1058,mp-2068,30.504548548527822,34.0
129,mp-978523,36.28089518695138,34.0
104,mp-13272,27.082056744631988,34.0
1027,mp-561258,32.085252863564946,34.0
89,mp-21445,34.42129839855417,35.0
290,mp-20440,50.012932883460515,35.0
970,mp-21139,32.40463703174639,35.0
243,mp-1029750,33.616248738641055,35.0
1162,mp-554089,48.36519910159935,35.0
828,mp-6408,30.60085468131092,35.0
606,mp-11229,39.221435353690424,35.0
882,mp-961697,47.24052746001299,35.0
1042,mp-21096,37.642715547564336,35.0
337,mp-5046,37.322406010435316,35.0
1059,mp-10564,41.888573847905825,35.0
235,mp-1024071,60.99050801740234,35.0
834,mp-1029633,48.38092115126562,36.0
744,mvc-15941,46.284708571708094,36.0
531,mp-755144,24.84503773924047,36.0
782,mp-996964,31.44299869449957,36.0
1068,mp-18919,43.029565660561715,36.0
21,mp-758835,25.10397531042217,36.0
124,mp-7940,21.412585280758478,36.0
371,mp-1001786,34.513865924114235,36.0
339,mp-561480,22.737325038856238,36.0
65,mp-12884,37.07891366718093,36.0
783,mp-7422,39.67870506020781,36.0
939,mvc-11115,71.85217367606249,36.0
711,mp-31277,39.90845292986744,36.0
397,mp-19904,52.46858498934159,37.0
1090,mp-1638,31.90076017810289,37.0
381,mp-4990,58.807999409705104,37.0
880,mp-1017540,43.33432245740728,37.0
1148,mp-22936,35.626897148804844,37.0
185,mp-13453,64.61379549054486,37.0
1055,mp-7819,36.29122305185533,37.0
692,mp-570769,29.379228222719718,37.0
79,mp-631754,68.41899280601561,37.0
679,mp-6919,42.41555253649338,37.0
62,mp-10698,42.28334202168338,37.0
928,mp-981375,35.67068795512468,37.0
640,mp-16254,30.612505180493663,37.0
192,mp-556788,48.36519910159935,37.0
52,mp-864946,57.74137722613376,37.0
432,mp-16828,49.530044690518324,37.0
1023,mp-11798,88.87267521521153,38.0
1157,mp-1882,33.477845198485184,38.0
1088,mp-7753,43.81551615012828,38.0
48,mp-30884,32.05546806387507,38.0
175,mp-19183,46.64720801712885,38.0
497,mp-570428,37.23407876080115,38.0
250,mp-35841,32.58232250316045,38.0
858,mp-2781,33.65499876162941,38.0
145,mp-11957,32.46335085179443,38.0
1083,mp-862,40.775938320200474,38.0
907,mp-568436,29.59565509303269,38.0
700,mp-865594,35.94206429914703,38.0
91,mp-2065,48.61186505740846,39.0
111,mp-3698,36.10929605741514,39.0
812,mp-1734,27.431846981691518,39.0
838,mp-1018128,33.07849233467226,39.0
203,mp-997098,37.041652474951526,39.0
867,mp-754403,79.7802993272946,39.0
958,mp-7947,51.56446882503282,39.0
1200,mp-10256,41.722773944125294,39.0
1092,mp-961665,42.07588832484221,39.0
265,mp-12742,43.81551615012828,39.0
974,mp-4428,59.3959309764396,39.0
967,mp-561428,38.59752007303218,40.0
873,mp-1649,88.87267521521153,40.0
817,mp-5473,33.341613074305656,40.0
686,mp-3740,53.564026790766974,40.0
1007,mp-1016851,48.86319729655561,40.0
776,mp-5773,64.26191821873019,40.0
675,mp-2221,37.24752341507891,40.0
672,mp-865432,38.20182616039677,40.0
66,mp-13175,63.461940726211516,40.0
1046,mp-9453,33.160242316071944,40.0
957,mp-30657,57.149885653111006,40.0
93,mp-753594,20.78590575365887,40.0
458,mp-11806,28.993595543085537,40.0
661,mp-1018009,30.893018578712283,40.0
648,mp-7463,39.043891684484244,40.0
1018,mp-864835,69.26324485152867,40.0
123,mp-973983,61.18069631016579,40.0
963,mp-972925,32.99088620475294,40.0
312,mp-1025396,17.20637088861489,41.0
750,mp-11284,29.70562546001013,41.0
532,mp-30365,47.84018799497522,41.0
441,mp-12557,32.163797550738074,41.0
453,mp-331,52.778599573151,41.0
372,mp-10892,64.0811861504801,41.0
1151,mp-21067,34.50813669382857,41.0
827,mp-2404,33.732766645003466,41.0
317,mp-864772,31.37660378359257,41.0
1064,mp-5862,40.49994674828381,41.0
423,mp-23560,49.926027207497214,41.0
1060,mp-1025191,43.252379274589074,41.0
378,mp-3241,33.12665931250881,41.0
440,mp-862363,37.89861761348203,41.0
1191,mp-5787,49.49386387031184,42.0
84,mp-408,21.719815149517242,42.0
627,mp-22463,49.00221543624821,42.0
146,mp-862257,33.795699217230556,42.0
1153,mp-5492,47.69618721242887,42.0
885,mp-15778,33.553351856510005,42.0
262,mp-640266,52.88714669511203,42.0
789,mp-18817,44.013257266484935,42.0
559,mp-972869,37.896139684948785,42.0
597,mp-1869,48.12086942315053,42.0
740,mp-1722,39.1686045662383,42.0
727,mp-1025296,43.49678401179272,42.0
919,mp-6564,57.72915328658458,43.0
64,mp-20987,41.895172301417134,43.0
417,mp-16494,56.310427292272976,43.0
226,mp-19856,40.59694499674382,43.0
732,mp-5419,48.77790207330875,43.0
556,mp-4226,44.060284352434756,43.0
68,mp-8276,36.93499104158651,43.0
346,mp-977128,60.2314223119834,43.0
951,mp-13725,49.4742360470975,43.0
618,mp-976976,44.53995416000864,43.0
668,mp-980200,51.017727260376404,43.0
125,mp-973053,51.0584079074823,44.0
494,mp-2182,25.21698781809916,44.0
41,mp-11800,38.99727119527334,44.0
1199,mp-7938,31.256791672672254,44.0
288,mp-1373,74.34637254402725,44.0
248,mvc-652,43.64477271052,44.0
427,mp-20098,35.71026140143591,44.0
1015,mp-11220,44.08554672084095,44.0
761,mp-2512,40.68025816992159,44.0
778,mp-1025222,38.02386341295037,44.0
922,mp-999257,62.14517907885602,45.0
965,mp-989592,29.15232001433351,45.0
70,mp-570452,46.470961826534825,45.0
950,mp-560530,48.753577850731276,45.0
612,mp-29900,54.29582974176436,45.0
871,mp-977059,44.53995416000864,45.0
780,mp-16493,62.203111722381536,45.0
513,mp-755378,37.78650086393818,45.0
15,mp-14116,42.2845028483486,45.0
1010,mp-21211,61.36491836408921,45.0
527,mp-976838,57.810814121798686,46.0
801,mp-976265,52.166771211093646,46.0
586,mp-1018029,53.15839191780877,46.0
499,mp-1016926,55.821017966435356,46.0
748,mp-1029932,69.97604224860251,46.0
621,mp-2827,68.52962898018153,46.0
829,mvc-11052,69.08013494744219,46.0
99,mp-12802,44.78944521332461,46.0
183,mp-644500,46.136820680692175,46.0
127,mp-756436,58.933548149609315,46.0
1198,mp-754009,48.103437106148526,46.0
321,mp-770107,52.60678996407086,47.0
42,mp-193,36.8711173610937,47.0
105,mp-609151,64.6914991962718,47.0
157,mp-580357,51.54154465278746,47.0
1126,mp-31457,62.258419647313616,47.0
134,mp-971661,54.09275978267993,47.0
1053,mp-21104,61.2437764323107,47.0
721,mp-1019551,36.24778315780489,47.0
45,mp-18759,60.438290429254124,47.0
887,mp-985280,56.24942730822488,47.0
1080,mp-4429,59.3959309764396,47.0
588,mp-2851,50.56941689675625,47.0
910,mp-7443,43.49355635610584,47.0
233,mp-997161,43.37662986731382,47.0
877,mp-1260,37.52688751553717,47.0
401,mp-1014229,41.548388448408325,47.0
638,mp-867133,53.64425401872197,47.0
1102,mp-10527,55.015897547354676,48.0
1076,mp-1029395,67.07830715294314,48.0
795,mp-14069,30.00420842125578,48.0
13,mp-9615,41.57830715528846,48.0
777,mp-8285,66.31052121033431,48.0
601,mp-18775,59.124181746123504,48.0
1039,mp-30599,55.60382305334158,48.0
490,mp-30460,41.17799015107124,48.0
500,mp-7424,57.98026249462259,48.0
1182,mp-862378,42.33380550505705,48.0
1072,mp-24045,43.2292152832752,48.0
163,mp-1025242,53.81636513960316,49.0
669,mp-2294,84.24429598680862,49.0
323,mp-30594,53.636273472687904,49.0
198,mp-15964,58.89514770687493,49.0
444,mp-1046,52.50875433325746,49.0
20,mp-866022,61.57158631561404,49.0
785,mp-865899,51.97390466027074,49.0
25,mp-16304,57.31042148184119,49.0
802,mp-21301,48.84843401321492,49.0
200,mp-504543,55.33038781132266,49.0
551,mp-558852,36.42708765313325,49.0
102,mp-761293,70.46498458990563,49.0
92,mp-770690,46.62887463086663,49.0
411,mp-20465,47.46941951042164,49.0
859,mp-775808,71.61277656812312,49.0
959,mp-972048,46.605535002757385,50.0
232,mp-16523,50.967159198881845,50.0
908,mp-7349,55.25960476120529,50.0
995,mp-4117,58.829907364256,50.0
167,mp-17892,52.13804301489294,50.0
1051,mp-19876,43.85413452993847,50.0
956,mp-1025375,48.944022115040504,50.0
349,mp-10214,56.12965814306036,50.0
63,mp-618309,36.4911009820703,50.0
712,mp-4287,57.8614629168391,50.0
355,mp-1018161,49.371663785805886,50.0
818,mp-13434,47.4630178822533,50.0
304,mp-505804,40.89713946418696,50.0
733,mp-7821,53.49837993983113,51.0
1138,mp-1016833,53.500368536877225,51.0
1161,mp-1476,53.909577049534896,51.0
332,mp-971739,66.7091198929223,51.0
415,mp-866156,61.173181745301704,51.0
319,mp-14763,42.15442927716303,51.0
195,mp-623134,40.376412817692454,51.0
1156,mp-1667,72.1942997875897,51.0
969,mp-690542,57.57070760937456,52.0
735,mp-2677,50.630197064439116,52.0
239,mp-3359,41.89207546535154,52.0
76,mp-754812,103.46175710361122,52.0
88,mp-30886,39.6537198235506,52.0
714,mp-764163,56.79213264217145,52.0
831,mp-1025241,55.897079221477796,52.0
710,mp-1009792,85.19627052660752,52.0
889,mp-7173,47.55648205809796,53.0
927,mp-1025293,40.527520321552075,53.0
50,mp-567832,42.30651052369351,53.0
955,mp-15837,57.042518663292476,53.0
784,mp-10455,47.350410772968075,53.0
1129,mp-861958,65.67848106477852,53.0
796,mp-11449,68.63954809071771,53.0
562,mp-607475,53.446049663280895,53.0
58,mp-28995,55.42830399307295,53.0
12,mp-3597,64.26191821873019,53.0
631,mp-866186,40.735814679270646,54.0
515,mp-642659,73.5812017586298,54.0
900,mp-19870,71.90765061294374,54.0
912,mp-19421,65.77455157866231,54.0
80,mp-29809,43.59158021638802,54.0
477,mp-562,39.29031173848731,54.0
671,mp-981312,29.44338989168811,54.0
872,mp-21260,59.11662111403044,54.0
1178,mp-22700,44.454919224455416,54.0
236,mp-9173,71.85217367606249,54.0
1158,mp-999052,51.77543182895003,54.0
599,mp-8308,48.9262541156665,54.0
22,mp-1029474,36.921786607363366,54.0
330,mp-771199,51.437636873544776,55.0
931,mp-34139,63.53924071779597,55.0
560,mp-11520,44.015807856812856,55.0
57,mp-390,71.85217367606249,55.0
7,mp-864968,59.88906846712181,55.0
273,mp-1013524,36.21571185799687,55.0
609,mp-11808,55.62327668535017,55.0
407,mp-274,65.29710911138608,55.0
516,mp-974337,50.826931900460146,55.0
343,mp-7650,47.88978774435546,55.0
775,mp-4359,47.26010725304656,55.0
455,mp-1013704,19.383618502076253,56.0
1143,mp-5318,56.790546513850295,56.0
542,mp-7263,41.29387785073646,56.0
587,mp-10212,61.44491248634815,56.0
1121,mp-559,38.845718902378756,56.0
941,mp-978534,48.74873006310008,56.0
484,mp-639910,55.500987868774345,56.0
302,mp-28945,73.63865444021215,56.0
797,mp-771986,54.342339735797694,56.0
130,mp-978976,75.6627307859579,57.0
681,mp-1003485,61.05495917914492,57.0
416,mp-865869,70.14397702224629,57.0
268,mp-19906,53.73281417188913,57.0
1140,mp-1017441,54.5973799952875,57.0
359,mp-14398,45.03799547412549,57.0
150,mp-550,67.02703548030591,57.0
626,mp-866037,76.39989823617765,57.0
913,mp-13240,36.978712937825726,58.0
888,mp-28549,56.89531559542046,58.0
56,mp-1016840,46.918085445891684,58.0
731,mp-21017,59.79523110432827,58.0
1192,mp-2682,53.14373826334739,58.0
1155,mp-389,49.20514370601613,58.0
697,mp-16481,45.594854467649654,58.0
305,mp-31460,67.91908460384685,58.0
386,mp-30581,51.147259488159094,58.0
644,mp-34,54.09275978267993,58.0
753,mp-680677,55.406839312203424,58.0
707,mp-976893,49.657746387109,59.0
693,mp-4889,67.64342471527213,59.0
350,mp-1029726,60.88698240475535,59.0
446,mp-22461,61.2809640034214,59.0
1001,mp-7187,65.74990925843674,59.0
655,mp-31383,63.13901846708252,59.0
215,mp-862312,43.87183175935049,59.0
462,mp-8126,54.79905087983066,59.0
598,mp-994,51.159854975944995,59.0
467,mp-19282,59.04152637750593,59.0
507,mp-27175,32.69932156434436,59.0
454,mp-11445,54.701157869279264,59.0
1173,mp-4909,53.90020264533107,59.0
35,mp-10440,78.46057421773372,60.0
212,mp-752463,62.97572138782941,60.0
548,mp-1018721,96.83453541003244,60.0
81,mp-756683,49.992704250998706,60.0
1049,mp-1020019,50.029939797097605,60.0
729,mp-971706,36.13113137483,60.0
231,mp-2643,54.881712827586824,61.0
676,mp-505820,51.80999905470418,61.0
677,mp-865792,80.50108406901087,61.0
844,mp-761716,62.68511268930321,61.0
389,mp-1823,38.319960623849674,61.0
1168,mp-571651,50.850374607630755,61.0
938,mp-867769,54.73498031125781,61.0
791,mp-149,54.09275978267993,61.0
10,mp-12951,46.29027787759756,62.0
108,mp-19728,57.00717206613267,62.0
193,mp-13964,49.71832070550149,62.0
396,mp-1982,55.978551335668286,62.0
1105,mp-866159,58.17027111653078,62.0
745,mp-2652,63.10899901539867,62.0
708,mp-3587,78.92793226366153,62.0
751,mp-999396,68.33838417219675,62.0
279,mp-863727,62.65060361920924,62.0
561,mp-755287,46.681781377015646,62.0
879,mvc-14934,57.189530746080024,62.0
1202,mp-1007961,39.18824982314568,63.0
1097,mp-972069,43.53250268189114,63.0
33,mp-30882,49.39415968680441,63.0
749,mp-17856,53.005560201657346,63.0
694,mp-5427,56.313125485345076,63.0
1120,mp-19817,65.38758264442403,63.0
866,mp-30353,63.57879274693621,63.0
547,mp-12954,45.425437567330114,63.0
408,mp-14827,65.80166589215574,64.0
526,mp-5409,72.58625493528423,64.0
320,mp-10746,42.07313836636761,64.0
177,mp-10908,119.59555103061008,64.0
291,mp-19082,66.0138990800276,64.0
545,mp-20757,68.42399486865354,64.0
543,mp-28797,38.64741971946457,64.0
800,mp-22585,72.39995731892962,64.0
798,mp-1017447,52.57024341020885,64.0
663,mp-24723,72.19469424670248,64.0
300,mp-980193,56.06378422321493,64.0
1169,mp-1009836,105.85685755135401,65.0
860,mp-861935,45.21954061697157,65.0
1130,mp-571163,57.200854658972645,65.0
314,mp-775906,63.10899901539867,65.0
347,mp-865786,68.75986074895475,65.0
169,mp-7079,59.121003202314654,65.0
881,mp-2664,93.5363996978897,65.0
611,mp-865165,58.66067253563625,65.0
495,mp-505572,88.0499085688482,65.0
519,mp-6969,70.31722479755987,66.0
410,mp-568565,71.8255012193723,66.0
4,mp-862334,68.16809477802957,67.0
333,mp-11113,39.937139334905645,67.0
31,mp-19326,71.24628976635036,67.0
16,mp-30684,57.59040869306657,67.0
966,mp-8804,66.02626163752339,67.0
541,mp-2500,51.032677717299634,67.0
1022,mp-1018720,87.79603440442703,67.0
670,mp-755013,55.986550798728885,68.0
255,mp-8786,64.68583005193669,68.0
482,mp-19147,30.01020778738565,68.0
1036,mp-975190,29.626457056032358,68.0
891,mp-21309,43.27097042308494,68.0
473,mp-2271,50.44393660628541,68.0
449,mp-10049,81.22802627442661,68.0
1047,mp-23137,47.91739052553402,69.0
794,mp-998893,41.77256231146232,69.0
114,mp-30047,55.964475405178426,69.0
256,mp-8969,60.78557916256886,69.0
310,mp-1482,79.81883113692628,69.0
205,mp-16528,75.53764483038167,70.0
1181,mp-865146,61.65181188641397,70.0
348,mp-567220,64.88953580729873,70.0
491,mp-864761,95.09545783360151,70.0
651,mvc-11229,69.5206350704449,70.0
338,mp-25053,66.86937041006182,70.0
164,mp-1029338,74.44366274554677,70.0
625,mp-21469,65.59362463716822,70.0
234,mp-5244,57.89209662319038,71.0
116,mp-30481,63.79245635700798,71.0
852,mp-1029424,71.86565713798109,71.0
894,mp-865308,84.18814969080978,71.0
964,mp-755465,40.538887977628214,71.0
978,mp-971682,106.14190274228694,72.0
375,mp-1025270,68.19854022590768,72.0
178,mp-30685,61.93031601968624,72.0
815,mp-971752,66.59898374007379,72.0
869,mp-989609,49.75911580984664,72.0
263,mp-861672,89.58543495139011,72.0
30,mp-19955,63.72733113769042,73.0
855,mp-30851,93.63567786449184,73.0
366,mp-680932,46.70677645797664,73.0
977,mp-867901,68.7556248312381,73.0
936,mp-19308,46.64720801712885,73.0
294,mp-30682,65.00735182090209,73.0
154,mp-984711,64.95928665633828,73.0
737,mp-865187,72.8677477192711,73.0
313,mp-781625,67.887835532991,73.0
110,mp-976923,86.26800129293463,73.0
773,mp-15605,86.73904321371286,73.0
274,mp-21003,56.17337698424433,74.0
752,mp-582028,92.68852009549593,74.0
850,mp-4243,53.79252332632861,74.0
1124,mp-989613,92.62557628233887,74.0
754,mp-7964,78.303701054047,74.0
602,mp-862723,82.92208437400285,75.0
682,mp-756134,47.996616475693465,75.0
51,mp-19035,52.265269974862385,75.0
503,mp-12077,99.33082996844604,75.0
74,mp-1008826,125.71311999684818,76.0
592,mp-18848,68.74416109308632,76.0
450,mp-11460,70.92627289532777,76.0
533,mp-865928,81.15137856062681,76.0
292,mp-17481,77.25397840020277,76.0
1002,mp-20679,79.56360936059733,76.0
418,mp-1017515,71.32971040029209,76.0
229,mp-5933,66.56694519438574,76.0
306,mp-755594,43.46001810221043,76.0
909,mp-10692,78.38804401916705,76.0
161,mp-31081,84.38516199410789,76.0
214,mp-21035,66.89509067684664,76.0
571,mp-1157,91.92226705924514,76.0
764,mp-21851,103.05016344702524,77.0
566,mp-815,59.50678904621665,77.0
258,mp-770635,48.06397328951304,77.0
461,mp-984356,50.79013140265668,77.0
457,mp-755089,79.7802993272946,77.0
72,mp-20840,64.45859037729916,78.0
391,mp-1848,51.76563075687031,78.0
184,mp-867928,71.16294044168316,78.0
1149,mp-12666,84.41444851977322,78.0
141,mp-977572,78.96199572267017,78.0
120,mp-754455,75.40942307606872,79.0
809,mp-15819,79.50971750229955,79.0
465,mp-1029404,62.823471495413244,79.0
6,mp-1014993,81.98588012375382,79.0
242,mp-995434,102.4609933757043,79.0
1136,mp-567981,74.7052453839371,79.0
253,mp-715572,62.74097617406146,79.0
171,mp-8896,67.2017561198506,79.0
471,mp-1555,58.34888156733275,79.0
994,mp-999516,96.86403640451252,80.0
476,mp-865160,83.45409690169937,80.0
997,mp-1004526,69.96363182537414,80.0
1078,mp-18937,78.5349950296362,80.0
179,mp-1029258,43.744887760210055,80.0
1012,mp-755759,79.7802993272946,80.0
156,mp-864909,99.4556687949137,80.0
1052,mp-19384,57.375220607897866,81.0
596,mp-9437,69.27427331477513,81.0
868,mp-31055,62.8303258839175,81.0
1171,mp-755313,75.40942307606872,81.0
845,mp-1439,71.85217367606249,81.0
286,mp-1029330,67.80174093219189,82.0
788,mp-4230,69.75858444281319,82.0
67,mp-18732,63.594505201945076,82.0
637,mp-862715,68.89877100864608,82.0
1184,mp-983590,133.85278950359344,82.0
698,mp-568711,78.976192502643,82.0
504,mp-15607,94.4244780147365,82.0
75,mp-1018124,66.6561632392702,82.0
451,mp-867780,81.68200145936132,83.0
836,mp-861961,66.72123650040086,83.0
1150,mp-21235,75.23862743242104,83.0
943,mp-1017591,64.26191821873019,83.0
1098,mp-2614,75.90866484981922,83.0
934,mp-755066,103.46175710361122,83.0
949,mp-13801,48.26059750566309,83.0
365,mp-10245,77.88853821232458,83.0
719,mp-540912,81.933063242973,84.0
39,mp-546200,27.22566034386493,84.0
878,mp-21255,74.031932488787,84.0
826,mp-865155,79.4111248960741,85.0
38,mp-998971,103.82659160276948,85.0
875,mp-19442,66.50417824081002,85.0
119,mp-2589,69.42003713659591,85.0
383,mp-3701,88.03606868656874,85.0
106,mp-8577,72.30760323886156,85.0
1086,mp-972087,53.49226860311272,86.0
334,mvc-13158,73.68270664942546,86.0
284,mp-758594,78.83138696146871,86.0
207,mp-1007656,76.56173624093405,86.0
897,mp-19940,72.5180794220607,86.0
605,mp-866155,106.14831232995249,86.0
1065,mp-571428,82.82193408391393,86.0
46,mp-9953,87.5289617882287,86.0
600,mp-571053,80.26686852002324,86.0
435,mp-9270,76.93591860487544,87.0
911,mp-20401,78.83792033462565,87.0
1203,mp-675,83.46628923036394,87.0
742,mp-1018639,40.91332830880372,87.0
736,mp-570557,110.62180570936,88.0
309,mp-32777,84.2779115461498,88.0
259,mp-867744,75.98378642000083,88.0
296,mp-22508,59.331080232495935,88.0
1117,mp-540791,84.18263471293072,88.0
191,mp-569247,103.7529212863738,88.0
723,mp-21476,92.75970652085392,89.0
247,mp-248,92.75970652085392,89.0
354,mp-867821,81.53388246588294,89.0
1099,mp-10030,85.19627052660752,89.0
357,mp-30836,75.71061597368748,89.0
536,mp-864945,99.80224626172534,89.0
1107,mp-977443,97.82677789487587,89.0
278,mp-5407,93.19396354537828,90.0
54,mp-675734,107.21761412912993,90.0
610,mp-864949,75.82639868894461,90.0
787,mp-5436,96.45986265227086,90.0
603,mp-3886,99.7379869596519,90.0
1062,mp-972337,102.16617699493521,90.0
430,mp-1095534,425.89782964264015,91.0
849,mp-9198,89.78075437928692,91.0
854,mp-1017553,66.47340886567211,91.0
975,mp-22191,85.14707132187213,91.0
318,mp-983358,92.64772975504437,91.0
1066,mp-3871,85.32418981692702,92.0
436,mp-11322,89.82045507151302,92.0
510,mp-641526,93.46957175972179,92.0
392,mp-9939,76.18245518661584,93.0
325,mp-977408,60.65249279387658,93.0
352,mp-673635,92.32585754767736,93.0
1135,mp-606949,425.89782964264015,93.0
843,mp-2199,98.47956520314396,93.0
757,mp-775331,69.72605312677582,93.0
367,mp-977407,89.66757973880777,93.0
86,mp-865914,106.42592354733064,94.0
929,mp-864957,79.55210504327374,94.0
73,mp-976943,54.62541871857577,94.0
138,mp-1018081,90.02834107198063,94.0
1195,mp-1018024,72.54009569162112,95.0
666,mp-2658,96.4626318659595,95.0
341,mp-7632,79.70682638436556,95.0
85,mp-977573,51.605764709137965,95.0
280,mp-2243,81.81143237237869,96.0
1147,mp-15649,95.86159184506792,96.0
883,mp-975425,68.40977181188128,96.0
528,mp-48,425.89782964264015,96.0
109,mp-1936,89.82297904908373,97.0
1067,mp-571247,95.58330219199324,97.0
1091,mp-1017467,66.49505064819525,97.0
555,mp-11393,80.25572721919413,97.0
622,mp-8102,121.33186517946919,97.0
308,mp-6008,58.76251318961022,97.0
948,mp-865569,85.53215855800235,97.0
1152,mp-16495,89.79112406208748,97.0
209,mp-22619,71.74744849777704,98.0
269,mp-10884,84.23389437914108,98.0
1111,mp-20932,81.47560281949055,98.0
842,mp-3340,102.87041235470193,98.0
131,mp-7092,90.40420971856626,99.0
579,mp-864970,112.30896074185976,99.0
94,mp-865585,105.35836825872582,100.0
222,mp-11276,104.82323982527828,100.0
327,mp-755253,73.28973957452517,100.0
1011,mp-7544,101.52679841489271,100.0
122,mp-636320,75.62240003180165,100.0
1104,mp-867837,109.13691136141694,101.0
1073,mp-4019,78.06403040884263,101.0
1109,mp-980749,107.34264764999928,101.0
722,mp-3271,98.26860458903393,101.0
565,mp-753459,63.61604701131621,101.0
982,mp-1018028,75.20690837425519,101.0
388,mp-19443,84.2779115461498,101.0
5,mp-4651,80.93361357950558,102.0
9,mp-15657,103.4243922883817,102.0
851,mp-972442,62.983644282463814,103.0
237,mp-10739,112.38795979603366,103.0
421,mp-4653,76.74540074715938,103.0
1194,mp-1716,66.13015926637456,104.0
898,mp-1012640,98.11964361612014,104.0
822,mp-3623,86.87614216179104,104.0
807,mp-3582,134.34830259578274,104.0
687,mp-493,115.1740579717548,104.0
892,mp-31187,97.87306933171342,105.0
1096,mp-804,110.93932307656686,105.0
630,mp-1010071,97.93438693744429,105.0
1113,mp-776532,96.83453541003244,106.0
289,mp-685097,96.83453541003244,106.0
466,mp-9761,70.59095910099536,106.0
550,mp-866062,108.61023295476042,106.0
1204,mp-1018718,118.62965354485279,107.0
514,mp-865921,96.35502581177285,107.0
594,mp-20249,94.71417864374511,107.0
422,mp-864895,104.4174898728501,107.0
1013,mp-861507,96.3018540326493,107.0
865,mp-972323,104.04987190588528,108.0
1165,mp-12537,97.14014338307959,108.0
984,mp-19299,81.14695700457943,109.0
196,mp-866219,80.6855916159503,109.0
930,mp-37614,73.11462152593325,109.0
1024,mp-1025550,99.25885015272219,109.0
811,mp-29026,107.03416456077952,110.0
3,mp-38843,76.7911194156506,110.0
691,mp-20147,100.26360601990541,111.0
276,mp-8996,117.76465853452171,111.0
1021,mp-867270,95.76005915258621,111.0
940,mp-1114,94.38250807687928,112.0
152,mp-15805,69.36750481487005,113.0
861,mp-12107,100.20824988793954,113.0
487,mp-982725,106.8076763893771,113.0
991,mp-18468,118.30736168276407,114.0
1193,mp-10300,112.50865999280151,114.0
987,mp-976082,97.02112370902823,114.0
1035,mp-867326,105.32254490067714,115.0
502,mp-867293,70.70002748668918,115.0
219,mp-3464,114.37707850137824,116.0
297,mp-1885,111.19469858484837,116.0
1057,mp-865840,101.75181470294218,116.0
221,mp-8973,69.25003505803492,116.0
960,mp-20197,109.19804655055569,116.0
709,mp-8282,100.69199673108363,117.0
790,mp-561511,56.36898159669568,117.0
356,mp-569989,109.0876220682443,117.0
55,mp-996940,106.43007365518947,117.0
1116,mp-975138,81.67399652145819,117.0
460,mp-2420,124.97953027196644,117.0
813,mp-862798,106.99529470155012,118.0
225,mp-1841,116.2070748965533,119.0
720,mp-866114,112.72984540136171,119.0
287,mp-19413,69.30593758887079,120.0
132,mp-21248,108.43019075830573,121.0
584,mp-530399,75.08027806131544,121.0
607,mp-20180,106.0587146327848,121.0
419,mp-259,111.31346462342093,121.0
895,mp-866154,107.10659588729037,121.0
1079,mp-5853,87.88207139885971,121.0
684,mp-530274,125.01598295172138,122.0
902,mp-1025441,135.22926737464405,122.0
582,mp-470,51.380979267394096,123.0
447,mp-9923,102.02784413384536,124.0
914,mp-867280,99.50283842880705,125.0
1160,mp-21316,112.79403511319003,125.0
1004,mp-190,70.59095910099536,126.0
944,mp-567747,116.97222921425627,126.0
1094,mp-866375,78.53085225732654,127.0
639,mp-11517,116.99056842332756,128.0
69,mp-3805,137.2078021600811,129.0
199,mp-90,110.84474778433464,129.0
442,mp-627439,82.30390606092433,129.0
915,mp-865278,130.00179309870538,130.0
470,mp-974416,157.2669421998371,130.0
537,mp-1025192,134.02866781712086,130.0
925,mp-2662,96.86403640451252,130.0
1095,mp-12875,95.51503552538358,130.0
439,mp-865901,102.6953221662173,130.0
996,mp-22351,141.18744772693728,131.0
564,mp-980203,135.5448248286042,131.0
351,mp-3732,88.54256153929869,134.0
613,mp-568121,113.63981542531029,134.0
307,mp-10373,83.98141511050763,135.0
840,mp-10201,99.22908247650268,135.0
149,mp-865022,154.11462332187045,136.0
884,mp-5778,99.2507743291412,137.0
61,mp-982070,117.43427004373821,137.0
544,mp-10144,219.64230468414303,141.0
481,mp-11192,135.37744422221226,142.0
241,mp-15226,116.212501517259,142.0
755,mp-567842,139.6935559037665,143.0
724,mp-15660,137.16418881069202,144.0
144,mp-91,142.55506441026216,147.0
403,mp-11190,133.72910939655756,147.0
387,mvc-15387,127.34030359052223,147.0
816,mp-8938,136.53411292331091,149.0
17,mp-27693,152.3103466978309,151.0
947,mp-20857,130.79327344018236,152.0
706,mp-1113,172.6593407429608,152.0
1033,mp-960,218.7390364800966,153.0
608,mp-20027,106.17873848657796,154.0
77,mp-570784,136.08103741962236,156.0
1190,mp-2828,90.80087292415837,156.0
662,mp-576,171.65910054965642,159.0
657,mp-862655,153.1962912641744,162.0
1077,mp-9587,132.14362984429013,163.0
71,mp-570155,87.32238454984392,166.0
328,mp-975065,182.63811442644538,167.0
863,mp-20689,162.87484112434217,168.0
277,mp-999307,134.58294577494166,171.0
1074,mp-8937,140.7237534031747,172.0
557,mp-161,199.34849606268574,173.0
962,mp-11481,157.5238672424274,174.0
211,mp-2592,136.53411292331091,177.0
166,mp-1008557,158.92854751535182,177.0
159,mp-21347,144.7941935499935,178.0
36,mp-570604,145.80829625460288,179.0
821,mp-862620,184.2338034385936,180.0
973,mp-637575,177.67581935264366,182.0
629,mp-2728,110.67890395189379,183.0
1183,mp-867356,172.47441340759514,184.0
933,mp-1008487,197.90436492794288,186.0
0,mp-568696,185.93435096088425,187.0
1030,mp-7631,185.93435096088425,187.0
825,mp-19789,185.7564357399493,187.0
117,mp-676416,148.14993956893238,189.0
1154,mp-1008526,227.8749206707161,193.0
254,mp-450,204.51779009639245,195.0
1131,mp-2580,188.11762719194203,197.0
823,mp-1890,188.73044901504903,200.0
182,mp-39105,87.96625192787252,201.0
904,mp-1339,166.06594961380776,204.0
245,mp-1097,184.05905478717648,213.0
835,mp-101,194.9757283839611,217.0
49,mp-21264,125.71311999684818,223.0
426,mp-9973,202.89047612519354,232.0
569,mp-1459,145.80829625460288,238.0
505,mp-867212,193.93018552090481,243.0
774,mp-27710,193.0833158836232,258.0
