mp-10,43
mp-1000,16
mp-10010,96
mp-1001602,115
mp-1001784,39
mp-10074,12
mp-1007823,176
mp-1007923,105
mp-1008680,50
mp-1008925,70
mp-1009079,24
mp-1009087,56
mp-1009458,79
mp-1009548,46
mp-1009894,38
mp-1013529,28
mp-1013564,17
mp-1013587,43
mp-1013702,12
mp-1013703,12
mp-1016108,55
mp-1016833,51
mp-1016837,52
mp-1016845,43
mp-1016881,68
mp-1016904,68
mp-1017533,85
mp-1017540,37
mp-1017985,35
mp-1018050,244
mp-1018059,33
mp-1018067,88
mp-1018639,87
mp-1018949,10
mp-1019,47
mp-1019086,93
mp-1019277,23
mp-1019740,229
mp-1020622,84
mp-1024039,73
mp-1025205,71
mp-1025296,42
mp-1025348,44
mp-1025356,69
mp-1025370,61
mp-1025375,50
mp-10266,105
mp-1029262,61
mp-1029330,82
mp-1029334,64
mp-1029520,48
mp-1029531,28
mp-1029532,48
mp-1029750,35
mp-1039119,16
mp-10435,40
mp-10437,21
mp-10474,10
mp-1055,26
mp-10601,64
mp-10694,41
mp-10886,45
mp-10887,52
mp-109,58
mp-11025,42
mp-11073,56
mp-11273,126
mp-11278,117
mp-11304,43
mp-11441,64
mp-11445,59
mp-1145,253
mp-11499,23
mp-11512,55
mp-11547,29
mp-11690,129
mp-11695,7
mp-11798,38
mp-11816,24
mp-11820,5
mp-11882,14
mp-12015,18
mp-12137,36
mp-1224,10
mp-12283,10
mp-1249,52
mp-12520,32
mp-1281,123
mp-12990,112
mp-13109,93
mp-1315,52
mp-13203,55
mp-13272,34
mp-1334,32
mp-13512,36
mp-13548,5
mp-1407,47
mp-14091,18
mp-14168,11
mp-1444,16
mp-1451,77
mp-14600,43
mp-1500,25
mp-1543,52
mp-15637,24
mp-15686,37
mp-1585,110
mp-1590,144
mp-15965,88
mp-1620,189
mp-16266,42
mp-16523,50
mp-16565,21
mp-16733,51
mp-16740,59
mp-16764,16
mp-1722,42
mp-17413,71
mp-17701,38
mp-18093,82
mp-18105,6
mp-1867,81
mp-18695,77
mp-1871,101
mp-18927,61
mp-19009,69
mp-19069,37
mp-19083,18
mp-19102,63
mp-19252,15
mp-19276,23
mp-1935,13
mp-19359,72
mp-19405,29
mp-19722,24
mp-19870,54
mp-19896,19
mp-20,84
mp-20098,44
mp-20131,55
mp-20155,55
mp-20456,39
mp-20466,58
mp-20479,27
mp-20481,28
mp-20566,8
mp-20679,76
mp-20695,51
mp-20724,20
mp-20897,47
mp-20944,44
mp-21067,41
mp-21167,42
mp-21297,46
mp-21301,49
mp-21855,21
mp-2187,45
mp-219,134
mp-22060,16
mp-2225,146
mp-22284,25
mp-22289,84
mp-22320,88
mp-22346,39
mp-22441,68
mp-22568,38
mp-22648,25
mp-22722,81
mp-22739,28
mp-22759,193
mp-22978,11
mp-23053,4
mp-23060,4
mp-2319,157
mp-2352,30
mp-2363,68
mp-23737,31
mp-23860,28
mp-23870,19
mp-23922,10
mp-24066,18
mp-24390,38
mp-24723,64
mp-25417,83
mp-2560,49
mp-2624,30
mp-2664,65
mp-27253,38
mp-27693,151
mp-27827,5
mp-27830,3
mp-27835,3
mp-2784,15
mp-27850,20
mp-2794,90
mp-28145,6
mp-2874,61
mp-28797,64
mp-29069,22
mp-29157,80
mp-29356,77
mp-29455,72
mp-29463,66
mp-29618,103
mp-2979,95
mp-29898,7
mp-30066,28
mp-30208,49
mp-30356,17
mp-30363,17
mp-30405,24
mp-30409,48
mp-30449,25
mp-30501,33
mp-30726,19
mp-30745,193
mp-30746,50
mp-30817,47
mp-30834,17
mp-30840,44
mp-30842,79
mp-3104,40
mp-31187,105
mp-31337,31
mp-31348,38
mp-31452,38
mp-31458,32
mp-31459,61
mp-3416,28
mp-34240,22
mp-34418,3
mp-34903,31
mp-3553,16
mp-35869,149
mp-365,113
mp-370,34
mp-37473,71
mp-3771,84
mp-37879,29
mp-38843,110
mp-3955,34
mp-40143,14
mp-417,81
mp-4170,97
mp-4343,31
mp-4448,63
mp-4475,21
mp-46,47
mp-4627,104
mp-468,62
mp-4691,13
mp-4784,68
mp-4953,27
mp-4962,75
mp-504543,49
mp-505820,61
mp-5077,23
mp-510623,81
mp-5186,37
mp-5372,7
mp-540,65
mp-540957,4
mp-545820,21
mp-5479,29
mp-550893,115
mp-551830,102
mp-552185,9
mp-553243,35
mp-553896,13
mp-554352,24
mp-554769,29
mp-555064,23
mp-556536,16
mp-558694,27
mp-559051,46
mp-559998,83
mp-560588,33
mp-561242,32
mp-561258,34
mp-561480,36
mp-5670,65
mp-567278,99
mp-567347,50
mp-567601,23
mp-567842,143
mp-567889,83
mp-568328,118
mp-568333,5
mp-568556,197
mp-568711,82
mp-568747,18
mp-568914,4
mp-568936,12
mp-568940,85
mp-568986,3
mp-569346,15
mp-569360,4
mp-569408,29
mp-569581,9
mp-569834,43
mp-5699,19
mp-570122,16
mp-570199,44
mp-570436,59
mp-570538,14
mp-570632,30
mp-570690,187
mp-570713,49
mp-571102,5
mp-571124,8
mp-5723,71
mp-5748,49
mp-5971,51
mp-600561,47
mp-601820,96
mp-6073,85
mp-613327,175
mp-616440,522
mp-616559,85
mp-626689,27
mp-631,176
mp-631362,25
mp-631411,53
mp-638,30
mp-6459,44
mp-672287,28
mp-673624,44
mp-673635,93
mp-675,87
mp-675172,121
mp-690536,71
mp-6908,28
mp-6953,49
mp-696,70
mp-6962,33
mp-697068,51
mp-7067,29
mp-7173,53
mp-72,61
mp-7204,32
mp-729,154
mp-7374,22
mp-741,94
mp-7424,48
mp-7429,19
mp-7432,19
mp-7474,25
mp-752953,71
mp-753315,100
mp-753746,4
mp-753798,16
mp-7542,33
mp-754483,17
mp-754759,62
mp-754850,31
mp-755552,40
mp-756018,40
mp-757100,18
mp-758052,15
mp-7582,14
mp-761285,51
mp-762268,54
mp-7639,20
mp-764949,35
mp-766,105
mp-766486,20
mp-769365,22
mp-770107,47
mp-7785,22
mp-7787,57
mp-784630,97
mp-7878,28
mp-7918,82
mp-7979,9
mp-8039,77
mp-8175,27
mp-8187,11
mp-8207,65
mp-8208,72
mp-8219,61
mp-823,61
mp-8236,31
mp-828,103
mp-8285,48
mp-8335,56
mp-8418,115
mp-85,5
mp-8511,3
mp-8606,22
mp-861738,26
mp-861900,20
mp-861910,34
mp-861951,64
mp-862257,42
mp-862288,64
mp-862297,64
mp-862324,44
mp-862372,59
mp-862375,28
mp-862379,43
mp-862561,102
mp-862565,19
mp-862622,119
mp-862672,29
mp-862911,94
mp-8639,186
mp-864670,97
mp-864932,32
mp-864940,59
mp-864945,89
mp-864983,94
mp-865030,80
mp-865038,99
mp-865155,85
mp-865234,84
mp-865588,37
mp-865604,8
mp-865730,26
mp-865810,128
mp-865866,17
mp-865868,46
mp-865914,94
mp-865964,25
mp-866141,146
mp-866155,86
mp-866156,51
mp-866161,127
mp-866165,48
mp-866183,62
mp-866187,49
mp-867109,35
mp-867874,86
mp-8754,16
mp-8790,39
mp-8922,49
mp-90,129
mp-9177,65
mp-9244,134
mp-9258,206
mp-9318,18
mp-932,34
mp-945,91
mp-9514,91
mp-9566,25
mp-9574,24
mp-9615,48
mp-961696,75
mp-961706,68
mp-961709,8
mp-9711,98
mp-971703,43
mp-971837,18
mp-971951,15
mp-972827,75
mp-972899,43
mp-974883,2
mp-975206,102
mp-975255,60
mp-975359,26
mp-975439,52
mp-976010,8
mp-976600,32
mp-976772,24
mp-977112,13
mp-977123,60
mp-977128,43
mp-977182,20
mp-977363,113
mp-977401,105
mp-977563,98
mp-978271,27
mp-978277,18
mp-978546,41
mp-978862,61
mp-979267,98
mp-9812,49
mp-982637,5
mp-982873,20
mp-984717,78
mp-989541,18
mp-989553,25
mp-989590,47
mp-989613,74
mp-989644,8
mp-9918,22
mp-9919,26
mp-996965,19
mp-997054,20
mp-997082,21
mp-998418,33
mp-999337,32
mp-999503,57
mp-999542,85
mp-999550,48
mp-999558,89
mvc-11052,46
mvc-11229,70
mvc-11780,33
mvc-13158,86
mvc-15272,37
mp-1001011,70
mp-10020,71
mp-10052,65
mp-1007656,86
mp-1007778,110
mp-1007881,151
mp-1008224,91
mp-1008483,17
mp-1008506,37
mp-1008530,85
mp-1008876,16
mp-1008922,64
mp-1009770,44
mp-1009819,31
mp-1009848,45
mp-1013588,18
mp-1013712,10
mp-1013911,18
mp-1014229,47
mp-1014230,56
mp-1016902,50
mp-1018032,53
mp-1018079,21
mp-1018085,57
mp-1018124,82
mp-1018166,127
mp-1019319,137
mp-1019380,150
mp-1021503,137
mp-1025067,99
mp-1025176,34
mp-1025192,130
mp-1025220,55
mp-1025265,16
mp-1025282,31
mp-1025304,69
mp-1025313,27
mp-1025557,111
mp-1028,33
mp-10284,86
mp-10289,95
mp-1029404,79
mp-1029407,36
mp-1029522,64
mp-1029605,21
mp-1029737,44
mp-1029739,69
mp-1032,178
mp-1038724,6
mp-10390,71
mp-10440,60
mp-10497,15
mp-10615,24
mp-1105,35
mp-11147,18
mp-112,26
mp-11220,44
mp-11266,8
mp-11279,75
mp-11328,132
mp-1135,84
mp-11387,71
mp-11412,47
mp-11508,98
mp-1152,129
mp-11541,99
mp-1156,30
mp-11566,40
mp-11697,73
mp-11765,46
mp-1180,92
mp-11809,81
mp-11834,38
mp-1201,13
mp-1203,106
mp-1229,21
mp-12537,108
mp-12558,37
mp-12631,60
mp-12657,88
mp-1272,96
mp-12777,46
mp-12802,46
mp-12951,62
mp-13090,44
mp-13164,62
mp-13495,33
mp-13572,72
mp-13798,29
mp-13962,56
mp-14088,8
mp-1437,15
mp-14398,57
mp-1474,137
mp-1513,64
mp-1534,44
mp-1559,77
mp-15617,196
mp-15701,99
mp-15788,30
mp-15800,63
mp-15837,53
mp-16305,103
mp-16321,46
mp-16483,45
mp-16488,74
mp-16765,18
mp-1677,150
mp-1705,75
mp-1718,72
mp-1746,56
mp-17481,76
mp-1775,20
mp-182,32
mp-18316,28
mp-1851,23
mp-18707,28
mp-18762,19
mp-18773,86
mp-18793,83
mp-18912,20
mp-18949,51
mp-19120,41
mp-19141,17
mp-1918,79
mp-1938,145
mp-1963,79
mp-19746,26
mp-19809,86
mp-19833,16
mp-19871,37
mp-19917,29
mp-19928,47
mp-20061,33
mp-20083,60
mp-20144,114
mp-20197,116
mp-20265,27
mp-2031,125
mp-20533,27
mp-20539,21
mp-20565,61
mp-2059,88
mp-20619,57
mp-20741,125
mp-2075,249
mp-20840,78
mp-20847,49
mp-20857,152
mp-21092,22
mp-21104,47
mp-21117,77
mp-2114,121
mp-21249,54
mp-2125,17
mp-21286,62
mp-21294,26
mp-21359,51
mp-21765,26
mp-21873,54
mp-22150,53
mp-22216,19
mp-2222,25
mp-22240,79
mp-22418,32
mp-22463,42
mp-22508,88
mp-2251,34
mp-22522,84
mp-2254,103
mp-22673,34
mp-22793,98
mp-22936,37
mp-22950,7
mp-22957,21
mp-22977,5
mp-23034,13
mp-23141,35
mp-23143,23
mp-23159,13
mp-23195,24
mp-23237,31
mp-23251,7
mp-23339,16
mp-23485,5
mp-2360,33
mp-2369,36
mp-23703,43
mp-23711,33
mp-23797,11
mp-2395,52
mp-2426,15
mp-2444,63
mp-2490,52
mp-2507,10
mp-2542,156
mp-2619,54
mp-2675,61
mp-2700,47
mp-2701,189
mp-2726,30
mp-27319,79
mp-27360,66
mp-27505,57
mp-27707,5
mp-279,65
mp-2797,42
mp-2807,63
mp-28254,109
mp-2827,46
mp-2828,156
mp-28395,190
mp-2851,47
mp-28711,11
mp-28843,8
mp-29011,26
mp-29136,27
mp-29398,4
mp-29900,45
mp-30147,71
mp-30175,36
mp-30177,78
mp-30337,98
mp-30493,57
mp-30566,17
mp-30571,7
mp-30655,62
mp-30719,16
mp-30766,23
mp-30785,50
mp-31349,10
mp-3138,9
mp-3163,90
mp-3207,36
mp-321,30
mp-33137,111
mp-3522,37
mp-3574,45
mp-36086,91
mp-3748,80
mp-37906,84
mp-380,26
mp-3803,146
mp-3805,129
mp-3813,28
mp-3887,88
mp-3896,63
mp-3917,34
mp-3938,86
mp-4019,101
mp-404,23
mp-415,206
mp-4182,26
mp-4230,82
mp-4280,59
mp-4355,75
mp-4387,88
mp-4452,21
mp-4471,116
mp-4584,11
mp-4728,26
mp-475,59
mp-4820,96
mp-488,15
mp-4964,47
mp-4990,37
mp-4998,47
mp-504,25
mp-5046,35
mp-504691,39
mp-504729,6
mp-505780,84
mp-505782,10
mp-5076,87
mp-51,5
mp-510436,35
mp-5126,32
mp-5222,39
mp-531611,174
mp-540791,88
mp-541289,30
mp-541754,25
mp-5419,43
mp-545512,35
mp-545974,39
mp-553946,95
mp-5541,60
mp-555370,70
mp-557257,34
mp-557259,3
mp-557373,9
mp-5589,46
mp-559435,47
mp-560767,26
mp-5637,49
mp-567191,38
mp-567244,11
mp-567769,41
mp-568505,77
mp-568565,66
mp-568735,187
mp-569152,4
mp-569249,68
mp-569446,37
mp-569671,58
mp-569683,16
mp-570677,18
mp-570689,27
mp-570691,40
mp-570751,85
mp-570791,187
mp-570891,7
mp-571428,86
mp-571513,4
mp-5733,47
mp-5778,137
mp-581733,48
mp-603,84
mp-613162,6
mp-618991,29
mp-625136,8
mp-631335,38
mp-631388,23
mp-631473,22
mp-637179,13
mp-640024,55
mp-6408,35
mp-641923,4
mp-642750,72
mp-643243,5
mp-643989,9
mp-644497,12
mp-661,122
mp-670,111
mp-675045,14
mp-677072,10
mp-680671,32
mp-684969,39
mp-685941,19
mp-690794,35
mp-6919,37
mp-696166,7
mp-697044,20
mp-7017,91
mp-7041,14
mp-715482,38
mp-7228,151
mp-7343,19
mp-7366,24
mp-7377,20
mp-7438,17
mp-753490,70
mp-753506,36
mp-753669,72
mp-753802,48
mp-753826,31
mp-754084,11
mp-7544,100
mp-754531,58
mp-755018,56
mp-755959,19
mp-7589,72
mp-760396,116
mp-761872,14
mp-7643,9
mp-770649,64
mp-773864,47
mp-774411,79
mp-7753,38
mp-776150,47
mp-776490,144
mp-78,34
mp-7819,37
mp-7823,43
mp-7845,18
mp-7880,43
mp-7910,16
mp-795,34
mp-7964,74
mp-8044,149
mp-8126,59
mp-8132,14
mp-815,77
mp-8221,84
mp-827,11
mp-8399,40
mp-8409,50
mp-841,50
mp-842,59
mp-850878,54
mp-8566,26
mp-861610,146
mp-861961,83
mp-862334,67
mp-862620,180
mp-862684,54
mp-862700,140
mp-8628,27
mp-862871,8
mp-864607,34
mp-864770,129
mp-864920,32
mp-864938,13
mp-864952,23
mp-864954,183
mp-864980,127
mp-865001,93
mp-865003,112
mp-865011,99
mp-865023,92
mp-865026,128
mp-865191,99
mp-865212,177
mp-865235,91
mp-865469,80
mp-865482,90
mp-865641,41
mp-865655,96
mp-865664,146
mp-865867,50
mp-865869,57
mp-866132,19
mp-866134,90
mp-866224,65
mp-866279,18
mp-867210,9
mp-867243,46
mp-867306,28
mp-867350,19
mp-867357,150
mp-867775,87
mp-867805,16
mp-8756,17
mp-8864,97
mp-9061,21
mp-9172,43
mp-92,67
mp-9200,12
mp-9223,84
mp-9264,5
mp-9383,116
mp-950,45
mp-9567,24
mp-9586,30
mp-961678,55
mp-962071,38
mp-966800,31
mp-971911,25
mp-972087,86
mp-972987,47
mp-973004,48
mp-973181,61
mp-973343,18
mp-973534,154
mp-973622,5
mp-973983,40
mp-974061,116
mp-974335,155
mp-974417,44
mp-974832,5
mp-974949,5
mp-976023,14
mp-976334,18
mp-976893,59
mp-977117,79
mp-977443,89
mp-977462,25
mp-978267,28
mp-978268,14
mp-978275,183
mp-978290,29
mp-978304,40
mp-978496,100
mp-979423,37
mp-980203,131
mp-981749,34
mp-982885,15
mp-984240,23
mp-984699,5
mp-985439,32
mp-989513,48
mp-989523,25
mp-989550,8
mp-989573,12
mp-989579,10
mp-989695,48
mp-990084,8
mp-9951,82
mp-996980,17
mp-997108,9
mp-998196,13
mp-9983,44
mp-998913,5
mp-999473,56
mp-999576,115
mvc-11686,34
mvc-11730,108
mvc-15521,27
mvc-15848,40
mvc-15861,28
mp-1001826,22
mp-1002188,179
mp-1002572,69
mp-1003637,72
mp-10037,116
mp-1006226,16
mp-1007693,117
mp-1007776,20
mp-1008873,34
mp-1008874,67
mp-1009592,66
mp-1013553,37
mp-1013558,27
mp-1016873,90
mp-1016903,89
mp-1017,55
mp-1017529,161
mp-1017591,83
mp-1018026,15
mp-1018101,46
mp-1018149,44
mp-1018649,347
mp-1018652,11
mp-1018712,57
mp-1018849,128
mp-1019279,27
mp-1019508,107
mp-10213,26
mp-10214,50
mp-1021489,97
mp-1024067,14
mp-1025151,35
mp-1025161,64
mp-1025182,38
mp-1025187,63
mp-1025224,58
mp-1025258,57
mp-1025270,72
mp-1025301,62
mp-1025302,46
mp-1025311,59
mp-1025339,83
mp-1029293,43
mp-1029338,70
mp-1029395,48
mp-1029616,26
mp-1029640,26
mp-10381,8
mp-1039141,33
mp-1039147,24
mp-1039383,8
mp-1039385,5
mp-1039434,14
mp-1050,43
mp-10636,21
mp-10649,32
mp-10667,35
mp-1068,35
mp-10680,17
mp-10697,53
mp-10700,59
mp-10761,51
mp-1077,168
mp-10844,48
mp-10878,70
mp-10953,23
mp-1114,112
mp-11181,28
mp-11191,154
mp-11290,26
mp-11299,13
mp-11361,30
mp-11453,85
mp-11464,12
mp-11465,22
mp-1147,76
mp-11490,20
mp-11501,93
mp-11513,89
mp-11537,117
mp-11658,22
mp-11770,27
mp-11818,29
mp-11824,53
mp-12083,214
mp-12266,33
mp-12595,134
mp-12693,40
mp-12700,100
mp-12760,51
mp-12769,26
mp-12781,64
mp-12814,11
mp-12854,22
mp-12884,36
mp-12954,63
mp-12961,22
mp-13053,31
mp-131,34
mp-1314,32
mp-1339,204
mp-13434,50
mp-13450,61
mp-13641,48
mp-13852,80
mp-13853,114
mp-13900,25
mp-13963,27
mp-13992,6
mp-140,6
mp-14018,8
mp-14433,78
mp-14587,35
mp-1475,150
mp-1476,51
mp-1509,11
mp-1521,55
mp-1522,125
mp-1558,33
mp-1570,36
mp-16334,85
mp-1638,37
mp-16495,97
mp-16521,114
mp-16522,30
mp-1670,72
mp-16755,11
mp-16775,31
mp-1682,65
mp-1687,25
mp-16886,22
mp-16913,8
mp-17,115
mp-17095,8
mp-1734,39
mp-1743,81
mp-1794,158
mp-1883,28
mp-18918,54
mp-18919,36
mp-19050,69
mp-19128,33
mp-19231,14
mp-19279,60
mp-1932,91
mp-1936,97
mp-19413,120
mp-19814,54
mp-19850,89
mp-19877,39
mp-19983,52
mp-20049,51
mp-2018,74
mp-20327,91
mp-20440,35
mp-2052,53
mp-20541,102
mp-20551,58
mp-20599,18
mp-20697,54
mp-20805,18
mp-2089,10
mp-20952,57
mp-20971,58
mp-21096,35
mp-21260,54
mp-21318,16
mp-21449,117
mp-21505,36
mp-2168,14
mp-2182,44
mp-21893,25
mp-22270,111
mp-22271,11
mp-22275,41
mp-22325,20
mp-22367,22
mp-22400,20
mp-22535,88
mp-22558,40
mp-22607,17
mp-2263,100
mp-22691,6
mp-22895,15
mp-22913,12
mp-2293,13
mp-22939,18
mp-22967,13
mp-23072,11
mp-23152,13
mp-2339,58
mp-2349,24
mp-23499,6
mp-23560,41
mp-23704,12
mp-23712,27
mp-24084,11
mp-24668,8
mp-250,13
mp-25082,2
mp-253,48
mp-2536,100
mp-255,6
mp-258,12
mp-2589,85
mp-27296,33
mp-27393,13
mp-27418,16
mp-2744,33
mp-27454,15
mp-27488,99
mp-27577,18
mp-27668,33
mp-2780,51
mp-2783,112
mp-28084,6
mp-28171,13
mp-2824,51
mp-284,118
mp-2853,140
mp-2856,85
mp-29484,7
mp-29584,8
mp-29623,17
mp-29661,69
mp-29806,4
mp-29809,54
mp-2988,32
mp-30301,14
mp-30357,10
mp-30362,14
mp-30392,35
mp-30443,116
mp-30461,23
mp-30483,13
mp-30485,9
mp-30551,81
mp-30570,49
mp-30580,26
mp-30587,24
mp-30656,69
mp-30673,67
mp-30684,67
mp-30778,32
mp-30836,89
mp-30884,38
mp-3102,25
mp-31145,24
mp-31184,60
mp-31326,12
mp-3142,6
mp-3155,120
mp-316,122
mp-31900,41
mp-3255,43
mp-331,41
mp-33997,92
mp-3405,67
mp-3441,88
mp-3654,26
mp-36884,48
mp-37091,14
mp-374,183
mp-3849,9
mp-3988,31
mp-42,59
mp-432,53
mp-4382,112
mp-4563,83
mp-473,6
mp-4744,40
mp-4823,20
mp-485,70
mp-4901,17
mp-4913,28
mp-4955,98
mp-504974,42
mp-510625,58
mp-5238,36
mp-527,13
mp-5409,64
mp-541899,9
mp-543001,62
mp-544,13
mp-546500,8
mp-5478,37
mp-553432,14
mp-554212,22
mp-554462,88
mp-555576,11
mp-556,35
mp-556076,45
mp-556242,51
mp-558078,31
mp-5590,48
mp-559612,18
mp-561511,117
mp-561894,64
mp-5671,45
mp-567220,70
mp-567510,18
mp-567652,9
mp-567657,13
mp-567666,12
mp-568137,10
mp-568280,27
mp-568346,18
mp-568430,30
mp-568436,38
mp-568598,9
mp-568695,26
mp-568696,187
mp-568748,40
mp-568961,42
mp-569310,52
mp-569511,38
mp-569516,86
mp-569624,66
mp-569679,7
mp-570017,32
mp-570430,94
mp-570604,179
mp-570673,78
mp-570963,87
mp-571270,17
mp-571343,26
mp-571648,5
mp-5749,33
mp-579496,100
mp-580287,23
mp-580886,13
mp-5821,34
mp-582360,76
mp-5924,118
mp-597,39
mp-6008,97
mp-601285,63
mp-607475,53
mp-612740,11
mp-614603,4
mp-622570,58
mp-623024,15
mp-625,51
mp-625054,82
mp-628606,4
mp-631316,30
mp-631525,11
mp-634,7
mp-639874,54
mp-643260,11
mp-644271,10
mp-649479,21
mp-6613,81
mp-675626,22
mp-685036,89
mp-685991,27
mp-690535,103
mp-696752,17
mp-6968,14
mp-6980,38
mp-712,35
mp-753326,16
mp-754065,34
mp-754403,39
mp-755690,89
mp-755894,30
mp-756490,27
mp-757031,72
mp-7575,85
mp-760403,49
mp-760414,42
mp-760432,45
mp-7623,25
mp-7632,95
mp-764233,25
mp-768358,60
mp-769111,36
mp-771123,72
mp-774736,15
mp-776404,88
mp-777595,16
mp-780260,17
mp-7822,72
mp-7857,190
mp-8045,93
mp-8145,58
mp-8192,10
mp-8231,84
mp-8454,16
mp-861,20
mp-861663,75
mp-861978,105
mp-862291,99
mp-862311,38
mp-862321,28
mp-862368,46
mp-862473,38
mp-862691,117
mp-862702,32
mp-862705,109
mp-862725,84
mp-862740,21
mp-862779,176
mp-862887,40
mp-863709,202
mp-864661,52
mp-864684,81
mp-864807,49
mp-864927,100
mp-864955,97
mp-865014,29
mp-865032,78
mp-865049,38
mp-865174,58
mp-865342,46
mp-865376,19
mp-865432,40
mp-865496,186
mp-865501,112
mp-865524,19
mp-865582,13
mp-865743,58
mp-865899,49
mp-865930,43
mp-865939,22
mp-866006,10
mp-866051,107
mp-866071,99
mp-866081,25
mp-866087,78
mp-866171,19
mp-866188,51
mp-866375,127
mp-867156,67
mp-867229,17
mp-867253,40
mp-867274,111
mp-867327,91
mp-867771,51
mp-867779,98
mp-867854,18
mp-8772,188
mp-8804,67
mp-9166,35
mp-9251,15
mp-933,51
mp-9382,109
mp-9473,37
mp-9549,53
mp-9569,46
mp-9610,17
mp-961710,46
mp-962075,10
mp-972822,72
mp-972861,39
mp-972916,36
mp-973022,65
mp-973174,16
mp-973229,32
mp-973364,18
mp-975284,89
mp-976,119
mp-976185,35
mp-976414,12
mp-976763,55
mp-976806,22
mp-977207,5
mp-977434,94
mp-978269,35
mp-978274,17
mp-978287,53
mp-978303,44
mp-978493,121
mp-981375,37
mp-982246,7
mp-984873,53
mp-985296,32
mp-985440,36
mp-985586,24
mp-989192,37
mp-989514,11
mp-989537,27
mp-9950,17
mp-997006,34
mp-997031,65
mp-997094,41
mp-997098,39
mp-9972,65
mp-998,40
mp-998197,12
mp-999069,35
mp-999258,26
mp-999307,171
mp-999498,241
mp-999543,102
mp-9996,10
mvc-13442,23
mvc-13995,63
mvc-15475,30
mvc-15989,57
mp-1001827,60
mp-1001835,35
mp-1002081,7
mp-1008277,66
mp-1008631,58
mp-1008798,127
mp-1009222,15
mp-1009593,58
mp-1009655,161
mp-1013546,20
mp-1014231,59
mp-1016823,102
mp-1016836,27
mp-10173,6
mp-1017543,75
mp-1018009,40
mp-1018022,26
mp-1018040,20
mp-1018051,35
mp-1018061,131
mp-1018672,87
mp-1019272,149
mp-1025165,86
mp-1025190,40
mp-1025229,46
mp-1025252,9
mp-1025318,37
mp-1025322,54
mp-1025396,41
mp-1025425,113
mp-10256,39
mp-1029458,60
mp-1029469,65
mp-1029782,49
mp-10374,158
mp-1038,38
mp-1039368,8
mp-10463,58
mp-10519,27
mp-10550,70
mp-10671,30
mp-10894,94
mp-10898,56
mp-10899,51
mp-10905,74
mp-10910,103
mp-10918,14
mp-11021,65
mp-11201,45
mp-11256,37
mp-11275,173
mp-11277,104
mp-11283,111
mp-11307,20
mp-11472,10
mp-11489,11
mp-11521,46
mp-11649,44
mp-12086,52
mp-1245,23
mp-12564,7
mp-12585,151
mp-12716,35
mp-1275,127
mp-12773,41
mp-12779,13
mp-12903,20
mp-13,74
mp-13094,57
mp-13190,8
mp-13270,15
mp-13276,37
mp-13364,28
mp-13459,16
mp-1352,142
mp-1357,96
mp-1406,25
mp-14089,23
mp-1425,75
mp-14476,42
mp-146,30
mp-14796,13
mp-1519,24
mp-15252,33
mp-1551,43
mp-15556,8
mp-15621,30
mp-15641,38
mp-15685,18
mp-15687,21
mp-157,13
mp-15704,176
mp-15777,19
mp-15799,156
mp-15803,19
mp-1581,8
mp-16043,53
mp-16260,26
mp-16263,39
mp-1627,61
mp-1641,47
mp-1646,11
mp-16481,58
mp-16494,43
mp-16501,26
mp-16648,40
mp-173,67
mp-17383,44
mp-1822,72
mp-18257,92
mp-1831,24
mp-1836,9
mp-1842,105
mp-1849,99
mp-18717,44
mp-18848,76
mp-18943,27
mp-18968,44
mp-19006,65
mp-19163,29
mp-19210,59
mp-19247,30
mp-19306,64
mp-19326,67
mp-19387,41
mp-1953,70
mp-1973,87
mp-19800,109
mp-19856,43
mp-19906,57
mp-19946,31
mp-20112,66
mp-20133,157
mp-20227,33
mp-20233,14
mp-20329,31
mp-20352,38
mp-20382,55
mp-20516,64
mp-20623,4
mp-2070,73
mp-20738,124
mp-20949,86
mp-20987,43
mp-21023,112
mp-2105,95
mp-21237,82
mp-2126,149
mp-21264,223
mp-21276,29
mp-21296,14
mp-2136,20
mp-2142,88
mp-2152,72
mp-2156,14
mp-216,79
mp-2203,80
mp-22087,129
mp-2229,65
mp-22315,72
mp-22344,38
mp-22467,17
mp-22510,76
mp-22610,108
mp-22693,13
mp-22795,13
mp-22899,13
mp-22905,21
mp-22925,5
mp-23002,15
mp-2305,240
mp-2310,36
mp-2327,28
mp-23304,5
mp-23431,5
mp-23488,8
mp-23702,17
mp-2371,14
mp-23715,17
mp-23804,61
mp-24428,8
mp-246,45
mp-24726,20
mp-2501,141
mp-25385,44
mp-2564,11
mp-2577,133
mp-2658,95
mp-266,49
mp-2662,130
mp-2691,15
mp-2697,38
mp-27276,68
mp-27294,30
mp-27456,8
mp-27689,7
mp-27769,79
mp-27828,5
mp-27932,27
mp-28266,58
mp-28283,9
mp-28336,12
mp-28568,9
mp-2884,12
mp-28919,20
mp-28945,56
mp-29207,17
mp-29308,14
mp-29556,5
mp-29725,76
mp-2998,107
mp-30047,69
mp-30433,28
mp-30434,16
mp-30491,12
mp-3054,27
mp-30672,56
mp-30787,127
mp-30797,43
mp-30819,54
mp-30820,37
mp-30850,90
mp-3103,145
mp-31172,13
mp-31438,41
mp-31453,41
mp-31455,49
mp-33009,112
mp-33018,11
mp-3498,39
mp-34993,123
mp-3524,98
mp-35785,22
mp-361,8
mp-36248,8
mp-3642,46
mp-3795,32
mp-3854,76
mp-3881,23
mp-402,28
mp-4163,66
mp-4247,13
mp-4264,10
mp-437,30
mp-4492,107
mp-4499,32
mp-4524,49
mp-4612,78
mp-4678,94
mp-4771,62
mp-4876,6
mp-505206,15
mp-505215,24
mp-510346,14
mp-510421,5
mp-514,58
mp-5158,8
mp-5348,63
mp-535,57
mp-540231,21
mp-540771,33
mp-540839,5
mp-540925,5
mp-542136,21
mp-542488,49
mp-5461,11
mp-546711,11
mp-5486,54
mp-5504,22
mp-552663,48
mp-554252,35
mp-555934,35
mp-556041,29
mp-556084,7
mp-556194,16
mp-556911,33
mp-557233,21
mp-557403,33
mp-558733,192
mp-559847,10
mp-560242,27
mp-561317,20
mp-561543,14
mp-567345,57
mp-567397,166
mp-567681,6
mp-567747,126
mp-568106,23
mp-568186,43
mp-568306,20
mp-568428,7
mp-568495,41
mp-568610,13
mp-568789,52
mp-568803,214
mp-569007,7
mp-569018,15
mp-570001,56
mp-570485,40
mp-570641,187
mp-570657,8
mp-570670,49
mp-571193,115
mp-571367,106
mp-571454,21
mp-571594,7
mp-580234,83
mp-583030,14
mp-605860,6
mp-606393,4
mp-608,83
mp-609151,47
mp-613,24
mp-614013,7
mp-616458,7
mp-617,32
mp-631424,54
mp-631535,38
mp-632319,11
mp-640073,18
mp-643063,15
mp-643370,30
mp-643431,9
mp-649774,13
mp-665,10
mp-675078,19
mp-675460,17
mp-675464,41
mp-676,22
mp-682,30
mp-6914,24
mp-696128,9
mp-697096,13
mp-7092,99
mp-7112,43
mp-715,124
mp-7189,65
mp-7285,83
mp-730,117
mp-7339,30
mp-739,91
mp-742,55
mp-7421,22
mp-7467,14
mp-752398,54
mp-752849,71
mp-753605,16
mp-753619,44
mp-753982,6
mp-754358,31
mp-754455,79
mp-754812,52
mp-755219,35
mp-755441,93
mp-755465,71
mp-755594,76
mp-755759,80
mp-756214,103
mp-7574,138
mp-759541,27
mp-760401,71
mp-760439,96
mp-760539,59
mp-761563,54
mp-768197,25
mp-768305,72
mp-786,40
mp-7908,19
mp-7916,92
mp-8016,28
mp-8053,30
mp-861507,107
mp-861625,19
mp-861641,97
mp-861672,72
mp-8623,10
mp-862424,54
mp-862555,33
mp-862669,122
mp-862711,31
mp-864597,11
mp-864734,30
mp-864735,169
mp-8648,109
mp-864840,77
mp-864898,16
mp-864988,102
mp-865166,70
mp-865278,130
mp-865441,30
mp-865523,72
mp-865569,97
mp-865592,31
mp-865611,85
mp-865737,38
mp-865842,122
mp-865870,50
mp-865919,23
mp-865926,45
mp-865928,76
mp-865985,43
mp-865989,125
mp-866012,58
mp-866073,54
mp-866079,17
mp-866152,102
mp-866163,59
mp-866169,6
mp-866223,33
mp-867114,83
mp-867123,101
mp-867235,34
mp-867272,40
mp-867837,101
mp-867842,73
mp-8689,36
mp-886,69
mp-8882,51
mp-8884,22
mp-892,40
mp-9010,6
mp-9056,15
mp-9063,7
mp-9195,21
mp-9289,54
mp-9307,24
mp-949028,17
mp-952566,18
mp-9556,39
mp-9570,34
mp-9573,33
mp-9577,35
mp-9583,21
mp-961651,66
mp-961658,52
mp-961687,57
mp-961725,8
mp-971733,18
mp-971739,51
mp-971891,28
mp-972898,33
mp-972985,47
mp-973166,8
mp-973269,25
mp-973342,102
mp-973446,7
mp-973966,20
mp-9744,25
mp-974625,188
mp-974738,6
mp-975208,70
mp-975236,69
mp-975272,4
mp-975906,34
mp-976060,42
mp-976236,33
mp-976281,15
mp-976943,94
mp-977059,45
mp-977390,85
mp-977407,93
mp-977463,59
mp-977537,58
mp-977585,60
mp-978270,35
mp-978281,25
mp-978508,48
mp-978523,34
mp-978986,34
mp-979,50
mp-980749,101
mp-9814,21
mp-982245,30
mp-982667,61
mp-982734,90
mp-9843,30
mp-985280,47
mp-985285,12
mp-985579,44
mp-9880,140
mp-989540,18
mp-989542,10
mp-989568,18
mp-9929,79
mp-9938,100
mp-995214,7
mp-9969,70
mp-997025,12
mp-998554,12
mp-9986,9
mp-998980,127
mp-999294,41
mp-999317,195
mp-999318,30
mp-999389,76
mp-999460,36
mvc-13691,28
mvc-14006,42
mvc-14558,71
mvc-15452,30
mp-1001581,118
mp-1001789,86
mp-1001914,27
mp-1002105,231
mp-10048,26
mp-1006880,59
mp-1008274,149
mp-1008524,19
mp-1008557,177
mp-1008634,24
mp-1008860,29
mp-1008929,89
mp-1009088,52
mp-1009746,11
mp-1009836,65
mp-1009838,126
mp-1013716,9
mp-1016827,106
mp-1016854,72
mp-1016931,26
mp-1017515,76
mp-1017532,218
mp-1017555,36
mp-1018081,94
mp-1018096,24
mp-1018097,47
mp-1018150,14
mp-1018635,19
mp-1019743,134
mp-1020059,86
mp-1021323,98
mp-1021499,26
mp-1021667,24
mp-10228,16
mp-1025291,46
mp-1025385,57
mp-10261,33
mp-1029422,53
mp-1029474,54
mp-1029537,25
mp-1029542,37
mp-1029573,20
mp-1029741,38
mp-1029779,74
mp-1029878,29
mp-1039019,26
mp-104,24
mp-1040467,93
mp-10422,21
mp-10669,21
mp-10748,25
mp-10749,34
mp-10883,93
mp-10884,98
mp-1089,162
mp-10895,98
mp-10903,32
mp-10967,23
mp-1108,200
mp-11176,51
mp-11229,35
mp-11239,47
mp-11248,24
mp-11260,11
mp-11282,170
mp-11284,41
mp-1129,75
mp-11327,7
mp-11407,79
mp-11452,117
mp-11533,71
mp-11557,75
mp-11661,111
mp-11750,104
mp-11806,40
mp-11984,39
mp-12029,46
mp-12098,35
mp-1214,72
mp-1221,54
mp-1232,85
mp-12527,14
mp-12572,13
mp-12724,9
mp-12806,22
mp-1282,204
mp-12867,66
mp-13089,20
mp-13092,51
mp-13137,123
mp-13160,54
mp-13277,29
mp-13313,25
mp-13520,16
mp-13590,7
mp-13799,21
mp-13868,17
mp-13949,17
mp-14116,45
mp-15236,19
mp-153,18
mp-15397,86
mp-1550,47
mp-15642,33
mp-1565,103
mp-15657,102
mp-15702,144
mp-15776,24
mp-1601,65
mp-16343,33
mp-16491,60
mp-16526,58
mp-16529,57
mp-1667,51
mp-1725,24
mp-1747,9
mp-17546,7
mp-1755,29
mp-1784,10
mp-18427,82
mp-18766,101
mp-18767,67
mp-18779,19
mp-188,91
mp-18829,67
mp-18962,53
mp-19005,65
mp-19112,39
mp-19167,12
mp-1922,93
mp-19308,73
mp-19435,52
mp-1984,17
mp-19851,25
mp-19943,31
mp-19955,73
mp-19970,35
mp-20025,23
mp-2012,16
mp-20196,21
mp-2034,167
mp-20344,68
mp-20512,60
mp-2056,47
mp-20622,44
mp-20714,59
mp-2079,10
mp-20883,53
mp-20994,117
mp-21029,18
mp-21374,12
mp-2176,22
mp-21859,23
mp-22079,61
mp-22095,22
mp-22151,22
mp-22156,92
mp-22212,94
mp-22318,34
mp-22351,131
mp-2237,49
mp-22375,24
mp-2250,73
mp-22894,6
mp-22941,27
mp-22962,7
mp-22975,6
mp-23054,26
mp-23102,39
mp-23157,8
mp-23202,7
mp-23241,30
mp-23279,3
mp-23954,17
mp-23959,15
mp-24045,48
mp-24286,29
mp-2515,97
mp-2516,29
mp-2611,22
mp-2637,17
mp-2644,69
mp-2661,33
mp-27275,41
mp-274,55
mp-27606,71
mp-27743,11
mp-2776,12
mp-28020,6
mp-28166,13
mp-28302,9
mp-28835,11
mp-29145,4
mp-2930,71
mp-2931,73
mp-29403,4
mp-29481,4
mp-29621,14
mp-29646,75
mp-29920,10
mp-30156,79
mp-30206,5
mp-30242,61
mp-30344,15
mp-30353,63
mp-30406,22
mp-30671,63
mp-30768,23
mp-30835,72
mp-30856,68
mp-30871,27
mp-30876,40
mp-30933,46
mp-31018,21
mp-31055,81
mp-31086,19
mp-31148,25
mp-31171,26
mp-31185,122
mp-31379,34
mp-31496,21
mp-31624,107
mp-3173,40
mp-31756,75
mp-32311,14
mp-3271,101
mp-3299,57
mp-333,82
mp-3397,29
mp-3532,23
mp-3576,77
mp-3597,53
mp-3637,61
mp-36779,55
mp-3698,39
mp-3726,30
mp-3732,134
mp-37620,70
mp-3802,146
mp-3871,92
mp-3889,19
mp-4002,35
mp-401,37
mp-4079,83
mp-4259,60
mp-430,85
mp-4354,14
mp-4396,10
mp-4531,13
mp-4541,31
mp-4573,18
mp-458,87
mp-463,17
mp-4630,47
mp-4651,102
mp-4668,24
mp-47,525
mp-4753,89
mp-48,96
mp-4826,63
mp-4897,32
mp-5012,51
mp-504600,8
mp-505572,65
mp-505804,50
mp-510409,104
mp-5146,58
mp-530399,121
mp-5305,30
mp-538,11
mp-5414,15
mp-542640,54
mp-542909,83
mp-546633,8
mp-548469,35
mp-551685,20
mp-552454,119
mp-553932,24
mp-554278,61
mp-5566,30
mp-557133,21
mp-557397,16
mp-557686,32
mp-560963,34
mp-560976,40
mp-5615,36
mp-563,174
mp-567551,187
mp-567767,35
mp-567817,11
mp-568284,7
mp-568607,94
mp-569204,12
mp-569484,5
mp-569544,57
mp-569594,112
mp-569849,21
mp-570684,94
mp-570835,27
mp-571160,20
mp-571353,15
mp-571566,42
mp-571599,20
mp-573,34
mp-5840,79
mp-5878,34
mp-592,107
mp-5920,51
mp-5933,76
mp-5967,75
mp-600124,46
mp-604908,10
mp-605034,10
mp-6065,93
mp-608366,7
mp-608555,4
mp-615314,103
mp-616378,7
mp-6179,19
mp-620571,23
mp-629397,84
mp-631303,65
mp-632442,89
mp-633538,119
mp-636334,55
mp-640266,42
mp-641365,30
mp-643265,3
mp-643754,11
mp-644264,44
mp-649,92
mp-650,132
mp-6564,43
mp-6586,28
mp-672371,49
mp-675271,4
mp-675531,21
mp-675748,25
mp-676512,27
mp-684597,27
mp-685146,13
mp-6870,36
mp-690789,11
mp-6950,17
mp-6959,12
mp-7032,121
mp-704645,25
mp-715493,34
mp-728,21
mp-7298,36
mp-7302,100
mp-7359,28
mp-7440,13
mp-7506,133
mp-752730,30
mp-752927,27
mp-754009,46
mp-754134,96
mp-754165,83
mp-754515,23
mp-754516,33
mp-754553,57
mp-754741,50
mp-755144,36
mp-755175,125
mp-755300,51
mp-755318,53
mp-755352,68
mp-755895,66
mp-756132,6
mp-7573,208
mp-7576,116
mp-758741,65
mp-7618,14
mp-765508,51
mp-770690,49
mp-774192,71
mp-776651,71
mp-7781,37
mp-7801,30
mp-7804,159
mp-7832,196
mp-783905,33
mp-7846,50
mp-7848,25
mp-7863,18
mp-7881,8
mp-7898,7
mp-7928,18
mp-7940,36
mp-811,63
mp-8159,16
mp-8177,15
mp-8200,26
mp-8237,28
mp-8262,11
mp-8280,33
mp-830,104
mp-839,73
mp-8577,85
mp-861639,64
mp-861640,72
mp-862600,114
mp-862609,109
mp-862710,29
mp-862716,21
mp-862717,33
mp-864650,133
mp-864896,69
mp-864903,87
mp-864949,90
mp-864951,144
mp-865162,68
mp-865163,66
mp-865430,25
mp-865442,104
mp-865444,36
mp-865499,129
mp-865548,68
mp-865650,94
mp-865659,36
mp-865712,66
mp-865728,79
mp-865798,47
mp-865888,108
mp-865912,33
mp-865924,11
mp-865933,102
mp-865935,19
mp-866083,116
mp-866121,107
mp-867187,79
mp-867206,19
mp-867251,27
mp-867262,91
mp-867263,16
mp-867780,83
mp-867835,123
mp-867917,67
mp-8753,9
mp-8873,62
mp-8996,111
mp-9027,36
mp-9124,40
mp-9208,237
mp-924130,68
mp-930,76
mp-9379,29
mp-9381,60
mp-945184,21
mp-9459,52
mp-95,6
mp-9568,33
mp-961685,23
mp-9635,11
mp-971669,44
mp-972205,124
mp-972222,112
mp-972810,97
mp-972876,34
mp-972914,31
mp-973185,40
mp-973267,92
mp-973471,112
mp-974370,124
mp-974842,39
mp-975346,48
mp-975608,37
mp-976106,57
mp-976262,16
mp-976273,84
mp-976598,61
mp-976923,73
mp-976968,36
mp-977218,10
mp-977408,93
mp-977436,68
mp-977549,86
mp-978283,25
mp-978293,16
mp-979435,26
mp-981379,28
mp-982040,65
mp-985806,47
mp-989539,16
mp-989592,45
mp-990440,51
mp-9954,66
mp-996979,28
mp-996983,17
mp-998866,162
mp-998908,85
mp-998970,44
mp-998987,37
mp-999264,138
mp-999388,91
mvc-11155,78
mvc-11198,45
mvc-14714,29
mvc-3769,37
mp-10000,74
mp-10015,130
mp-1002083,4
mp-1005,133
mp-10059,130
mp-1007691,56
mp-1007730,51
mp-1007974,99
mp-1008918,48
mp-1008920,27
mp-1009134,161
mp-1009533,22
mp-1011860,25
mp-1013533,27
mp-1013710,7
mp-1013736,10
mp-1014373,20
mp-10159,7
mp-1016821,122
mp-1016840,58
mp-10175,24
mp-1017542,110
mp-1017552,30
mp-1018057,65
mp-1018075,61
mp-1018104,28
mp-1018643,14
mp-1018850,203
mp-10189,25
mp-1019089,19
mp-1019097,59
mp-1021327,14
mp-10245,83
mp-10250,42
mp-1025168,3
mp-1025219,31
mp-1025272,79
mp-1025280,44
mp-1025524,81
mp-1029309,22
mp-1029337,75
mp-1029375,11
mp-1029536,69
mp-1029655,30
mp-1029702,77
mp-1029791,61
mp-1029799,33
mp-1029826,64
mp-1029903,58
mp-10326,12
mp-1039073,13
mp-1039447,9
mp-10445,32
mp-10455,53
mp-10457,92
mp-105,17
mp-10635,23
mp-10676,74
mp-1073,15
mp-10746,64
mp-1082,215
mp-10847,47
mp-10892,41
mp-10901,63
mp-11169,50
mp-11175,16
mp-11237,32
mp-11280,59
mp-11313,28
mp-1136,14
mp-11364,44
mp-1139,133
mp-11471,29
mp-11560,103
mp-1157,76
mp-11687,17
mp-11696,74
mp-11734,78
mp-11754,32
mp-11883,58
mp-1190,28
mp-11918,63
mp-1222,156
mp-12265,26
mp-12335,33
mp-1253,21
mp-12557,41
mp-12674,30
mp-12741,42
mp-12798,92
mp-12906,31
mp-12923,34
mp-12972,59
mp-13097,21
mp-13099,39
mp-134,24
mp-13649,13
mp-1371,25
mp-1387,10
mp-1391,23
mp-13944,101
mp-13946,10
mp-14115,48
mp-14205,11
mp-1439,81
mp-1459,238
mp-14763,51
mp-1487,72
mp-1541,43
mp-15624,22
mp-15659,27
mp-15660,144
mp-15661,66
mp-15668,12
mp-15697,24
mp-15722,175
mp-1592,14
mp-15986,65
mp-16271,14
mp-1652,55
mp-16726,33
mp-16905,15
mp-16960,85
mp-1769,29
mp-18468,114
mp-18740,26
mp-18817,42
mp-19035,75
mp-191,42
mp-19282,59
mp-19438,23
mp-1958,23
mp-19717,24
mp-19824,55
mp-19857,47
mp-19895,42
mp-19929,41
mp-19968,31
mp-20007,60
mp-20067,38
mp-2008,110
mp-20146,60
mp-20261,20
mp-20268,69
mp-20279,20
mp-20325,92
mp-2033,73
mp-20354,49
mp-20408,13
mp-20418,73
mp-20463,19
mp-20474,27
mp-20489,50
mp-21017,58
mp-21026,17
mp-21075,180
mp-21171,80
mp-21235,83
mp-2128,23
mp-21413,26
mp-21445,35
mp-21476,89
mp-2157,142
mp-2172,39
mp-2192,47
mp-2201,27
mp-22221,34
mp-22426,72
mp-2243,96
mp-22478,73
mp-22488,110
mp-22566,22
mp-22589,32
mp-2271,68
mp-22792,20
mp-22817,23
mp-2283,44
mp-2285,35
mp-2286,27
mp-22917,5
mp-22958,10
mp-22979,89
mp-23046,17
mp-2331,225
mp-23406,5
mp-2354,68
mp-239,19
mp-2432,19
mp-2451,50
mp-24517,13
mp-251,127
mp-2572,16
mp-2598,60
mp-265,212
mp-2672,15
mp-2682,58
mp-27164,112
mp-2733,104
mp-27335,23
mp-27471,73
mp-27519,3
mp-27546,27
mp-27632,7
mp-27719,44
mp-2781,38
mp-28174,2
mp-2852,381
mp-28593,37
mp-28610,6
mp-28782,10
mp-28895,34
mp-29131,51
mp-2932,98
mp-29364,65
mp-29476,18
mp-29520,4
mp-29641,15
mp-29889,6
mp-3000,113
mp-30053,11
mp-30244,33
mp-30315,33
mp-3038,19
mp-30404,20
mp-30469,11
mp-30494,27
mp-30528,12
mp-30581,58
mp-30661,25
mp-30682,73
mp-30725,29
mp-30773,37
mp-30805,26
mp-3081,146
mp-30811,98
mp-30886,52
mp-3098,77
mp-3107,60
mp-31147,31
mp-31153,36
mp-31235,16
mp-31301,19
mp-31503,25
mp-32662,73
mp-32777,88
mp-33581,93
mp-341,23
mp-34857,6
mp-35143,13
mp-3587,62
mp-36111,43
mp-3702,73
mp-3721,96
mp-3759,93
mp-38035,22
mp-3822,30
mp-38818,219
mp-3944,39
mp-4008,37
mp-4076,56
mp-4157,12
mp-416,103
mp-4180,48
mp-4262,131
mp-4276,45
mp-429,63
mp-4359,55
mp-4405,9
mp-4472,183
mp-4474,47
mp-4478,20
mp-4636,46
mp-4652,47
mp-4699,97
mp-4770,23
mp-4798,138
mp-4889,59
mp-4893,86
mp-4930,94
mp-4992,133
mp-505244,14
mp-505319,2
mp-505515,22
mp-505517,109
mp-505527,95
mp-505554,110
mp-5090,41
mp-5342,22
mp-5396,73
mp-541449,9
mp-542903,62
mp-546973,89
mp-549970,50
mp-552265,20
mp-552934,14
mp-556264,27
mp-556609,7
mp-557057,80
mp-558518,21
mp-558674,30
mp-558747,4
mp-559939,21
mp-56,4
mp-561079,16
mp-561428,40
mp-5659,139
mp-567456,38
mp-567703,87
mp-567925,114
mp-568172,30
mp-568177,40
mp-568293,40
mp-568424,29
mp-569151,38
mp-569548,4
mp-569886,19
mp-569989,117
mp-570091,25
mp-570223,20
mp-570744,39
mp-570775,13
mp-570784,156
mp-570896,14
mp-570930,11
mp-571,27
mp-571053,86
mp-571147,76
mp-571163,65
mp-571203,33
mp-571339,34
mp-574,79
mp-5756,28
mp-579,108
mp-580357,47
mp-5839,63
mp-590,46
mp-593,70
mp-5962,20
mp-5986,69
mp-6094,33
mp-631329,58
mp-631354,39
mp-638765,48
mp-643945,74
mp-644500,46
mp-646507,66
mp-6473,41
mp-66,520
mp-669692,79
mp-672,18
mp-672289,91
mp-673245,15
mp-675104,10
mp-675734,90
mp-6930,44
mp-6938,72
mp-695,94
mp-6963,22
mp-6972,32
mp-6988,60
mp-7070,77
mp-7086,6
mp-7142,74
mp-7226,93
mp-7250,95
mp-7364,35
mp-7434,14
mp-7443,47
mp-7472,12
mp-7524,76
mp-752467,53
mp-753059,29
mp-754434,68
mp-754478,97
mp-755264,171
mp-755568,43
mp-756297,59
mp-758594,86
mp-761415,77
mp-7621,10
mp-768342,72
mp-7709,31
mp-771359,56
mp-775907,63
mp-775910,97
mp-776911,48
mp-7771,28
mp-777463,19
mp-779689,5
mp-7812,25
mp-7824,16
mp-7924,11
mp-7929,17
mp-7939,38
mp-8041,7
mp-8042,85
mp-8085,39
mp-8098,74
mp-813,69
mp-8182,72
mp-8188,62
mp-8191,9
mp-8276,43
mp-8401,36
mp-850251,58
mp-850275,6
mp-850916,46
mp-8583,44
mp-861658,49
mp-861873,104
mp-861958,53
mp-862365,61
mp-862658,36
mp-862682,52
mp-862695,111
mp-862790,101
mp-862870,90
mp-8634,131
mp-864933,24
mp-864985,80
mp-865002,36
mp-865039,32
mp-865160,80
mp-865185,45
mp-865229,114
mp-865373,22
mp-865490,107
mp-865502,14
mp-865517,41
mp-865585,100
mp-865678,82
mp-865960,161
mp-866024,35
mp-866114,119
mp-866162,14
mp-867127,25
mp-867144,16
mp-867193,21
mp-867207,32
mp-867212,243
mp-867507,124
mp-8676,16
mp-867788,126
mp-867840,89
mp-867850,62
mp-87,160
mp-8724,15
mp-8871,22
mp-8911,15
mp-8983,40
mp-902,15
mp-9295,20
mp-9391,10
mp-9460,57
mp-9564,36
mp-961652,69
mp-961664,28
mp-961670,11
mp-961688,15
mp-961693,46
mp-971683,53
mp-971706,60
mp-9718,6
mp-972119,39
mp-972925,40
mp-973156,37
mp-973528,5
mp-974430,206
mp-974943,67
mp-976181,12
mp-976330,35
mp-976976,43
mp-977200,5
mp-977550,83
mp-977572,78
mp-978261,94
mp-978282,8
mp-978285,25
mp-981,32
mp-981312,54
mp-981935,7
mp-984357,35
mp-984628,60
mp-989530,46
mp-989535,14
mp-989538,9
mp-9947,187
mp-996162,114
mp-9970,57
mp-998986,55
mp-999076,57
mp-999200,46
mp-999201,19
mp-999298,42
mp-999395,54
mp-999484,22
mvc-14941,27
mvc-15,21
mvc-3489,71
mvc-3556,62
mp-1001916,87
mp-1002206,176
mp-1007657,86
mp-1007761,155
mp-1008278,79
mp-1008702,18
mp-1008866,21
mp-1008881,51
mp-1009218,13
mp-1009264,55
mp-1009832,81
mp-1013547,27
mp-1013555,40
mp-10140,54
mp-1014219,45
mp-1014227,100
mp-1014265,88
mp-1014307,120
mp-1016831,34
mp-1016872,21
mp-1016884,117
mp-1016932,67
mp-1018029,46
mp-1018133,38
mp-1018164,18
mp-1018734,49
mp-1019541,56
mp-1019550,144
mp-1022728,37
mp-1025045,45
mp-1025177,22
mp-1025201,6
mp-1025223,86
mp-1025799,14
mp-1029251,58
mp-1029408,50
mp-1029610,45
mp-1029660,41
mp-103,56
mp-1038961,7
mp-1057,86
mp-10675,45
mp-10677,34
mp-1070,15
mp-10760,41
mp-11022,39
mp-11038,48
mp-11227,57
mp-11230,30
mp-11270,162
mp-11286,19
mp-11358,115
mp-11359,37
mp-11470,27
mp-11567,48
mp-11573,72
mp-11694,5
mp-11958,23
mp-12070,26
mp-12109,66
mp-1215,106
mp-12403,7
mp-126,49
mp-12699,17
mp-12712,29
mp-12742,39
mp-12743,23
mp-13136,153
mp-13150,75
mp-13175,40
mp-13178,123
mp-1346,207
mp-13545,13
mp-1367,45
mp-137,42
mp-1373,44
mp-139,6
mp-13914,94
mp-13920,23
mp-13947,10
mp-13967,98
mp-14090,18
mp-14112,21
mp-14208,47
mp-14209,47
mp-14628,35
mp-1473,132
mp-14790,15
mp-1482,69
mp-14827,64
mp-1491,241
mp-1501,62
mp-15113,67
mp-1542,151
mp-1569,231
mp-1589,72
mp-1594,44
mp-15955,112
mp-160,200
mp-16236,13
mp-16238,21
mp-16245,24
mp-16293,73
mp-16337,15
mp-16356,83
mp-1649,40
mp-16613,72
mp-16718,68
mp-16860,28
mp-1695,62
mp-17524,12
mp-1823,61
mp-1848,78
mp-1880,8
mp-18803,28
mp-18928,50
mp-18963,37
mp-19004,74
mp-19033,59
mp-19080,31
mp-19094,119
mp-19142,32
mp-19146,18
mp-19378,45
mp-19390,125
mp-19399,113
mp-19414,13
mp-19443,101
mp-19784,94
mp-20059,70
mp-203,34
mp-20304,115
mp-2049,59
mp-20662,29
mp-2068,34
mp-20685,128
mp-20832,15
mp-20865,44
mp-2091,199
mp-20930,37
mp-21035,76
mp-21069,52
mp-2116,49
mp-21199,26
mp-213,22
mp-21313,115
mp-21400,40
mp-21447,98
mp-21609,34
mp-21851,77
mp-2199,93
mp-22052,28
mp-22144,102
mp-22304,13
mp-22323,60
mp-22389,55
mp-22390,70
mp-22412,31
mp-22414,29
mp-22461,59
mp-22514,45
mp-22700,54
mp-22704,16
mp-22712,25
mp-22888,10
mp-22889,5
mp-22924,13
mp-2294,49
mp-23037,9
mp-23353,8
mp-2348,45
mp-2388,21
mp-2410,23
mp-24287,137
mp-2480,106
mp-2513,83
mp-2540,125
mp-2553,103
mp-2592,177
mp-2597,15
mp-2667,6
mp-27198,11
mp-27315,25
mp-27579,24
mp-27636,4
mp-27677,19
mp-2772,87
mp-27768,203
mp-27882,5
mp-28282,8
mp-28339,45
mp-28376,12
mp-29025,16
mp-29151,27
mp-29209,20
mp-29529,12
mp-2961,34
mp-29633,26
mp-29826,24
mp-29873,7
mp-30,51
mp-30040,23
mp-30209,6
mp-30227,4
mp-30247,34
mp-30365,41
mp-30371,22
mp-30395,23
mp-30403,41
mp-30441,152
mp-30530,7
mp-30683,64
mp-30764,70
mp-30784,33
mp-30858,103
mp-30883,56
mp-31011,63
mp-31138,53
mp-31212,25
mp-313,40
mp-31324,25
mp-31456,48
mp-31460,58
mp-31516,9
mp-3158,28
mp-3201,26
mp-32548,45
mp-3307,19
mp-3372,13
mp-33880,15
mp-3534,13
mp-3539,32
mp-35417,92
mp-3595,42
mp-36508,13
mp-36800,175
mp-37614,109
mp-3779,9
mp-3833,33
mp-38970,15
mp-3934,36
mp-395,83
mp-3953,32
mp-4026,36
mp-4081,22
mp-4091,141
mp-4117,50
mp-4233,17
mp-4248,95
mp-4391,109
mp-4481,49
mp-4653,103
mp-4661,60
mp-4666,39
mp-4673,86
mp-4756,23
mp-4864,29
mp-4997,77
mp-5042,49
mp-504708,6
mp-505297,66
mp-510430,17
mp-5157,79
mp-5259,29
mp-5339,8
mp-541837,8
mp-55,13
mp-551,32
mp-554678,55
mp-554973,24
mp-555434,47
mp-555464,9
mp-556034,2
mp-558059,32
mp-558137,46
mp-559044,17
mp-559092,41
mp-560671,23
mp-561412,29
mp-562,54
mp-5639,121
mp-565,46
mp-567462,117
mp-567504,6
mp-567505,187
mp-567540,13
mp-567907,87
mp-567982,50
mp-568286,91
mp-568516,20
mp-568991,133
mp-568992,65
mp-569125,16
mp-569128,129
mp-569167,140
mp-569833,47
mp-570097,36
mp-570150,39
mp-570198,23
mp-570698,41
mp-570935,5
mp-571342,69
mp-600125,49
mp-602,13
mp-621131,25
mp-625150,49
mp-625487,27
mp-625998,19
mp-626680,27
mp-631383,25
mp-634381,22
mp-6353,101
mp-637575,182
mp-640708,68
mp-644278,66
mp-6560,7
mp-6628,13
mp-669347,28
mp-672259,73
mp-675902,28
mp-676058,36
mp-676518,6
mp-6766,64
mp-684679,71
mp-6879,34
mp-690542,52
mp-690785,16
mp-6926,46
mp-697126,41
mp-6973,10
mp-714885,92
mp-718,52
mp-7365,39
mp-7376,25
mp-7430,20
mp-7463,40
mp-752463,60
mp-752685,41
mp-752881,15
mp-753495,107
mp-753848,40
mp-754010,34
mp-754322,55
mp-754701,59
mp-754978,25
mp-755263,18
mp-755453,86
mp-7557,83
mp-755769,46
mp-759877,15
mp-761556,82
mp-761574,57
mp-761716,61
mp-762391,49
mp-763353,60
mp-7655,36
mp-767409,28
mp-770618,87
mp-775127,41
mp-776475,127
mp-781625,73
mp-7829,105
mp-7849,19
mp-7876,33
mp-7915,114
mp-7922,15
mp-81,15
mp-810,50
mp-8298,34
mp-8300,22
mp-8372,35
mp-8397,16
mp-8431,56
mp-8432,51
mp-8462,64
mp-861637,60
mp-861935,65
mp-8621,14
mp-862371,61
mp-862376,48
mp-862553,47
mp-862601,26
mp-862632,19
mp-862664,39
mp-862694,96
mp-862699,122
mp-862704,40
mp-862723,75
mp-862775,44
mp-8642,186
mp-864614,31
mp-864764,83
mp-864765,19
mp-864788,95
mp-864919,77
mp-864989,130
mp-865043,35
mp-865050,71
mp-865131,46
mp-865145,7
mp-865165,65
mp-865504,18
mp-865600,39
mp-865602,36
mp-865615,93
mp-865653,115
mp-865680,136
mp-865717,117
mp-865793,29
mp-865803,89
mp-865876,100
mp-865921,107
mp-865936,33
mp-865966,125
mp-865986,28
mp-866022,49
mp-866046,45
mp-866069,58
mp-866173,47
mp-866194,13
mp-866213,116
mp-866314,74
mp-867149,22
mp-867280,125
mp-867748,79
mp-867756,34
mp-867810,13
mp-867822,7
mp-867846,117
mp-867849,18
mp-8789,40
mp-8818,45
mp-893,93
mp-8973,116
mp-9125,49
mp-915,25
mp-9225,60
mp-9247,27
mp-9306,35
mp-934,16
mp-9437,81
mp-9463,73
mp-9517,50
mp-952,137
mp-9578,22
mp-961716,19
mp-962065,23
mp-971631,33
mp-971661,47
mp-971712,20
mp-9719,28
mp-972220,92
mp-972396,66
mp-972882,25
mp-973092,36
mp-973935,117
mp-973979,29
mp-975322,42
mp-975383,6
mp-975425,96
mp-976017,11
mp-976082,114
mp-976261,10
mp-976446,65
mp-976870,37
mp-977012,6
mp-977138,71
mp-977362,81
mp-977418,14
mp-977430,79
mp-977586,38
mp-978273,15
mp-978280,19
mp-978294,25
mp-983459,42
mp-983509,5
mp-984744,11
mp-985805,30
mp-9872,9
mp-988,120
mp-9888,55
mp-989585,13
mp-989608,9
mp-9926,25
mp-9935,24
mp-996990,44
mp-998307,16
mp-998344,10
mp-998964,116
mp-999054,51
mp-999079,40
mp-999204,64
mvc-13133,9
mvc-14201,63
mvc-14629,63
mvc-15694,19
mvc-15835,31
mvc-3672,59
mvc-3988,38
mvc-5096,95
mp-1001786,36
mp-1002222,109
mp-10026,33
mp-10044,124
mp-10076,87
mp-1008279,137
mp-1008527,261
mp-1008554,56
mp-1008568,48
mp-1008903,16
mp-1009217,22
mp-1009657,43
mp-1009818,288
mp-1013642,26
mp-1013708,8
mp-1014251,86
mp-1014261,77
mp-1014993,79
mp-1016871,41
mp-1017509,55
mp-1017549,85
mp-10180,27
mp-1018060,65
mp-1018083,14
mp-1018107,13
mp-1018140,48
mp-10182,51
mp-1018656,26
mp-1018804,107
mp-1019551,47
mp-10196,121
mp-10200,116
mp-1023125,67
mp-1025293,53
mp-1025321,13
mp-1025448,35
mp-1025550,109
mp-1027,116
mp-1029359,131
mp-1029784,10
mp-1029834,75
mp-10343,71
mp-10379,74
mp-10527,48
mp-10597,28
mp-10632,32
mp-10670,34
mp-1069,94
mp-10695,33
mp-10759,45
mp-10762,9
mp-1084,201
mp-10849,35
mp-10896,76
mp-10904,74
mp-10908,64
mp-11228,35
mp-1123,15
mp-11251,14
mp-11252,30
mp-11288,11
mp-1132,45
mp-11385,68
mp-11390,46
mp-11455,31
mp-11460,76
mp-11486,76
mp-11504,40
mp-11644,8
mp-11819,20
mp-11917,166
mp-12071,47
mp-12277,43
mp-12521,32
mp-12581,10
mp-12608,74
mp-12623,15
mp-1279,182
mp-128,38
mp-12855,22
mp-129,124
mp-12910,15
mp-13082,91
mp-13108,104
mp-13138,37
mp-13154,91
mp-13156,50
mp-13171,22
mp-13314,20
mp-13463,93
mp-1356,28
mp-13583,69
mp-13829,15
mp-14039,18
mp-1404,17
mp-1416,28
mp-14549,32
mp-14791,36
mp-15053,58
mp-1526,49
mp-15297,71
mp-1539,56
mp-16336,93
mp-16496,93
mp-16735,61
mp-16828,37
mp-1699,103
mp-1811,16
mp-1819,67
mp-1841,119
mp-18721,49
mp-1873,35
mp-18750,59
mp-18906,76
mp-18939,5
mp-18946,89
mp-19019,57
mp-19198,40
mp-1934,25
mp-19376,62
mp-19418,55
mp-19421,54
mp-19728,62
mp-19747,22
mp-19789,187
mp-19817,63
mp-19880,74
mp-1994,242
mp-19940,86
mp-2,43
mp-20145,74
mp-20158,36
mp-20180,121
mp-20237,69
mp-2030,121
mp-20557,62
mp-20567,53
mp-20612,22
mp-20711,46
mp-20740,13
mp-20793,12
mp-2083,36
mp-20868,137
mp-20937,169
mp-21078,68
mp-21124,26
mp-21164,19
mp-2118,185
mp-21321,27
mp-21336,143
mp-21469,70
mp-21894,48
mp-2194,12
mp-22152,32
mp-22255,8
mp-22260,71
mp-226,135
mp-22633,11
mp-22682,30
mp-22864,23
mp-22875,9
mp-22898,6
mp-22937,14
mp-22992,13
mp-23089,61
mp-23121,37
mp-23188,8
mp-23259,16
mp-23295,8
mp-23297,4
mp-23533,4
mp-23562,11
mp-23709,7
mp-23736,32
mp-24082,66
mp-2450,22
mp-24722,67
mp-2474,27
mp-2512,44
mp-2534,41
mp-2574,48
mp-2643,61
mp-2676,118
mp-2677,52
mp-2695,87
mp-27176,11
mp-2723,104
mp-27421,6
mp-27660,19
mp-27726,3
mp-27831,5
mp-27865,16
mp-27953,88
mp-28006,28
mp-282,55
mp-28232,71
mp-28273,13
mp-2845,30
mp-2850,166
mp-28549,58
mp-28614,36
mp-28897,73
mp-2894,43
mp-28995,53
mp-29658,66
mp-29674,103
mp-2987,14
mp-30180,74
mp-30338,32
mp-30355,14
mp-30418,18
mp-30423,30
mp-30438,158
mp-30490,21
mp-3050,102
mp-30572,63
mp-30738,112
mp-30758,20
mp-30846,32
mp-30847,56
mp-31059,13
mp-31144,16
mp-31209,55
mp-31339,36
mp-31454,70
mp-3159,19
mp-32780,3
mp-32887,12
mp-3315,55
mp-3363,35
mp-3378,91
mp-3432,66
mp-3464,116
mp-350,36
mp-3527,28
mp-3614,122
mp-3618,75
mp-3650,23
mp-3668,35
mp-3700,31
mp-37514,63
mp-384,37
mp-38605,12
mp-39681,38
mp-40204,14
mp-4138,10
mp-4243,74
mp-446,70
mp-4662,45
mp-487,114
mp-4883,56
mp-4938,129
mp-4961,18
mp-5048,13
mp-504935,19
mp-505599,53
mp-505825,14
mp-510347,16
mp-510589,41
mp-5285,24
mp-5373,99
mp-5388,14
mp-541753,3
mp-549158,37
mp-550,57
mp-550172,86
mp-550433,83
mp-5513,7
mp-551886,16
mp-552098,27
mp-554144,26
mp-554822,35
mp-555763,33
mp-556094,14
mp-556742,11
mp-557,28
mp-559,56
mp-559264,25
mp-559598,30
mp-559691,53
mp-560553,3
mp-561033,15
mp-561067,23
mp-5652,59
mp-567597,15
mp-567841,72
mp-567871,64
mp-568384,138
mp-568398,22
mp-568536,7
mp-568544,15
mp-568718,80
mp-569066,3
mp-569103,7
mp-569149,8
mp-569331,21
mp-569366,55
mp-569376,125
mp-569522,115
mp-569775,64
mp-570081,6
mp-570112,147
mp-570197,14
mp-570845,63
mp-570998,24
mp-578,19
mp-581786,39
mp-5862,41
mp-5869,61
mp-5910,34
mp-5918,94
mp-5921,54
mp-600428,55
mp-603719,182
mp-607371,157
mp-6270,43
mp-631305,11
mp-631412,17
mp-631420,19
mp-643002,54
mp-644136,25
mp-644389,31
mp-644481,97
mp-644751,215
mp-647,97
mp-6606,102
mp-6633,8
mp-672254,25
mp-672340,40
mp-673174,94
mp-675880,20
mp-684031,51
mp-6931,38
mp-6969,66
mp-7188,142
mp-7192,40
mp-7232,9
mp-731,15
mp-7349,50
mp-7352,48
mp-738,24
mp-7473,46
mp-75,20
mp-752496,66
mp-753304,3
mp-753629,78
mp-753890,72
mp-754086,11
mp-754363,60
mp-754629,26
mp-754671,53
mp-756088,83
mp-756095,18
mp-756597,53
mp-756638,83
mp-763051,64
mp-764744,37
mp-7667,9
mp-769096,86
mp-771199,55
mp-7748,93
mp-774922,13
mp-775808,49
mp-7761,18
mp-776952,25
mp-777479,22
mp-784631,112
mp-7903,9
mp-7942,37
mp-7955,24
mp-7956,11
mp-8,173
mp-8001,104
mp-8102,97
mp-820,13
mp-825,93
mp-8256,23
mp-8290,20
mp-8299,34
mp-8370,39
mp-8402,42
mp-8414,5
mp-8484,62
mp-849388,80
mp-849459,61
mp-861656,79
mp-861882,113
mp-861909,61
mp-861936,41
mp-8622,14
mp-862258,41
mp-862260,24
mp-862369,69
mp-862486,46
mp-862563,45
mp-862631,17
mp-862706,96
mp-862712,66
mp-863690,84
mp-864601,33
mp-864623,24
mp-864640,107
mp-864651,92
mp-864895,107
mp-864916,89
mp-864921,79
mp-864950,103
mp-865022,136
mp-865044,78
mp-865094,92
mp-865125,78
mp-865280,124
mp-865308,71
mp-865382,92
mp-865462,115
mp-865465,74
mp-865494,106
mp-865522,22
mp-865591,79
mp-865640,116
mp-865779,85
mp-865878,72
mp-865879,15
mp-866001,123
mp-866031,99
mp-866037,57
mp-866164,24
mp-866218,81
mp-866288,57
mp-867137,89
mp-867167,18
mp-867233,44
mp-867292,92
mp-867317,50
mp-867792,155
mp-867829,82
mp-867878,124
mp-867909,49
mp-8765,18
mp-8874,68
mp-891,82
mp-8962,14
mp-9025,44
mp-9321,30
mp-9325,32
mp-9339,109
mp-9350,44
mp-94,16
mp-9579,13
mp-961649,76
mp-961698,34
mp-971738,49
mp-971752,72
mp-972042,40
mp-972069,63
mp-972326,133
mp-972828,51
mp-972907,36
mp-972966,37
mp-974326,204
mp-974341,105
mp-974415,21
mp-974435,198
mp-974584,44
mp-975028,10
mp-975106,35
mp-975138,117
mp-976322,21
mp-9768,24
mp-976847,49
mp-977107,87
mp-977380,28
mp-977399,34
mp-977425,94
mp-977566,31
mp-978952,100
mp-979751,72
mp-981103,59
mp-981210,27
mp-981539,33
mp-983430,32
mp-983565,49
mp-984,75
mp-988939,17
mp-989404,17
mp-989536,33
mp-989570,16
mp-989578,36
mp-990076,149
mp-991,151
mp-996,103
mp-996975,16
mp-997034,33
mp-997085,45
mp-9988,97
mp-999053,42
mp-999067,45
mp-999355,40
mp-999377,137
mvc-4607,39
mp-10009,22
mp-1001023,45
mp-1002069,13
mp-1007760,46
mp-1007821,58
mp-1008280,150
mp-1008374,224
mp-1008610,31
mp-1008635,11
mp-1009540,18
mp-1009696,51
mp-1009731,150
mp-1009756,17
mp-1009813,38
mp-1009820,85
mp-1009829,35
mp-1009831,199
mp-10125,59
mp-1012551,12
mp-1012640,104
mp-1013528,22
mp-1013540,21
mp-10136,189
mp-1016820,66
mp-1016846,53
mp-1016849,47
mp-1016851,40
mp-1016883,56
mp-1017000,78
mp-1017626,31
mp-1018062,67
mp-1018080,57
mp-10181,43
mp-1018134,6
mp-1019054,193
mp-1019259,26
mp-1020,153
mp-1020019,60
mp-10201,135
mp-10208,104
mp-10212,56
mp-1021431,6
mp-1023129,17
mp-1025150,15
mp-1025191,41
mp-1025261,55
mp-1025286,17
mp-1025353,44
mp-1025497,131
mp-10271,113
mp-1029258,80
mp-1029357,33
mp-1029448,39
mp-1029562,58
mp-1029776,39
mp-1029943,51
mp-1038767,14
mp-1038829,12
mp-1039198,8
mp-10654,9
mp-10739,103
mp-10872,19
mp-10877,63
mp-10890,44
mp-11192,142
mp-11202,35
mp-11261,33
mp-11272,78
mp-11300,28
mp-11506,89
mp-1185,157
mp-1194,48
mp-12073,62
mp-12105,8
mp-12360,18
mp-12411,39
mp-12467,26
mp-12630,40
mp-1266,15
mp-12794,50
mp-12979,109
mp-13076,182
mp-1317,57
mp-132,10
mp-13202,52
mp-1336,34
mp-13570,46
mp-13679,19
mp-13686,123
mp-1380,58
mp-13903,23
mp-14069,48
mp-1415,30
mp-1432,94
mp-1498,50
mp-1563,38
mp-15679,74
mp-1578,105
mp-15805,113
mp-15819,79
mp-15964,49
mp-1628,35
mp-17518,38
mp-17695,51
mp-17875,30
mp-17892,50
mp-1804,96
mp-1868,80
mp-18759,47
mp-18814,44
mp-18835,66
mp-18852,27
mp-18965,29
mp-19,15
mp-19400,71
mp-19424,71
mp-1969,69
mp-19740,34
mp-19876,50
mp-20086,48
mp-20119,18
mp-20174,47
mp-20255,77
mp-20263,28
mp-20554,14
mp-20605,12
mp-20674,55
mp-20683,15
mp-20725,45
mp-20731,10
mp-2074,27
mp-20744,51
mp-20757,64
mp-2082,72
mp-20905,139
mp-20932,98
mp-2097,20
mp-21019,24
mp-21139,35
mp-2133,41
mp-21422,60
mp-2173,32
mp-21863,20
mp-22040,60
mp-22050,45
mp-22167,50
mp-22227,83
mp-22232,11
mp-22258,104
mp-22565,69
mp-2258,47
mp-22756,17
mp-22787,119
mp-2280,26
mp-22878,10
mp-22956,7
mp-23056,27
mp-23085,20
mp-23116,32
mp-23137,69
mp-23138,35
mp-23299,12
mp-23330,13
mp-23475,5
mp-23526,8
mp-23684,11
mp-24,504
mp-24721,13
mp-252,40
mp-2552,96
mp-2593,85
mp-2614,83
mp-2654,22
mp-2666,33
mp-2696,30
mp-2715,89
mp-27214,8
mp-27263,7
mp-2729,42
mp-2730,12
mp-2746,144
mp-27512,60
mp-27691,6
mp-27731,34
mp-27839,5
mp-27897,12
mp-28017,42
mp-2802,97
mp-28110,5
mp-28460,3
mp-28599,17
mp-28731,175
mp-28978,13
mp-28980,7
mp-29009,12
mp-29057,9
mp-29135,67
mp-2918,35
mp-29379,5
mp-2964,15
mp-29643,13
mp-29736,54
mp-29816,12
mp-3006,5
mp-30091,170
mp-30312,40
mp-30341,31
mp-30408,31
mp-30435,9
mp-30744,183
mp-30774,45
mp-30790,36
mp-30885,48
mp-30892,11
mp-31219,121
mp-31383,59
mp-31451,62
mp-31469,62
mp-31703,18
mp-32686,36
mp-33107,2
mp-3340,98
mp-3348,61
mp-33526,32
mp-33551,64
mp-33683,19
mp-3390,75
mp-34,58
mp-34081,35
mp-34202,11
mp-3433,56
mp-3448,42
mp-34579,15
mp-3477,10
mp-3589,62
mp-4009,14
mp-4030,7
mp-409,12
mp-4109,39
mp-4124,22
mp-4152,28
mp-422,58
mp-4364,79
mp-454,29
mp-4590,75
mp-4828,41
mp-489,57
mp-505110,50
mp-5058,15
mp-510456,14
mp-510536,89
mp-5109,51
mp-5149,90
mp-530074,186
mp-5377,66
mp-540111,17
mp-541937,16
mp-542065,6
mp-549,35
mp-549706,47
mp-5498,34
mp-5532,75
mp-555166,14
mp-555321,27
mp-555483,54
mp-556353,26
mp-556546,24
mp-556605,92
mp-557837,30
mp-557938,33
mp-558579,4
mp-559276,47
mp-5606,25
mp-560620,39
mp-567164,101
mp-567750,49
mp-568,54
mp-568014,64
mp-568069,22
mp-568121,134
mp-568320,31
mp-568402,42
mp-568560,7
mp-568636,75
mp-568865,44
mp-569788,33
mp-570155,166
mp-570196,48
mp-570287,114
mp-570377,21
mp-570557,88
mp-570686,16
mp-571247,97
mp-571262,49
mp-571619,76
mp-571636,5
mp-5724,24
mp-5729,42
mp-578606,58
mp-581833,7
mp-5866,29
mp-622209,66
mp-623,36
mp-623134,51
mp-624492,65
mp-629458,409
mp-6304,71
mp-631320,33
mp-631576,54
mp-6326,45
mp-636599,88
mp-637771,65
mp-6394,38
mp-639662,4
mp-640041,33
mp-643009,26
mp-643101,7
mp-675025,91
mp-677103,10
mp-684709,77
mp-685097,106
mp-6945,41
mp-697,60
mp-6985,30
mp-7066,63
mp-7089,14
mp-7104,43
mp-7149,16
mp-7187,59
mp-7275,34
mp-7439,12
mp-7466,30
mp-747,38
mp-7483,13
mp-7502,38
mp-753197,72
mp-753594,40
mp-753657,96
mp-754246,19
mp-754538,16
mp-754678,89
mp-755253,100
mp-7558,102
mp-7559,75
mp-755974,24
mp-756436,46
mp-757,30
mp-758835,36
mp-7597,13
mp-760400,37
mp-760417,9
mp-760483,57
mp-761293,49
mp-762454,95
mp-7650,55
mp-765195,63
mp-768368,9
mp-768572,35
mp-771,81
mp-773137,9
mp-7739,24
mp-775296,67
mp-775761,7
mp-7770,33
mp-7798,84
mp-7879,30
mp-7904,28
mp-7913,173
mp-7926,14
mp-7947,39
mp-7948,93
mp-8002,76
mp-8161,30
mp-8180,25
mp-819,68
mp-8277,34
mp-844,34
mp-8456,30
mp-8459,26
mp-8468,18
mp-8547,20
mp-861662,40
mp-861875,48
mp-861908,79
mp-861918,22
mp-861940,27
mp-862300,47
mp-862337,33
mp-862340,46
mp-862377,66
mp-862445,143
mp-862604,175
mp-862715,82
mp-8635,30
mp-864639,104
mp-864762,27
mp-864877,88
mp-864902,56
mp-864922,20
mp-864934,29
mp-864937,22
mp-864946,37
mp-864953,99
mp-864966,123
mp-864970,99
mp-865027,85
mp-865048,103
mp-865093,50
mp-865110,13
mp-865138,87
mp-865167,14
mp-865448,85
mp-865515,35
mp-865554,105
mp-865594,38
mp-865625,18
mp-865780,79
mp-865840,116
mp-865925,49
mp-865931,64
mp-866160,32
mp-866291,3
mp-867125,97
mp-867195,63
mp-867281,175
mp-867287,29
mp-867330,95
mp-867769,61
mp-867795,66
mp-867881,61
mp-867902,100
mp-8700,15
mp-8842,33
mp-8860,11
mp-8891,37
mp-917,19
mp-9179,30
mp-9198,91
mp-924129,73
mp-9248,36
mp-944,117
mp-9453,40
mp-948,15
mp-953,71
mp-9548,15
mp-9561,16
mp-9575,47
mp-961659,62
mp-961660,74
mp-961684,22
mp-961711,66
mp-9716,74
mp-971673,12
mp-971826,42
mp-971933,37
mp-972,28
mp-972066,119
mp-972238,75
mp-972241,77
mp-972794,9
mp-972866,22
mp-973088,52
mp-973149,78
mp-973443,71
mp-974416,130
mp-975834,154
mp-976799,38
mp-977140,12
mp-977189,9
mp-977573,95
mp-977578,54
mp-978256,33
mp-978500,90
mp-978987,27
mp-981365,124
mp-981384,76
mp-982048,102
mp-982725,113
mp-9845,11
mp-985585,38
mp-985626,52
mp-989545,8
mp-989548,29
mp-989580,23
mp-9898,33
mp-9939,93
mp-9957,101
mp-997010,19
mp-997030,44
mp-997041,22
mp-998527,55
mp-9989,119
mp-998903,72
mp-999052,54
mp-999117,175
mp-999540,13
mp-999549,226
mvc-10883,89
mvc-11732,89
mvc-3453,5
mp-1002124,32
mp-1004526,80
mp-10057,205
mp-1006887,30
mp-1007690,22
mp-1007770,18
mp-1008523,397
mp-1008525,188
mp-1008632,90
mp-1008728,76
mp-1008835,196
mp-1009077,91
mp-10092,14
mp-1009471,210
mp-1009735,234
mp-1009835,58
mp-1010,240
mp-1010071,105
mp-1013550,27
mp-1014168,7
mp-1014246,81
mp-1014257,92
mp-1016197,28
mp-1016848,51
mp-1016900,53
mp-1016926,46
mp-10178,21
mp-1018028,101
mp-1018054,114
mp-1018066,78
mp-1018098,18
mp-1018148,45
mp-1018179,27
mp-1018726,78
mp-1018786,17
mp-1019262,84
mp-1019564,40
mp-1019584,70
mp-1019612,8
mp-102,102
mp-1020703,77
mp-1022724,80
mp-1022732,26
mp-1023132,10
mp-1025213,61
mp-1025324,71
mp-1025329,54
mp-10270,99
mp-10293,11
mp-1029349,37
mp-1029396,45
mp-1029424,71
mp-1029442,53
mp-1029490,26
mp-1029580,29
mp-1029592,44
mp-1029921,58
mp-10394,71
mp-10413,4
mp-1046,49
mp-10492,15
mp-10521,34
mp-10666,78
mp-10706,157
mp-1078,23
mp-10848,36
mp-1090,38
mp-10952,29
mp-1111,46
mp-11113,67
mp-1120,108
mp-11263,52
mp-11287,16
mp-11360,30
mp-11401,60
mp-1143,147
mp-11430,40
mp-1153,33
mp-11578,65
mp-11714,187
mp-11719,10
mp-11872,20
mp-11959,32
mp-12077,75
mp-1220,120
mp-1233,37
mp-1252,94
mp-12580,21
mp-12614,12
mp-12635,39
mp-127,3
mp-12952,62
mp-13031,16
mp-13061,42
mp-1307,29
mp-13085,78
mp-1319,33
mp-13208,40
mp-13240,58
mp-1331,32
mp-13365,19
mp-1340,19
mp-13444,16
mp-13447,40
mp-13472,97
mp-13513,37
mp-1359,105
mp-13660,36
mp-13683,71
mp-13725,43
mp-13916,36
mp-1394,8
mp-1399,31
mp-1400,94
mp-1409,97
mp-14338,6
mp-1477,18
mp-1490,16
mp-15120,7
mp-1523,80
mp-15254,29
mp-15608,43
mp-15619,41
mp-15639,13
mp-1604,58
mp-16304,49
mp-16421,45
mp-16528,70
mp-16719,74
mp-1698,25
mp-17045,67
mp-17092,49
mp-1749,28
mp-17659,19
mp-17848,74
mp-17856,63
mp-1825,35
mp-18775,48
mp-18895,34
mp-1894,279
mp-19147,68
mp-19177,107
mp-19219,33
mp-19238,73
mp-19260,26
mp-19284,36
mp-193,47
mp-19384,81
mp-1941,42
mp-1943,9
mp-19787,51
mp-1982,62
mp-19845,91
mp-1986,40
mp-19991,24
mp-2000,24
mp-20033,55
mp-20175,54
mp-20191,98
mp-20257,28
mp-20363,26
mp-20401,87
mp-20432,36
mp-20552,70
mp-20745,10
mp-20812,108
mp-20826,9
mp-21027,28
mp-21043,15
mp-21163,42
mp-21255,84
mp-21405,7
mp-21477,25
mp-21662,116
mp-22003,8
mp-22036,36
mp-22179,49
mp-22287,93
mp-22626,3
mp-22749,112
mp-22909,5
mp-23201,15
mp-2337,74
mp-23486,5
mp-23713,32
mp-23714,24
mp-23729,48
mp-23850,5
mp-241,28
mp-2478,140
mp-2481,27
mp-2488,79
mp-2499,20
mp-2582,111
mp-27145,21
mp-2728,183
mp-27367,5
mp-27438,17
mp-27544,4
mp-27682,20
mp-2773,118
mp-27904,97
mp-2811,196
mp-28270,6
mp-28497,11
mp-29175,31
mp-29243,25
mp-29585,8
mp-29624,9
mp-29896,65
mp-3031,33
mp-3033,27
mp-30336,77
mp-3034,48
mp-30488,5
mp-30594,49
mp-30595,65
mp-30686,67
mp-30727,23
mp-3078,31
mp-30821,57
mp-30852,86
mp-30866,132
mp-31363,6
mp-31457,47
mp-31468,40
mp-31510,37
mp-318,33
mp-3216,113
mp-3274,49
mp-3277,41
mp-32884,8
mp-3323,88
mp-335,33
mp-33708,63
mp-3376,69
mp-3486,10
mp-3504,30
mp-351,82
mp-3623,104
mp-38103,14
mp-38725,10
mp-3927,26
mp-4054,60
mp-4175,39
mp-4200,78
mp-4226,43
mp-4255,29
mp-427,81
mp-4321,70
mp-4385,32
mp-4483,23
mp-4495,10
mp-451,80
mp-4529,14
mp-4613,80
mp-4711,44
mp-481,90
mp-4842,45
mp-4908,68
mp-492,180
mp-496,31
mp-4984,138
mp-4989,61
mp-504723,65
mp-505803,39
mp-505824,12
mp-5193,36
mp-5229,110
mp-5292,56
mp-541047,15
mp-542,18
mp-542435,61
mp-542915,89
mp-545788,29
mp-546200,84
mp-5518,18
mp-551918,71
mp-552588,91
mp-5528,27
mp-553310,11
mp-553939,30
mp-554107,23
mp-554451,22
mp-555280,33
mp-555718,23
mp-5558,10
mp-555970,40
mp-556788,37
mp-557018,34
mp-557142,24
mp-557762,77
mp-5618,48
mp-564,20
mp-567276,39
mp-567337,7
mp-567636,62
mp-567713,8
mp-568349,36
mp-568564,30
mp-568619,187
mp-568809,17
mp-568920,27
mp-569170,19
mp-569265,24
mp-569396,30
mp-569426,15
mp-569535,23
mp-569628,19
mp-569668,38
mp-569815,108
mp-570256,6
mp-570354,11
mp-570483,57
mp-570832,69
mp-570904,54
mp-570985,187
mp-571263,30
mp-571350,30
mp-571419,127
mp-571440,8
mp-571461,9
mp-571555,5
mp-573658,5
mp-5787,42
mp-580931,14
mp-5827,104
mp-583,80
mp-583266,12
mp-5881,79
mp-5938,44
mp-594,18
mp-620054,3
mp-6204,30
mp-627380,10
mp-635966,50
mp-637614,20
mp-638729,4
mp-646824,21
mp-647164,13
mp-6494,24
mp-662,25
mp-6654,16
mp-6686,9
mp-669918,76
mp-672265,54
mp-673247,58
mp-680580,25
mp-690490,114
mp-690544,74
mp-6947,203
mp-7262,29
mp-7400,20
mp-754157,88
mp-754185,28
mp-754401,46
mp-754779,28
mp-754912,31
mp-754954,12
mp-755089,77
mp-755480,7
mp-756094,30
mp-7595,7
mp-76,7
mp-760,92
mp-760410,20
mp-7608,44
mp-764163,52
mp-764648,92
mp-7707,82
mp-771986,56
mp-773525,33
mp-776331,117
mp-7885,28
mp-79,37
mp-793,28
mp-7931,27
mp-8017,24
mp-8093,9
mp-8101,63
mp-818,95
mp-8278,38
mp-8348,6
mp-8426,8
mp-850,60
mp-861645,15
mp-861733,18
mp-861912,101
mp-862316,81
mp-862318,59
mp-862431,46
mp-862543,42
mp-862546,37
mp-862673,29
mp-862721,11
mp-864618,10
mp-864654,57
mp-864943,108
mp-864984,54
mp-865021,104
mp-865152,36
mp-865193,91
mp-865433,21
mp-865472,102
mp-865486,81
mp-865497,144
mp-865512,25
mp-865537,78
mp-865538,73
mp-865586,112
mp-865587,36
mp-865652,105
mp-865671,32
mp-865768,89
mp-865791,129
mp-865900,58
mp-865904,123
mp-865965,28
mp-865987,15
mp-865990,63
mp-866139,70
mp-866818,30
mp-867117,41
mp-867172,10
mp-867271,125
mp-867273,74
mp-867326,115
mp-867786,114
mp-867901,73
mp-867916,87
mp-867922,84
mp-8682,99
mp-869,104
mp-8703,6
mp-8861,21
mp-8896,79
mp-8982,34
mp-9,23
mp-9173,54
mp-9272,16
mp-929,76
mp-938,24
mp-941221,9
mp-9565,26
mp-9571,36
mp-9588,27
mp-961656,55
mp-961661,62
mp-961675,68
mp-961712,52
mp-962078,20
mp-971694,53
mp-971836,58
mp-9731,6
mp-974457,81
mp-974616,76
mp-974973,53
mp-975364,38
mp-975405,51
mp-975427,45
mp-976133,133
mp-976150,22
mp-976408,6
mp-976768,10
mp-977367,33
mp-977534,92
mp-978489,156
mp-978509,35
mp-978568,91
mp-981252,16
mp-982666,63
mp-9827,5
mp-982974,46
mp-983539,33
mp-9844,32
mp-987,32
mp-9884,8
mp-989405,9
mp-989504,33
mp-989563,10
mp-989605,24
mp-9960,64
mp-997084,18
mp-9971,54
mp-997617,203
mp-998201,13
mp-998234,17
mp-998947,93
mp-998981,69
mp-999027,32
mp-999060,61
mp-999188,24
mp-999207,27
mp-999263,84
mp-999308,112
mp-999502,135
mvc-11693,66
mvc-13997,52
mvc-3978,46
mvc-5816,78
mp-1001790,20
mp-10030,89
mp-1003485,57
mp-10054,59
mp-1008500,28
mp-10086,54
mp-1008872,68
mp-1008987,49
mp-1009014,31
mp-10102,14
mp-1013527,65
mp-1013584,11
mp-1013704,56
mp-1013719,10
mp-1014244,79
mp-1014252,90
mp-10165,11
mp-1016819,61
mp-1016825,80
mp-1016841,59
mp-1016853,74
mp-1016930,89
mp-1017441,57
mp-1017556,66
mp-1018033,39
mp-1018629,17
mp-1018720,67
mp-1020011,70
mp-1025167,91
mp-1025180,30
mp-1025207,35
mp-1025232,49
mp-1025237,47
mp-1025278,33
mp-1025315,14
mp-1025457,80
mp-10255,198
mp-1025551,52
mp-1029498,72
mp-1029502,29
mp-1029652,94
mp-1029756,12
mp-1029932,46
mp-1030,32
mp-10322,44
mp-1047,38
mp-10470,112
mp-10614,30
mp-1063005,6
mp-10638,58
mp-1067,40
mp-10711,147
mp-1087,32
mp-11019,59
mp-11209,35
mp-1121,67
mp-11231,63
mp-11293,51
mp-11335,76
mp-11350,56
mp-11388,68
mp-11393,97
mp-11397,63
mp-11507,91
mp-11879,32
mp-12065,34
mp-12107,113
mp-1211,30
mp-12120,167
mp-1219,24
mp-122,6
mp-12385,75
mp-12444,39
mp-12546,51
mp-12550,82
mp-12561,96
mp-12622,23
mp-12659,75
mp-12696,20
mp-12723,18
mp-12783,28
mp-13100,104
mp-13126,76
mp-13172,43
mp-13322,86
mp-13363,60
mp-13396,48
mp-13452,66
mp-13610,20
mp-13910,30
mp-13915,28
mp-13964,62
mp-13982,28
mp-142,35
mp-1424,45
mp-1441,5
mp-1458,104
mp-1471,55
mp-149,61
mp-1515,95
mp-1545,89
mp-15684,10
mp-1573,30
mp-15963,95
mp-15985,71
mp-15987,80
mp-16349,37
mp-1639,374
mp-1672,39
mp-16723,33
mp-168,64
mp-1692,25
mp-1696,42
mp-1700,121
mp-1795,29
mp-1799,120
mp-18167,15
mp-18337,186
mp-1876,5
mp-1882,38
mp-18849,36
mp-18854,70
mp-19027,21
mp-19048,24
mp-19060,41
mp-19066,126
mp-19097,93
mp-19183,38
mp-19448,78
mp-1960,70
mp-1990,27
mp-20034,35
mp-20050,23
mp-2028,103
mp-20296,27
mp-20305,25
mp-20311,13
mp-20318,175
mp-20320,12
mp-20452,19
mp-20621,27
mp-20664,26
mp-20708,33
mp-2078,62
mp-20817,66
mp-20866,39
mp-20887,52
mp-2090,91
mp-20901,38
mp-20983,103
mp-21040,88
mp-21065,77
mp-21175,40
mp-2121,71
mp-21236,31
mp-21273,12
mp-21306,100
mp-21340,79
mp-2180,49
mp-2212,59
mp-2221,40
mp-22300,71
mp-22307,85
mp-22483,13
mp-22631,88
mp-22662,57
mp-22731,30
mp-22736,25
mp-22784,62
mp-22811,22
mp-229,113
mp-22903,5
mp-22961,15
mp-23004,5
mp-2302,73
mp-23052,15
mp-23067,7
mp-23084,18
mp-23227,10
mp-23260,6
mp-23289,8
mp-2330,42
mp-23425,4
mp-2361,48
mp-2403,71
mp-24154,81
mp-24237,63
mp-248,89
mp-24834,10
mp-25053,70
mp-2517,22
mp-2605,74
mp-2612,37
mp-2652,62
mp-2670,43
mp-2706,30
mp-27175,59
mp-27243,6
mp-2731,74
mp-2739,35
mp-27888,55
mp-27891,23
mp-27930,28
mp-28553,34
mp-28592,25
mp-28627,9
mp-28793,46
mp-29066,89
mp-29091,37
mp-29149,30
mp-29154,86
mp-29241,33
mp-29259,17
mp-29456,20
mp-29596,48
mp-2968,17
mp-29754,28
mp-30062,5
mp-30151,19
mp-30245,32
mp-30381,33
mp-30428,8
mp-30451,27
mp-30459,53
mp-30593,59
mp-30685,72
mp-30765,83
mp-30780,27
mp-30851,73
mp-30875,60
mp-31080,63
mp-317,54
mp-3210,80
mp-32811,13
mp-33,193
mp-3349,83
mp-3359,52
mp-33618,21
mp-344,116
mp-34467,29
mp-345,82
mp-34688,56
mp-352,99
mp-35777,12
mp-35841,38
mp-3602,59
mp-36066,54
mp-362,56
mp-364,102
mp-3682,25
mp-3792,111
mp-3834,92
mp-38394,13
mp-3862,39
mp-39105,201
mp-3933,87
mp-4187,62
mp-423,38
mp-4441,38
mp-45,8
mp-4628,61
mp-470,123
mp-4813,45
mp-4822,53
mp-4909,59
mp-4950,32
mp-50,62
mp-504580,23
mp-510219,62
mp-510624,83
mp-5137,66
mp-5166,27
mp-5213,29
mp-5380,43
mp-54,105
mp-542106,39
mp-5427,63
mp-546011,34
mp-550008,83
mp-553991,70
mp-554201,36
mp-555056,3
mp-555678,60
mp-556320,21
mp-556487,29
mp-558432,14
mp-559798,40
mp-560663,32
mp-560959,14
mp-561830,8
mp-562102,8
mp-567653,37
mp-567744,8
mp-567856,58
mp-568113,36
mp-568746,19
mp-568866,9
mp-568880,27
mp-568912,138
mp-5693,37
mp-569450,184
mp-569639,6
mp-569794,59
mp-569875,96
mp-570074,122
mp-570466,9
mp-570771,32
mp-571030,39
mp-571520,61
mp-573697,6
mp-5777,55
mp-578601,57
mp-5798,105
mp-581707,24
mp-582034,187
mp-601848,98
mp-605663,51
mp-615,20
mp-624668,15
mp-626785,8
mp-631269,35
mp-631371,55
mp-634676,7
mp-641526,92
mp-643409,51
mp-669546,64
mp-67,30
mp-676586,17
mp-680677,58
mp-6812,26
mp-684591,79
mp-6939,72
mp-697111,7
mp-697133,14
mp-697179,24
mp-706,15
mp-7140,185
mp-7361,50
mp-7363,24
mp-7427,28
mp-7433,20
mp-7486,29
mp-7493,17
mp-752415,57
mp-753671,56
mp-753708,57
mp-753946,47
mp-754223,79
mp-754238,54
mp-754364,59
mp-755,65
mp-755013,68
mp-755298,38
mp-755544,46
mp-755570,20
mp-7569,13
mp-7598,90
mp-760376,24
mp-760381,17
mp-760408,51
mp-762225,20
mp-767525,25
mp-770881,28
mp-7754,92
mp-775831,32
mp-775906,65
mp-776456,87
mp-7859,44
mp-7868,31
mp-7877,55
mp-788,51
mp-7882,13
mp-7889,50
mp-7938,44
mp-8176,39
mp-8307,61
mp-8308,54
mp-833,37
mp-8352,54
mp-850062,42
mp-861667,45
mp-861905,12
mp-861983,78
mp-862287,104
mp-862335,70
mp-862361,64
mp-8624,15
mp-862602,91
mp-862657,43
mp-862747,22
mp-863720,31
mp-8638,163
mp-864745,17
mp-864839,65
mp-864883,26
mp-864897,46
mp-864908,109
mp-864930,79
mp-864968,55
mp-864972,37
mp-865010,76
mp-865092,35
mp-865187,73
mp-865560,41
mp-865562,125
mp-865583,18
mp-865681,130
mp-865733,144
mp-865807,89
mp-865874,10
mp-865898,89
mp-865916,115
mp-865948,101
mp-866082,23
mp-866166,39
mp-866229,31
mp-8670,51
mp-867107,140
mp-867146,91
mp-867216,105
mp-867249,137
mp-867259,27
mp-867904,93
mp-867915,84
mp-867920,47
mp-867928,78
mp-871,139
mp-872,16
mp-8732,26
mp-8780,140
mp-8800,14
mp-8883,40
mp-8932,11
mp-8963,13
mp-9068,17
mp-9075,31
mp-9212,45
mp-922,91
mp-961653,115
mp-961673,80
mp-961713,87
mp-9636,5
mp-971744,61
mp-972036,71
mp-972088,38
mp-972209,119
mp-972275,89
mp-972442,103
mp-972879,30
mp-973053,44
mp-973933,17
mp-9743,27
mp-974337,55
mp-974458,81
mp-974866,5
mp-975065,167
mp-975190,68
mp-976229,24
mp-976838,46
mp-976872,49
mp-976971,41
mp-977011,5
mp-977062,4
mp-977176,88
mp-977356,105
mp-977427,63
mp-977438,63
mp-978279,26
mp-979931,58
mp-980193,64
mp-980947,9
mp-981214,10
mp-981215,32
mp-981933,13
mp-9839,33
mp-984352,109
mp-984714,14
mp-984728,83
mp-985287,23
mp-986716,22
mp-989528,23
mp-989533,40
mp-9902,77
mp-9916,119
mp-995122,16
mp-9956,134
mp-9961,53
mp-996992,32
mp-997055,21
mp-997161,47
mp-997181,67
mp-998147,18
mp-998973,69
mp-999086,117
mp-999192,76
mp-999266,217
mvc-10882,35
mvc-11438,14
mvc-13900,56
mvc-15448,75
mp-1001012,32
mp-1002109,71
mp-1002183,114
mp-1002187,52
mp-1003313,73
mp-10063,18
mp-1008275,98
mp-1008559,158
mp-1008677,84
mp-1008733,15
mp-1008776,18
mp-1008786,32
mp-1008901,13
mp-1009133,99
mp-1009221,18
mp-1009755,24
mp-1009792,52
mp-1009834,122
mp-1013524,55
mp-1013548,49
mp-1013549,26
mp-10139,69
mp-10144,141
mp-1016200,25
mp-1016852,74
mp-1017531,99
mp-1017546,102
mp-1017554,68
mp-1017566,82
mp-1017632,46
mp-1018135,29
mp-1018161,50
mp-10184,35
mp-1019280,31
mp-1019317,244
mp-10219,46
mp-1022726,23
mp-1024071,35
mp-1025212,63
mp-1025306,59
mp-1025331,9
mp-1025349,71
mp-1025351,25
mp-1025386,55
mp-1025456,23
mp-1025500,29
mp-10264,17
mp-1029347,34
mp-1029403,83
mp-1029550,30
mp-1029574,15
mp-1029730,42
mp-1042,96
mp-10446,30
mp-10584,40
mp-10598,34
mp-10616,23
mp-10698,37
mp-10712,90
mp-10744,25
mp-1076,107
mp-1077353,31
mp-10919,17
mp-10955,14
mp-10991,48
mp-11,28
mp-11190,147
mp-11193,52
mp-11250,23
mp-11269,25
mp-11276,100
mp-113,142
mp-11334,136
mp-11345,82
mp-11400,49
mp-11413,52
mp-11517,128
mp-11572,130
mp-117,21
mp-11700,29
mp-1172,58
mp-11736,101
mp-11738,13
mp-11873,49
mp-12177,39
mp-12317,17
mp-1247,72
mp-1260,47
mp-12648,143
mp-1265,119
mp-12737,49
mp-1274,49
mp-1285,87
mp-12863,23
mp-12908,19
mp-13010,36
mp-13032,19
mp-13149,37
mp-13311,35
mp-1332,120
mp-1342,38
mp-135,4
mp-13907,19
mp-1401,59
mp-14024,56
mp-14099,25
mp-1412,25
mp-1418,96
mp-14983,86
mp-1502,39
mp-1552,150
mp-1555,79
mp-15669,38
mp-15724,12
mp-1575,15
mp-15778,42
mp-15895,36
mp-1591,113
mp-15954,83
mp-15960,55
mp-15999,20
mp-16253,19
mp-16254,37
mp-16259,67
mp-16363,105
mp-16365,20
mp-1658,32
mp-1664,74
mp-1684,18
mp-1714,127
mp-17287,13
mp-1730,18
mp-17862,36
mp-18782,86
mp-1885,116
mp-1890,200
mp-18922,53
mp-19052,11
mp-19124,86
mp-19226,42
mp-1925,51
mp-19328,77
mp-19365,29
mp-19713,39
mp-19726,54
mp-1989,133
mp-20203,24
mp-20459,39
mp-20465,49
mp-20485,7
mp-20492,74
mp-20545,26
mp-20698,30
mp-20730,78
mp-20820,9
mp-20940,66
mp-21024,24
mp-2103,28
mp-21048,138
mp-21090,60
mp-21185,16
mp-21328,16
mp-21342,22
mp-21391,38
mp-21503,40
mp-2179,71
mp-21845,71
mp-21875,29
mp-2189,21
mp-22154,18
mp-22262,122
mp-22302,107
mp-22464,15
mp-22469,53
mp-22498,32
mp-22585,64
mp-22598,58
mp-22637,99
mp-2273,17
mp-22752,56
mp-2284,11
mp-22901,12
mp-22919,11
mp-23024,26
mp-23080,118
mp-23231,10
mp-23302,6
mp-23471,4
mp-23558,21
mp-2399,27
mp-24292,30
mp-2452,22
mp-24719,68
mp-24728,91
mp-2500,67
mp-2554,100
mp-2567,74
mp-2578,23
mp-2606,40
mp-2639,10
mp-2659,15
mp-2678,141
mp-2698,22
mp-27207,11
mp-27425,22
mp-2752,62
mp-2758,27
mp-27608,111
mp-2767,72
mp-27710,258
mp-2775,30
mp-27848,18
mp-2786,11
mp-28024,50
mp-28049,6
mp-28163,9
mp-28230,5
mp-28364,14
mp-28567,27
mp-28630,24
mp-28698,22
mp-28810,6
mp-28884,26
mp-29076,119
mp-292,109
mp-29400,5
mp-2960,64
mp-29733,33
mp-30004,8
mp-30349,29
mp-30364,14
mp-30366,11
mp-30383,59
mp-30591,30
mp-306,36
mp-30648,21
mp-30650,25
mp-30737,17
mp-30798,82
mp-30882,63
mp-30981,18
mp-3164,19
mp-3208,44
mp-328,22
mp-33588,46
mp-3427,52
mp-3470,67
mp-3521,12
mp-363,105
mp-3736,51
mp-37501,16
mp-3762,25
mp-3791,74
mp-3804,57
mp-3807,25
mp-381,105
mp-3821,10
mp-3829,23
mp-4120,43
mp-4238,72
mp-4253,119
mp-4370,34
mp-4428,39
mp-4533,35
mp-4656,85
mp-486,67
mp-5019,123
mp-5063,68
mp-507,58
mp-5075,120
mp-5078,21
mp-510281,50
mp-510311,20
mp-510437,37
mp-510441,37
mp-5122,16
mp-5190,30
mp-530274,122
mp-5350,29
mp-540809,127
mp-5443,79
mp-545482,11
mp-546546,38
mp-546898,16
mp-5473,40
mp-548,64
mp-5495,14
mp-554089,35
mp-556125,20
mp-557668,20
mp-558046,25
mp-558125,63
mp-558798,39
mp-558838,27
mp-559492,16
mp-560023,28
mp-560203,42
mp-560562,13
mp-561075,10
mp-561442,96
mp-567313,15
mp-567412,44
mp-567618,38
mp-567629,7
mp-567655,18
mp-567771,104
mp-567929,77
mp-567996,105
mp-568466,53
mp-568673,80
mp-568827,158
mp-569270,232
mp-569423,7
mp-569567,521
mp-569568,159
mp-569600,29
mp-569708,107
mp-570491,96
mp-570553,114
mp-570558,4
mp-570769,37
mp-570837,16
mp-571039,27
mp-571059,19
mp-571126,113
mp-571438,144
mp-572283,42
mp-574025,25
mp-5794,78
mp-603930,60
mp-604516,34
mp-6074,63
mp-610706,7
mp-618309,50
mp-625094,20
mp-626620,10
mp-631555,21
mp-635,84
mp-645159,70
mp-6493,54
mp-676416,189
mp-676861,119
mp-680932,73
mp-6912,16
mp-6915,72
mp-695998,11
mp-6961,18
mp-7000,44
mp-7038,12
mp-7080,47
mp-7130,140
mp-717,153
mp-7219,22
mp-723,138
mp-7288,67
mp-733,28
mp-7426,29
mp-753722,17
mp-754262,26
mp-754311,13
mp-754333,155
mp-754495,52
mp-754588,53
mp-754727,33
mp-754826,15
mp-755287,62
mp-755302,31
mp-755328,55
mp-755378,45
mp-755920,78
mp-7565,51
mp-758104,56
mp-758302,15
mp-7586,66
mp-758933,180
mp-7604,81
mp-760492,30
mp-761036,20
mp-761390,96
mp-7622,10
mp-763,118
mp-7631,187
mp-768479,69
mp-772099,48
mp-774092,17
mp-775331,93
mp-776083,17
mp-776165,56
mp-776532,106
mp-776896,24
mp-780880,15
mp-7891,23
mp-7897,8
mp-7907,24
mp-7917,74
mp-8090,41
mp-8110,136
mp-8249,7
mp-8253,36
mp-8282,117
mp-829,52
mp-8415,24
mp-8543,13
mp-861616,37
mp-861937,20
mp-862374,24
mp-862548,46
mp-862589,202
mp-862703,26
mp-862778,112
mp-8640,45
mp-864631,65
mp-864715,76
mp-864784,78
mp-864857,56
mp-864907,35
mp-864944,45
mp-864969,53
mp-864997,37
mp-865051,15
mp-865091,68
mp-865179,94
mp-865186,96
mp-865425,42
mp-865471,74
mp-865495,101
mp-865656,120
mp-865713,23
mp-865731,13
mp-865863,14
mp-865872,37
mp-865877,78
mp-866104,10
mp-866154,121
mp-866219,109
mp-867148,57
mp-867275,112
mp-867744,88
mp-867761,60
mp-867799,25
mp-867802,52
mp-867924,21
mp-873,76
mp-8830,65
mp-8895,81
mp-8938,149
mp-8978,30
mp-8994,11
mp-8995,9
mp-9029,50
mp-903,56
mp-9069,16
mp-9262,6
mp-9270,87
mp-9385,5
mp-950995,13
mp-961680,6
mp-961686,18
mp-971682,72
mp-972327,68
mp-972337,90
mp-972941,8
mp-973143,33
mp-973374,13
mp-973884,44
mp-974799,12
mp-9761,106
mp-976765,7
mp-976784,21
mp-977165,21
mp-977353,129
mp-977545,109
mp-977547,62
mp-978009,59
mp-978265,35
mp-978851,85
mp-978856,16
mp-984729,49
mp-985295,18
mp-985584,5
mp-989399,19
mp-989566,6
mp-989609,72
mp-989642,13
mp-9942,56
mp-996161,137
mp-996964,36
mp-996981,18
mp-996987,42
mp-997009,25
mp-997037,32
mp-997042,8
mp-998552,103
mp-998893,69
mp-998965,56
mp-998971,85
mp-998974,52
mp-999257,45
mp-999495,9
mvc-15605,72
mp-10003,97
mp-10025,102
mp-10027,52
mp-10049,68
mp-1006882,10
mp-1007637,13
mp-1007852,80
mp-1008282,83
mp-1008349,105
mp-1008487,186
mp-1008488,23
mp-1008526,193
mp-1008528,140
mp-1008556,112
mp-1008805,203
mp-1008826,76
mp-1009078,58
mp-1009538,19
mp-1009695,106
mp-10118,167
mp-1013582,11
mp-1013714,10
mp-1013733,16
mp-10149,13
mp-1016850,54
mp-1016877,43
mp-1016880,33
mp-1017446,62
mp-1017467,97
mp-1017534,19
mp-1018013,23
mp-1018072,35
mp-1018089,12
mp-1018100,28
mp-1018132,22
mp-1018154,49
mp-10183,29
mp-1018709,64
mp-1018717,37
mp-10204,26
mp-1021672,20
mp-1023127,44
mp-10240,92
mp-1025185,9
mp-1025193,47
mp-1025248,34
mp-1025441,122
mp-10281,33
mp-1029312,36
mp-1029368,54
mp-1029595,21
mp-1029699,4
mp-1029719,23
mp-10366,113
mp-10373,135
mp-1039055,15
mp-10469,81
mp-10687,18
mp-10755,53
mp-10850,31
mp-10873,23
mp-10876,46
mp-10924,99
mp-1097,213
mp-10985,20
mp-11023,43
mp-11236,19
mp-11329,113
mp-1138,51
mp-11411,42
mp-11457,26
mp-11520,55
mp-11583,68
mp-11621,35
mp-1169,43
mp-11771,26
mp-11808,55
mp-11869,58
mp-11919,67
mp-11957,38
mp-12087,22
mp-1235,81
mp-12359,19
mp-124,23
mp-12480,68
mp-12571,118
mp-12605,121
mp-12752,77
mp-12761,30
mp-12778,115
mp-1299,67
mp-13079,103
mp-13117,28
mp-133,25
mp-1330,217
mp-1345,33
mp-13456,33
mp-13503,48
mp-136,185
mp-13682,17
mp-1378,29
mp-13801,83
mp-1431,141
mp-1462,18
mp-1479,162
mp-14793,60
mp-14797,12
mp-15226,142
mp-1557,30
mp-15607,82
mp-15649,96
mp-15896,28
mp-15951,25
mp-1598,14
mp-16220,37
mp-1630,58
mp-1648,79
mp-165,62
mp-16524,41
mp-169,92
mp-1777,19
mp-1778,130
mp-1783,15
mp-1791,77
mp-1808,36
mp-1814,13
mp-18778,29
mp-18816,72
mp-18875,70
mp-189,99
mp-190,126
mp-19017,48
mp-1903,35
mp-1907,12
mp-19086,31
mp-19138,24
mp-1914,55
mp-1915,145
mp-19292,73
mp-19330,33
mp-19331,89
mp-1944,115
mp-19734,23
mp-19904,37
mp-20066,3
mp-20097,17
mp-20202,49
mp-20211,99
mp-20249,107
mp-20310,14
mp-20315,96
mp-20335,100
mp-20337,46
mp-20351,31
mp-20563,36
mp-2058,82
mp-20581,13
mp-20586,75
mp-20648,117
mp-20862,55
mp-20928,77
mp-20935,65
mp-2108,94
mp-21211,45
mp-21215,28
mp-21316,125
mp-214,81
mp-21418,26
mp-21467,74
mp-21521,12
mp-22033,46
mp-2211,94
mp-22191,91
mp-22309,66
mp-22493,22
mp-22580,31
mp-22617,42
mp-22619,98
mp-22725,46
mp-22862,14
mp-2291,32
mp-22934,7
mp-23163,8
mp-2318,87
mp-23222,21
mp-2323,70
mp-23752,11
mp-2379,64
mp-23803,91
mp-23807,133
mp-2385,83
mp-2398,34
mp-2469,17
mp-2472,56
mp-25317,33
mp-25542,40
mp-2557,53
mp-25886,41
mp-259,121
mp-260,223
mp-2600,14
mp-2633,149
mp-2685,35
mp-27148,73
mp-27381,5
mp-2741,38
mp-2750,26
mp-27678,12
mp-27793,57
mp-27837,16
mp-27863,21
mp-28056,60
mp-2809,9
mp-28323,12
mp-291,134
mp-29208,22
mp-29374,14
mp-29638,32
mp-29666,10
mp-29750,4
mp-29752,59
mp-29973,26
mp-30019,21
mp-30028,99
mp-30251,28
mp-303,27
mp-30352,21
mp-30437,25
mp-30472,24
mp-30481,71
mp-30533,15
mp-30555,86
mp-30563,66
mp-30599,48
mp-30657,40
mp-30788,101
mp-30867,52
mp-31160,36
mp-31169,25
mp-31205,36
mp-31297,37
mp-31502,20
mp-3241,41
mp-3472,18
mp-36,22
mp-3657,86
mp-3677,104
mp-372,110
mp-38280,123
mp-4056,82
mp-4112,8
mp-4368,31
mp-441,11
mp-4438,77
mp-4549,32
mp-4556,19
mp-4586,13
mp-4608,7
mp-4824,26
mp-4867,46
mp-4899,17
mp-5000,15
mp-501,16
mp-5025,112
mp-504659,76
mp-504908,60
mp-505198,17
mp-5129,93
mp-5175,57
mp-522,28
mp-5221,89
mp-540584,18
mp-5407,90
mp-540783,3
mp-541014,4
mp-541431,36
mp-541487,14
mp-541989,18
mp-542112,62
mp-542429,27
mp-542496,23
mp-542595,137
mp-542812,7
mp-5456,54
mp-545756,8
mp-5492,42
mp-550306,33
mp-550908,98
mp-551873,29
mp-553961,61
mp-554355,29
mp-555599,24
mp-556417,9
mp-556777,41
mp-557533,14
mp-557862,17
mp-558050,21
mp-558781,72
mp-5597,79
mp-559976,27
mp-560037,16
mp-560399,43
mp-560936,27
mp-561419,72
mp-561536,36
mp-561598,18
mp-566131,28
mp-5676,29
mp-567617,121
mp-567832,53
mp-567981,79
mp-568404,26
mp-568671,120
mp-568908,29
mp-569114,12
mp-569250,116
mp-570002,220
mp-570008,36
mp-570293,77
mp-570428,38
mp-570578,48
mp-570923,57
mp-571264,16
mp-571420,40
mp-571499,96
mp-571622,76
mp-573316,12
mp-576,159
mp-5853,121
mp-604884,75
mp-620290,54
mp-622497,85
mp-627439,129
mp-629015,73
mp-631425,83
mp-631479,22
mp-631527,13
mp-632311,64
mp-634431,10
mp-634859,30
mp-639659,61
mp-639910,56
mp-643273,35
mp-643279,9
mp-656887,78
mp-669917,48
mp-672299,34
mp-674478,14
mp-675477,18
mp-685055,14
mp-6997,21
mp-7090,15
mp-715262,42
mp-7191,38
mp-722913,83
mp-725,94
mp-7263,56
mp-743,9
mp-7469,22
mp-752826,74
mp-752947,36
mp-753,28
mp-753081,22
mp-753257,19
mp-753360,27
mp-753712,25
mp-754,48
mp-754213,64
mp-754326,26
mp-754352,27
mp-754375,76
mp-754624,126
mp-754711,77
mp-754752,61
mp-754839,32
mp-755313,81
mp-756063,19
mp-756134,75
mp-756187,15
mp-756235,6
mp-7599,139
mp-759943,111
mp-7603,30
mp-760415,13
mp-761315,57
mp-761341,109
mp-765499,33
mp-768240,32
mp-775909,91
mp-778,89
mp-779545,17
mp-7921,27
mp-7936,57
mp-796,18
mp-7986,86
mp-8046,172
mp-8074,36
mp-8211,11
mp-8224,26
mp-8389,15
mp-846,67
mp-8608,19
mp-8612,10
mp-862339,38
mp-862360,48
mp-862363,41
mp-862364,70
mp-862366,31
mp-862367,57
mp-862446,131
mp-862713,93
mp-862745,12
mp-8643,231
mp-864794,20
mp-864889,39
mp-864909,80
mp-864941,23
mp-864971,113
mp-864976,29
mp-864990,127
mp-865130,78
mp-865150,23
mp-865385,70
mp-865525,19
mp-865603,47
mp-865649,94
mp-865747,55
mp-865786,65
mp-866033,90
mp-866062,106
mp-866143,94
mp-866376,88
mp-866522,23
mp-8666,8
mp-867121,30
mp-867226,12
mp-867252,35
mp-867270,111
mp-867351,141
mp-867794,43
mp-867834,18
mp-867927,110
mp-8752,13
mp-8939,147
mp-900,29
mp-9060,24
mp-910,197
mp-924128,80
mp-947,12
mp-9472,20
mp-9486,14
mp-9587,163
mp-960,153
mp-961697,35
mp-9672,14
mp-971948,38
mp-9721,46
mp-972845,103
mp-972869,42
mp-972961,37
mp-973896,32
mp-974395,76
mp-974565,55
mp-975882,9
mp-975905,28
mp-976139,8
mp-976256,8
mp-976271,38
mp-976280,8
mp-977310,21
mp-977382,84
mp-9778,11
mp-978490,74
mp-978534,56
mp-979294,47
mp-981367,56
mp-982070,137
mp-983123,33
mp-984351,15
mp-984718,126
mp-985281,14
mp-985825,49
mp-989512,11
mp-989586,30
mp-9907,22
mp-9927,27
mp-9934,24
mp-9946,33
mp-997012,28
mp-997616,12
mp-998323,8
mp-999118,44
mp-999259,168
mp-999496,13
mp-999539,30
mvc-11697,65
mvc-13598,20
mvc-15387,147
mvc-15474,46
mvc-3525,24
mp-1001019,20
mp-1001783,26
mp-1001834,77
mp-10021,15
mp-1002117,66
mp-1003317,65
mp-10051,14
mp-10055,179
mp-1008625,160
mp-1008653,11
mp-1009083,27
mp-1009223,25
mp-1009750,45
mp-1009822,61
mp-101,217
mp-1011695,5
mp-1013544,25
mp-1013713,9
mp-1013734,27
mp-1016842,28
mp-1016874,68
mp-1016928,150
mp-1016999,125
mp-1017578,107
mp-1017629,40
mp-1017987,182
mp-1018043,42
mp-1018070,24
mp-1018082,80
mp-1018128,39
mp-1018714,66
mp-1018721,60
mp-1018783,60
mp-1021674,7
mp-1023934,8
mp-1025010,113
mp-1025222,44
mp-1025241,52
mp-1025271,79
mp-1025366,27
mp-1025373,4
mp-1025377,6
mp-1029374,90
mp-1029385,86
mp-1029633,36
mp-1029726,59
mp-1029868,38
mp-10485,23
mp-10564,35
mp-10736,6
mp-10797,39
mp-10824,27
mp-10891,34
mp-1095534,91
mp-1099,62
mp-1113,152
mp-1118,64
mp-1124,27
mp-11366,43
mp-11444,49
mp-11482,188
mp-11531,86
mp-11549,76
mp-11582,17
mp-11718,14
mp-11737,53
mp-11807,51
mp-11947,27
mp-12079,31
mp-12108,114
mp-12268,19
mp-12427,92
mp-1251,96
mp-12565,31
mp-12593,111
mp-12666,78
mp-12759,26
mp-1278,87
mp-12962,58
mp-13070,55
mp-13119,19
mp-1321,18
mp-1326,22
mp-13312,27
mp-1349,50
mp-13797,30
mp-13911,19
mp-1395,76
mp-13993,46
mp-14006,22
mp-14105,34
mp-14142,51
mp-14285,122
mp-1438,152
mp-14568,29
mp-1472,226
mp-1483,83
mp-15605,73
mp-15643,31
mp-15651,45
mp-15780,75
mp-15809,185
mp-15845,29
mp-16053,21
mp-1609,104
mp-16246,14
mp-16261,58
mp-16290,60
mp-16497,45
mp-16514,75
mp-1689,75
mp-171,101
mp-17639,51
mp-1773,270
mp-17783,30
mp-1780,61
mp-1782,37
mp-18288,16
mp-18513,20
mp-18850,66
mp-18903,44
mp-18908,62
mp-18924,55
mp-18937,80
mp-18966,42
mp-18972,72
mp-19091,137
mp-19133,47
mp-19299,109
mp-19417,47
mp-19419,74
mp-19420,72
mp-1949,61
mp-196,84
mp-19791,48
mp-19807,57
mp-20120,60
mp-20192,86
mp-20199,13
mp-2025,120
mp-20269,16
mp-20422,10
mp-20424,113
mp-20457,49
mp-20458,10
mp-20473,32
mp-20536,72
mp-20661,72
mp-2071,35
mp-20841,57
mp-20860,115
mp-21008,84
mp-21141,62
mp-2123,61
mp-2132,87
mp-21440,95
mp-21464,131
mp-215,29
mp-21850,59
mp-21862,158
mp-22027,20
mp-2207,14
mp-22204,79
mp-2231,17
mp-22434,125
mp-22444,101
mp-22546,63
mp-22687,20
mp-22865,8
mp-22867,6
mp-22868,30
mp-2287,90
mp-22891,21
mp-22965,5
mp-23038,5
mp-2322,60
mp-23262,30
mp-23313,16
mp-2340,29
mp-23710,35
mp-23918,8
mp-24093,33
mp-24289,38
mp-2434,31
mp-24409,7
mp-2454,79
mp-24650,58
mp-2653,383
mp-2657,110
mp-2674,73
mp-2686,15
mp-2693,29
mp-27219,19
mp-27226,52
mp-27255,18
mp-2732,84
mp-2749,106
mp-27562,35
mp-2768,14
mp-27705,26
mp-27718,15
mp-27838,10
mp-2795,159
mp-28069,24
mp-28264,12
mp-2831,76
mp-2858,85
mp-28786,110
mp-2879,74
mp-28872,9
mp-2895,74
mp-29026,110
mp-29111,109
mp-2935,35
mp-2955,42
mp-29551,8
mp-29652,14
mp-29678,15
mp-29748,12
mp-29868,25
mp-30045,68
mp-30234,4
mp-30427,19
mp-305,97
mp-30536,53
mp-30722,20
mp-30769,24
mp-30777,76
mp-30807,62
mp-30816,29
mp-30849,78
mp-30921,21
mp-3094,45
mp-31043,10
mp-31081,76
mp-31220,10
mp-315,22
mp-32,45
mp-32570,111
mp-32679,133
mp-32880,14
mp-33363,33
mp-3345,33
mp-3385,50
mp-34169,17
mp-3442,106
mp-3469,60
mp-3488,42
mp-3497,19
mp-35035,5
mp-3515,106
mp-3519,50
mp-3567,11
mp-3660,46
mp-3679,51
mp-3701,85
mp-37214,66
mp-37307,110
mp-3740,40
mp-37657,45
mp-38194,65
mp-3886,90
mp-389,58
mp-390,55
mp-4022,95
mp-4051,31
mp-4064,74
mp-408,42
mp-4156,59
mp-4236,33
mp-4287,50
mp-4316,30
mp-448,49
mp-449,103
mp-450,195
mp-4520,55
mp-4571,85
mp-4697,31
mp-4720,77
mp-4809,20
mp-4861,29
mp-4878,68
mp-504741,94
mp-505368,21
mp-505822,77
mp-5072,11
mp-510557,7
mp-517,142
mp-540912,84
mp-541,84
mp-5431,21
mp-546279,14
mp-5515,69
mp-5529,97
mp-5538,25
mp-553875,76
mp-554601,30
mp-5549,23
mp-555229,5
mp-556464,71
mp-556548,49
mp-556927,13
mp-557753,18
mp-558636,87
mp-5594,72
mp-560338,39
mp-560927,68
mp-5621,25
mp-567097,36
mp-567181,53
mp-567240,18
mp-567279,5
mp-568018,8
mp-568077,93
mp-568232,56
mp-568273,11
mp-568382,30
mp-568469,43
mp-568595,160
mp-568661,14
mp-568901,87
mp-569247,88
mp-569402,40
mp-569458,166
mp-569523,38
mp-570113,21
mp-570452,45
mp-570910,10
mp-571033,8
mp-571166,10
mp-571216,31
mp-571443,22
mp-571458,10
mp-571467,12
mp-571651,61
mp-573119,57
mp-585,172
mp-601842,97
mp-6058,27
mp-613523,69
mp-6174,50
mp-631339,16
mp-635713,24
mp-636368,66
mp-644419,10
mp-6498,32
mp-6669,39
mp-672645,88
mp-674953,22
mp-675120,25
mp-677105,26
mp-677335,20
mp-684580,6
mp-685194,60
mp-691,15
mp-696572,26
mp-7002,71
mp-7027,62
mp-715553,54
mp-715572,79
mp-715923,101
mp-7243,29
mp-74,145
mp-7436,18
mp-7482,15
mp-7541,25
mp-754128,71
mp-754344,48
mp-754698,51
mp-7547,12
mp-755000,40
mp-755066,83
mp-755225,64
mp-756683,60
mp-756784,33
mp-7583,19
mp-7591,38
mp-761034,130
mp-761524,67
mp-761842,77
mp-762506,54
mp-770771,81
mp-7711,23
mp-774,65
mp-774155,63
mp-7752,38
mp-775935,50
mp-7760,23
mp-776097,95
mp-776250,69
mp-7790,104
mp-779517,80
mp-7937,48
mp-7961,21
mp-801,120
mp-8062,187
mp-8073,29
mp-8094,9
mp-8150,18
mp-82,7
mp-8255,14
mp-8275,53
mp-8452,24
mp-8539,16
mp-8578,82
mp-8579,20
mp-8601,14
mp-861629,34
mp-861979,86
mp-862,38
mp-862259,41
mp-862261,34
mp-862264,38
mp-862556,15
mp-862586,173
mp-862750,27
mp-863744,22
mp-864598,27
mp-864672,87
mp-864798,87
mp-864931,57
mp-864974,57
mp-865147,99
mp-865362,53
mp-865506,126
mp-865531,85
mp-865561,34
mp-865795,33
mp-865805,75
mp-865809,93
mp-865901,130
mp-866094,43
mp-866298,45
mp-866311,29
mp-867169,24
mp-867171,21
mp-867222,25
mp-867304,110
mp-867828,71
mp-875,118
mp-8786,68
mp-8799,12
mp-8843,21
mp-8880,46
mp-8969,69
mp-9127,42
mp-9158,40
mp-925,165
mp-9274,6
mp-9490,12
mp-9550,75
mp-961646,58
mp-961682,77
mp-961723,4
mp-961774,11
mp-9631,60
mp-9690,28
mp-971779,90
mp-972021,20
mp-972071,40
mp-972217,48
mp-972228,61
mp-972877,49
mp-972884,34
mp-973141,36
mp-974474,48
mp-975176,8
mp-975373,10
mp-975423,79
mp-975443,39
mp-976292,10
mp-976818,57
mp-977013,5
mp-977110,47
mp-977283,100
mp-977554,29
mp-977582,61
mp-981376,42
mp-982780,2
mp-982981,9
mp-9830,77
mp-983590,82
mp-989516,6
mp-989635,45
mp-990430,56
mp-9923,124
mp-9945,46
mp-995434,79
mp-996995,38
mp-997005,31
mp-9973,232
mp-999068,37
mp-999096,49
mp-999376,115
mp-999390,75
mp-999485,22
mp-9999,179
mvc-13470,22
mvc-15476,41
mvc-15603,43
mp-1001571,88
mp-1001833,14
mp-1007664,37
mp-1007961,63
mp-1008785,184
mp-1008911,33
mp-1009130,58
mp-1009787,37
mp-10113,120
mp-1013554,38
mp-1013585,14
mp-1013643,22
mp-10142,208
mp-1014460,145
mp-10154,40
mp-10172,4
mp-1017447,64
mp-1017466,67
mp-1017544,81
mp-1017553,91
mp-1018012,73
mp-1018020,19
mp-1018023,34
mp-1018024,95
mp-1018142,17
mp-1018151,74
mp-1018157,68
mp-1018636,41
mp-10187,22
mp-1019055,253
mp-10198,74
mp-1022,10
mp-1023128,40
mp-10244,83
mp-1025170,213
mp-1025173,66
mp-1025203,48
mp-1025242,49
mp-1025267,6
mp-1025365,76
mp-1025372,74
mp-1025397,80
mp-10257,76
mp-10259,57
mp-1029,24
mp-1029267,123
mp-1029294,49
mp-1029659,47
mp-10300,114
mp-1030827,12
mp-10371,79
mp-1039262,13
mp-1040472,120
mp-10408,13
mp-10421,19
mp-10423,18
mp-1052,24
mp-10692,76
mp-10721,78
mp-1086,215
mp-10911,67
mp-10969,25
mp-11233,68
mp-1125,26
mp-11259,39
mp-11281,138
mp-11285,35
mp-11309,45
mp-11431,39
mp-11449,53
mp-11454,55
mp-11456,106
mp-11514,108
mp-11522,76
mp-11550,28
mp-11565,76
mp-11675,19
mp-11693,21
mp-11800,44
mp-11801,5
mp-11826,49
mp-11977,16
mp-1239,60
mp-12532,13
mp-12549,46
mp-1264,15
mp-12772,56
mp-12927,61
mp-1294,29
mp-13033,12
mp-13051,12
mp-13071,51
mp-13095,26
mp-13155,53
mp-1328,34
mp-13334,72
mp-1341,49
mp-1361,54
mp-13983,25
mp-14070,43
mp-14092,17
mp-14753,66
mp-1497,143
mp-15157,14
mp-15322,76
mp-15695,46
mp-15703,292
mp-15779,74
mp-1580,130
mp-16045,60
mp-16358,40
mp-16482,25
mp-16493,45
mp-16548,31
mp-1716,104
mp-17275,63
mp-18198,56
mp-1840,78
mp-1866,10
mp-1869,42
mp-18712,21
mp-18819,60
mp-18878,48
mp-18905,44
mp-18971,70
mp-18988,79
mp-19148,24
mp-1919,53
mp-19241,24
mp-1933,38
mp-19391,50
mp-1954,113
mp-19799,17
mp-19832,32
mp-1985,312
mp-19893,21
mp-19905,107
mp-19953,87
mp-20001,28
mp-20012,19
mp-20027,154
mp-20147,111
mp-20235,30
mp-2027,56
mp-2039,38
mp-20395,76
mp-20426,44
mp-20436,118
mp-20497,28
mp-20525,26
mp-20618,61
mp-2076,12
mp-20790,11
mp-20800,44
mp-20828,46
mp-20849,45
mp-20892,119
mp-21113,57
mp-21347,178
mp-2137,29
mp-21385,46
mp-21495,143
mp-2150,15
mp-21907,104
mp-22056,41
mp-22120,80
mp-22205,66
mp-22313,27
mp-22489,85
mp-22503,72
mp-2252,194
mp-22636,75
mp-22660,31
mp-22717,25
mp-22747,11
mp-22769,78
mp-22870,6
mp-22904,13
mp-22922,7
mp-22980,15
mp-23,95
mp-230,55
mp-2301,75
mp-23193,9
mp-23350,6
mp-23383,5
mp-23432,18
mp-23513,6
mp-238,51
mp-23956,17
mp-2406,24
mp-2414,2
mp-2418,14
mp-242,111
mp-2439,86
mp-2455,119
mp-25587,27
mp-2588,40
mp-2634,211
mp-2647,33
mp-2663,80
mp-2699,40
mp-2705,111
mp-2716,38
mp-27227,19
mp-27321,19
mp-27834,6
mp-27840,34
mp-27919,115
mp-28250,10
mp-28591,12
mp-28602,23
mp-28954,8
mp-29088,30
mp-2910,18
mp-29342,25
mp-29352,44
mp-29362,5
mp-29396,17
mp-2949,40
mp-29659,15
mp-30148,423
mp-30178,58
mp-3032,7
mp-3042,18
mp-30426,18
mp-30598,23
mp-30603,56
mp-30739,28
mp-30818,38
mp-31152,24
mp-31208,78
mp-31277,36
mp-31467,49
mp-3161,55
mp-31907,11
mp-3250,20
mp-32994,102
mp-34139,55
mp-35539,21
mp-36738,62
mp-3676,55
mp-3747,126
mp-3830,59
mp-3909,78
mp-3963,11
mp-3970,11
mp-406,14
mp-4131,90
mp-4192,45
mp-4198,13
mp-42022,18
mp-4252,11
mp-426,39
mp-4346,79
mp-4429,47
mp-4484,48
mp-4500,99
mp-452,83
mp-4559,22
mp-4626,33
mp-471,18
mp-4730,18
mp-4840,28
mp-4846,30
mp-4852,32
mp-5020,42
mp-505042,27
mp-505540,76
mp-505562,58
mp-510086,26
mp-510198,63
mp-510657,7
mp-5127,32
mp-5176,70
mp-5244,71
mp-5288,80
mp-5318,56
mp-539,23
mp-541037,6
mp-542316,125
mp-546794,34
mp-5475,96
mp-548658,14
mp-549487,30
mp-5501,24
mp-551092,34
mp-553303,7
mp-554238,18
mp-554405,33
mp-555477,27
mp-556004,24
mp-556424,35
mp-557772,8
mp-557929,14
mp-557958,15
mp-559200,22
mp-559390,42
mp-560902,30
mp-560956,14
mp-567558,6
mp-567612,66
mp-567705,82
mp-567749,85
mp-568419,31
mp-568587,31
mp-568656,187
mp-569196,52
mp-569344,109
mp-569364,152
mp-569558,32
mp-569779,46
mp-569785,28
mp-569857,9
mp-570991,104
mp-571133,13
mp-571653,382
mp-573051,5
mp-5773,40
mp-5795,73
mp-581024,7
mp-582028,74
mp-5929,17
mp-603640,31
mp-610972,34
mp-615141,7
mp-616575,50
mp-631523,30
mp-632808,6
mp-634657,9
mp-636320,100
mp-637255,48
mp-642644,52
mp-642659,54
mp-643257,8
mp-643264,39
mp-643718,28
mp-644311,74
mp-648,18
mp-675009,24
mp-675334,118
mp-675755,24
mp-6847,31
mp-6867,29
mp-686717,31
mp-6933,121
mp-6951,14
mp-6954,31
mp-696746,178
mp-697038,22
mp-7068,31
mp-7088,138
mp-7350,46
mp-7390,20
mp-7420,18
mp-7422,36
mp-7435,22
mp-7498,36
mp-752426,25
mp-754126,22
mp-754567,30
mp-755293,28
mp-755309,7
mp-755875,89
mp-7577,116
mp-7581,15
mp-758604,8
mp-760375,7
mp-766217,53
mp-768870,13
mp-770118,48
mp-7704,41
mp-770635,77
mp-774712,14
mp-775757,102
mp-776205,81
mp-7786,8
mp-7818,37
mp-782,22
mp-7821,51
mp-7851,125
mp-7906,22
mp-7930,75
mp-804,105
mp-8281,27
mp-8306,19
mp-8311,61
mp-8458,23
mp-861627,42
mp-861666,85
mp-861896,14
mp-861901,33
mp-862338,47
mp-862378,48
mp-862423,51
mp-862719,36
mp-862737,18
mp-862798,118
mp-8630,86
mp-864761,70
mp-864782,111
mp-864890,65
mp-864910,67
mp-864935,29
mp-864936,108
mp-864987,60
mp-865123,34
mp-865146,70
mp-865231,22
mp-865507,114
mp-865519,64
mp-865520,23
mp-865527,40
mp-865534,11
mp-865792,61
mp-865893,29
mp-865895,78
mp-865929,43
mp-865963,24
mp-866088,82
mp-866115,100
mp-866186,54
mp-866284,128
mp-867116,117
mp-867120,107
mp-867163,20
mp-867242,46
mp-867266,16
mp-867293,115
mp-867319,94
mp-867342,24
mp-867356,184
mp-867803,10
mp-867807,31
mp-867821,89
mp-8697,79
mp-888,29
mp-8881,39
mp-889,211
mp-8937,172
mp-894,63
mp-9023,63
mp-91,147
mp-921,62
mp-9324,21
mp-935811,97
mp-936,28
mp-9479,9
mp-949,108
mp-962068,19
mp-9687,9
mp-971909,16
mp-972202,47
mp-972954,17
mp-972957,79
mp-973068,79
mp-973153,28
mp-973834,21
mp-975198,14
mp-975909,25
mp-976114,24
mp-976239,16
mp-976265,46
mp-976291,17
mp-977126,6
mp-977541,87
mp-977997,64
mp-978498,36
mp-979265,61
mp-979289,139
mp-9801,92
mp-980200,43
mp-982261,8
mp-983358,91
mp-983607,30
mp-984356,77
mp-984711,73
mp-984745,51
mp-985583,11
mp-985828,18
mp-989532,14
mp-989575,21
mp-989576,48
mp-992,31
mp-994,59
mp-9958,104
mp-996940,117
mp-996961,27
mp-996971,26
mp-996996,62
mp-997086,30
mp-9981,99
mp-9985,140
mp-998982,55
mp-998988,27
mp-999133,71
mp-999516,80
mvc-11225,32
mvc-15785,17
mvc-15941,36
mp-1002165,108
mp-1002574,25
mp-1003322,64
mp-10046,115
mp-1007660,135
mp-1007853,75
mp-1007855,91
mp-1008395,420
mp-1008630,231
mp-1008682,31
mp-1009488,78
mp-1009582,24
mp-1009733,24
mp-10106,30
mp-10133,66
mp-10155,129
mp-10161,16
mp-1016829,32
mp-1016876,70
mp-1016879,106
mp-1016929,21
mp-1017514,180
mp-1018030,32
mp-1018031,40
mp-1018126,20
mp-10185,34
mp-1018718,107
mp-1018794,14
mp-1019052,180
mp-1019105,12
mp-1022725,52
mp-1025218,67
mp-1025236,62
mp-1025263,55
mp-1025281,43
mp-1025345,38
mp-1025346,60
mp-1025378,35
mp-1025517,84
mp-1025549,42
mp-1029313,35
mp-1029316,20
mp-1029378,59
mp-1029457,33
mp-1029656,37
mp-1029733,52
mp-10311,72
mp-10312,70
mp-1038916,25
mp-1039,12
mp-1039124,13
mp-10402,7
mp-10456,101
mp-10608,63
mp-10627,23
mp-10734,92
mp-1081,70
mp-10846,54
mp-10909,139
mp-10913,121
mp-1094490,12
mp-11029,60
mp-11180,15
mp-1128,87
mp-11322,92
mp-11365,15
mp-11416,80
mp-11481,174
mp-11571,14
mp-11580,123
mp-1159,32
mp-11607,149
mp-11684,59
mp-1174,27
mp-11822,36
mp-11870,39
mp-12104,140
mp-12665,32
mp-12675,32
mp-12678,88
mp-12697,70
mp-12875,130
mp-1335,61
mp-13416,44
mp-13453,37
mp-13542,11
mp-1364,24
mp-1393,11
mp-13948,9
mp-14019,111
mp-14038,17
mp-1481,8
mp-1492,16
mp-15316,30
mp-1547,58
mp-15988,34
mp-1606,64
mp-161,173
mp-16297,82
mp-16318,31
mp-16506,35
mp-16566,20
mp-17017,74
mp-1708,20
mp-17129,45
mp-1727,39
mp-1786,71
mp-1793,39
mp-18728,35
mp-18732,82
mp-18856,36
mp-18876,19
mp-19082,64
mp-1912,23
mp-19149,68
mp-19225,41
mp-19246,33
mp-19340,62
mp-19407,55
mp-19442,85
mp-1961,40
mp-19724,43
mp-19765,12
mp-19821,82
mp-19835,97
mp-19962,24
mp-19963,106
mp-20004,82
mp-2006,122
mp-20136,13
mp-20362,50
mp-20483,13
mp-2053,82
mp-2065,39
mp-20689,168
mp-20787,141
mp-20943,10
mp-20997,41
mp-21003,74
mp-21012,76
mp-21128,7
mp-21248,121
mp-21309,68
mp-21371,112
mp-21489,16
mp-21508,29
mp-2151,24
mp-2170,31
mp-21883,122
mp-2210,31
mp-2213,92
mp-22253,15
mp-22268,108
mp-22312,84
mp-22396,99
mp-22447,64
mp-22490,75
mp-2260,92
mp-22646,33
mp-22701,62
mp-22716,32
mp-22790,84
mp-22914,10
mp-22916,12
mp-22935,9
mp-22947,6
mp-22987,10
mp-22993,7
mp-23021,6
mp-23033,33
mp-2313,15
mp-23179,10
mp-23209,13
mp-23268,8
mp-23291,8
mp-2341,46
mp-2343,26
mp-23487,13
mp-23818,39
mp-23846,13
mp-23866,7
mp-23879,23
mp-2393,16
mp-2404,41
mp-2420,117
mp-2430,73
mp-2449,146
mp-24669,76
mp-249,74
mp-25372,65
mp-2580,197
mp-2583,49
mp-2604,22
mp-2646,18
mp-27138,6
mp-27304,7
mp-27388,36
mp-2743,27
mp-2760,161
mp-2762,88
mp-27757,150
mp-27821,32
mp-28319,4
mp-2857,156
mp-288,33
mp-28896,68
mp-29152,78
mp-29153,83
mp-29210,29
mp-29615,14
mp-2977,9
mp-29771,29
mp-29772,52
mp-30183,84
mp-3021,22
mp-30354,37
mp-30410,32
mp-30444,150
mp-30460,48
mp-30477,26
mp-30562,12
mp-30619,34
mp-30767,25
mp-31168,21
mp-31294,25
mp-31328,28
mp-31498,19
mp-34293,32
mp-3503,68
mp-3536,96
mp-3582,104
mp-3666,83
mp-36775,43
mp-36864,88
mp-3827,9
mp-3838,46
mp-3839,24
mp-3982,19
mp-399,28
mp-4043,22
mp-40793,98
mp-4083,32
mp-4150,16
mp-4366,24
mp-4488,42
mp-4536,51
mp-4593,129
mp-4604,72
mp-4674,8
mp-4763,54
mp-4779,42
mp-49,259
mp-493,104
mp-4978,115
mp-4979,38
mp-5014,16
mp-505071,37
mp-505531,19
mp-510076,5
mp-5104,22
mp-510412,103
mp-510691,63
mp-5251,32
mp-5309,8
mp-534,161
mp-542090,29
mp-542569,103
mp-542854,38
mp-543024,7
mp-5436,90
mp-546125,67
mp-549490,84
mp-554573,33
mp-555,88
mp-555359,27
mp-556562,8
mp-557993,24
mp-558411,86
mp-558852,49
mp-559676,16
mp-559931,31
mp-560530,45
mp-561664,6
mp-567197,42
mp-567395,13
mp-568662,11
mp-568792,90
mp-568895,26
mp-568974,27
mp-569073,19
mp-569298,47
mp-569526,5
mp-569803,224
mp-569807,7
mp-569837,56
mp-5702,26
mp-570213,21
mp-570276,47
mp-570290,15
mp-570960,91
mp-571222,5
mp-571638,6
mp-5745,26
mp-5782,21
mp-5784,28
mp-5915,7
mp-5928,22
mp-600089,7
mp-604910,13
mp-605028,16
mp-606949,93
mp-607111,74
mp-610,51
mp-611426,523
mp-614777,38
mp-631754,37
mp-636328,88
mp-639789,101
mp-641539,144
mp-643367,10
mp-644225,36
mp-644229,36
mp-644280,72
mp-6504,33
mp-6668,58
mp-689940,14
mp-690760,32
mp-6960,11
mp-697030,53
mp-703260,22
mp-7048,101
mp-705519,81
mp-7079,65
mp-714969,51
mp-7223,49
mp-736,34
mp-7387,11
mp-7431,18
mp-7437,26
mp-7457,8
mp-7470,11
mp-753098,25
mp-753459,101
mp-753508,15
mp-754008,26
mp-754940,26
mp-755071,50
mp-755478,33
mp-755483,110
mp-756361,47
mp-7572,48
mp-758006,44
mp-758658,41
mp-763099,74
mp-766454,65
mp-7692,175
mp-775001,12
mp-776264,25
mp-778364,25
mp-7834,14
mp-7875,40
mp-7892,158
mp-7899,36
mp-7909,16
mp-7911,14
mp-7914,70
mp-7927,157
mp-8059,31
mp-8212,70
mp-8279,32
mp-8291,22
mp-8310,41
mp-8377,19
mp-84,21
mp-8439,23
mp-8446,11
mp-8487,35
mp-855,99
mp-856,87
mp-8603,10
mp-8605,24
mp-861931,84
mp-861954,66
mp-862290,60
mp-862312,59
mp-862329,20
mp-862336,46
mp-862362,61
mp-862370,54
mp-862432,36
mp-862610,67
mp-862655,162
mp-862679,89
mp-862730,65
mp-862781,113
mp-863659,18
mp-863707,11
mp-863727,62
mp-864630,22
mp-864772,41
mp-864835,40
mp-864939,45
mp-864957,94
mp-864978,31
mp-864992,88
mp-865,86
mp-865020,99
mp-865025,117
mp-865082,9
mp-865176,23
mp-865484,112
mp-865485,125
mp-865533,108
mp-865577,17
mp-865665,123
mp-865669,86
mp-865984,8
mp-866077,32
mp-866080,23
mp-866086,88
mp-866159,62
mp-867110,63
mp-867119,21
mp-867133,47
mp-867168,23
mp-867192,28
mp-867194,35
mp-867205,4
mp-867258,46
mp-867300,39
mp-867303,16
mp-867307,86
mp-867568,53
mp-867816,117
mp-867896,30
mp-867897,101
mp-8927,63
mp-8943,18
mp-9146,14
mp-927,50
mp-9349,14
mp-9562,38
mp-961657,34
mp-961665,39
mp-961668,22
mp-962067,3
mp-9664,7
mp-971,12
mp-971647,53
mp-971662,45
mp-971914,28
mp-971975,41
mp-972048,50
mp-972309,83
mp-972323,108
mp-972692,10
mp-973060,25
mp-973199,4
mp-973455,17
mp-975044,70
mp-975216,103
mp-975275,12
mp-975292,100
mp-9755,91
mp-975904,10
mp-977273,85
mp-977384,60
mp-977561,108
mp-977580,42
mp-978276,27
mp-978853,65
mp-978976,57
mp-979115,41
mp-981232,25
mp-982779,47
mp-9835,63
mp-983578,58
mp-984721,99
mp-984876,39
mp-985282,21
mp-989560,8
mp-989562,25
mp-991676,20
mp-9925,27
mp-9953,86
mp-9964,47
mp-996944,9
mp-997024,10
mp-997027,9
mp-997100,38
mp-997618,84
mp-998414,22
mp-9987,140
mp-998894,14
mp-999120,199
mp-999139,13
mp-999198,191
mp-999357,150
mp-999396,62
mp-999439,22
mp-867335,10
mp-867339,7
mp-867699,14
mp-867700,21
mvc-10478,37
mvc-11115,36
mvc-11152,21
mvc-11196,23
mvc-11548,101
mvc-12484,87
mvc-14047,16
mvc-14149,35
mvc-14600,65
mvc-14934,62
mvc-15239,14
mvc-15350,45
mvc-15643,61
mvc-15683,24
mvc-16021,51
mvc-2949,37
mvc-4299,46
mvc-5863,83
mvc-5884,27
mvc-5892,27
mvc-5897,34
mvc-6389,29
mvc-6477,47
mvc-652,44
mvc-6615,45
mvc-6921,44
mvc-7194,34
mvc-8365,26
mvc-916,36
