material_id,NG_VRH,G_VRH
mp-21765,26,32.24534607
,,
mp-983430,32,61.04217911
,,
mp-22478,73,87.74924469
,,
mp-6908,28,30.69638443
,,
mp-1002222,109,75.05552673
,,
mp-24289,38,45.86991882
,,
mp-4556,19,25.15626907
,,
mp-962065,23,26.70040703
,,
mvc-12484,87,81.71429443
,,
mp-862369,69,70.1104126
,,
mp-550306,33,36.84939194
,,
mp-30409,48,35.44268036
,,
mp-23034,13,12.445755
,,
mp-864618,10,13.75725555
,,
mp-936,28,17.0956955
,,
mp-999485,22,41.54077148
,,
mp-22716,32,35.2309494
,,
mp-7785,22,25.05887985
,,
mp-865803,89,80.1169281
,,
mp-556194,16,25.60259628
,,
mp-1025386,55,54.86992264
,,
mp-569548,4,6.916267395
,,
mp-15053,58,40.90386963
,,
mp-31220,10,18.76966858
,,
mp-768870,13,19.95155334
,,
mp-999200,46,39.02350616
,,
mp-1029834,75,93.75279236
,,
mp-31145,24,23.88018036
,,
mp-866183,62,72.95014954
,,
mp-11737,53,58.14575195
,,
mp-21199,26,24.92287445
,,
mp-11259,39,31.36869049
,,
mp-985439,32,29.86478424
,,
mp-15954,83,73.62646484
,,
mp-978267,28,41.83576202
,,
mp-13450,61,47.65532303
,,
mvc-3769,37,47.70466614
,,
mp-13472,97,89.60147095
,,
mp-569366,55,64.05215454
,,
mp-972925,40,34.93687439
,,
mp-1016931,26,62.11588287
,,
mp-1542,151,115.9795685
,,
mp-675271,4,3.708930969
,,
mp-20586,75,101.1308823
,,
mp-977128,43,92.15533447
,,
mp-9225,60,64.39768219
,,
mp-11489,11,16.54118347
,,
mp-5606,25,34.02420807
,,
mp-4500,99,89.27838898
,,
mp-554601,30,26.67883301
,,
mp-9200,12,12.31221008
,,
mp-9907,22,26.80002594
,,
mp-5748,49,55.85909653
,,
mp-985281,14,17.46166611
,,
mp-20235,30,33.85103607
,,
mp-2955,42,37.84524536
,,
mp-1025397,80,84.98547363
,,
mp-7948,93,119.0960083
,,
mp-550893,115,89.48940277
,,
mp-10293,11,13.28351974
,,
mp-493,104,118.9015579
,,
mp-717,153,122.4385681
,,
mp-16238,21,18.07660294
,,
mp-865929,43,28.46122742
,,
mp-23291,8,8.393035889
,,
mp-4180,48,48.79656219
,,
mp-19391,50,50.69643402
,,
mp-4549,32,62.51676559
,,
mp-756095,18,25.05079651
,,
mp-1029633,36,45.91416931
,,
mp-21096,35,41.03704834
,,
mp-316,122,83.56328583
,,
mp-2675,61,52.98202896
,,
mp-8307,61,56.82154083
,,
mp-984352,109,115.5713348
,,
mp-10899,51,66.88516998
,,
mp-13089,20,16.96479034
,,
mp-756490,27,20.49499512
,,
mp-867169,24,23.11732101
,,
mp-10485,23,17.77814865
,,
mp-1907,12,20.17277527
,,
mp-865448,85,101.4086151
,,
mp-1008922,64,75.58454132
,,
mp-363,105,88.7228241
,,
mp-7421,22,15.2203331
,,
mp-864950,103,116.2972717
,,
mp-29131,51,37.41836548
,,
mp-754752,61,59.43608856
,,
mp-29868,25,14.80057907
,,
mp-865425,42,47.8565979
,,
mp-54,105,96.92615509
,,
mp-571438,144,120.6014023
,,
mp-844,34,41.20219803
,,
mp-22346,39,34.30832672
,,
mp-558781,72,78.96490479
,,
mp-18750,59,44.78349304
,,
mp-15687,21,14.84447479
,,
mp-557057,80,85.66055298
,,
mp-972957,79,83.08330536
,,
mp-567220,70,71.81311798
,,
mp-20466,58,53.74317551
,,
mp-7824,16,24.77240372
,,
mp-1007823,176,148.8874512
,,
mp-571033,8,31.55122566
,,
mp-557958,15,16.20220947
,,
mp-6988,60,57.95637894
,,
mp-5621,25,28.95541573
,,
mp-9711,98,86.73674011
,,
mp-754515,23,26.53205872
,,
mp-862555,33,30.62125206
,,
mp-7915,114,75.50872803
,,
mp-27891,23,20.79899216
,,
mp-861658,49,54.29470444
,,
mp-994,59,41.30472565
,,
mp-7906,22,16.76128006
,,
mp-865011,99,93.34310913
,,
mp-2410,23,21.62351608
,,
mp-30685,72,59.70327759
,,
mp-22464,15,14.86503983
,,
mp-971631,33,44.90151978
,,
mp-546973,89,70.91866302
,,
mp-752426,25,22.98783493
,,
mp-1009819,31,50.35994339
,,
mp-771,81,99.91779327
,,
mp-997037,32,24.80608368
,,
mp-1578,105,50.40347672
,,
mp-1008918,48,48.28377533
,,
mp-27255,18,15.42004013
,,
mp-984714,14,12.68016052
,,
mp-9958,104,111.4512024
,,
mp-1018714,66,61.24885941
,,
mp-22888,10,14.30516815
,,
mp-13085,78,65.56735229
,,
mp-11193,52,31.27202606
,,
mp-7226,93,45.19509125
,,
mp-7502,38,23.95163345
,,
mp-755313,81,78.48218536
,,
mp-13334,72,63.11220169
,,
mp-756235,6,8.546855927
,,
mp-999543,102,117.1345749
,,
mp-10695,33,31.20637131
,,
mp-865904,123,113.7119751
,,
mp-677072,10,19.56607437
,,
mp-30765,83,89.09472656
,,
mp-1025356,69,61.14036179
,,
mp-753360,27,31.43470955
,,
mp-7547,12,20.69947815
,,
mp-22862,14,14.968853
,,
mp-37091,14,19.21009064
,,
mp-761524,67,71.90011597
,,
mp-775907,63,65.88943481
,,
mp-978285,25,20.33359146
,,
mp-1222,156,152.8364716
,,
mp-20049,51,55.30245972
,,
mp-31080,63,55.71494293
,,
mp-7390,20,26.31741524
,,
mp-505531,19,44.09184265
,,
mp-1013548,49,43.39182663
,,
mp-10846,54,47.99167633
,,
mp-985825,49,51.92402649
,,
mp-866033,90,84.7551651
,,
mp-24082,66,43.17208481
,,
mp-867205,4,31.95810509
,,
mp-865924,11,29.48062325
,,
mp-696746,178,208.0371704
,,
mp-642750,72,70.98830414
,,
mp-752463,60,53.27393723
,,
mp-5529,97,107.9178467
,,
mp-2369,36,27.28744698
,,
mp-976291,17,23.27998352
,,
mp-2691,15,15.46881485
,,
mp-864966,123,111.4545441
,,
mp-997025,12,15.54608536
,,
mp-12427,92,81.65052032
,,
mp-18817,42,34.44577026
,,
mp-19133,47,37.27932739
,,
mp-7473,46,49.46852493
,,
mp-985280,47,59.22125626
,,
mp-140,6,9.890735626
,,
mp-37879,29,23.80756378
,,
mp-12071,47,57.0144577
,,
mp-3504,30,49.76904297
,,
mp-42022,18,20.38354492
,,
mp-742,55,40.68084717
,,
mp-985626,52,39.33115387
,,
mp-1552,150,99.82749939
,,
mp-18819,60,42.33364868
,,
mp-999542,85,71.98376465
,,
mp-31205,36,50.59571457
,,
mp-570122,16,22.62923813
,,
mp-3032,7,8.94360733
,,
mp-11644,8,12.86521149
,,
mp-3795,32,29.78213692
,,
mp-2699,40,31.55835342
,,
mp-1025212,63,50.01927185
,,
mp-1013585,14,18.20898819
,,
mp-21418,26,32.47093582
,,
mp-1039019,26,27.09044456
,,
mp-22795,13,8.925579071
,,
mp-19968,31,28.07607651
,,
mp-1039434,14,20.65649796
,,
mp-998974,52,85.20498657
,,
mp-6973,10,9.117671967
,,
mp-862377,66,86.70764923
,,
mp-19050,69,65.9072113
,,
mp-2695,87,57.94714737
,,
mp-605663,51,50.98366928
,,
mp-623134,51,50.79570389
,,
mp-975190,68,47.36031723
,,
mp-567981,79,73.62266541
,,
mp-8799,12,11.5443306
,,
mp-384,37,36.59512329
,,
mp-1013528,22,15.44104767
,,
mp-1029791,61,44.69778061
,,
mp-867235,34,31.23178291
,,
mp-1025161,64,53.91604996
,,
mp-1278,87,65.69717407
,,
mvc-3672,59,62.96127701
,,
mp-771123,72,55.55004883
,,
mp-20305,25,23.81798172
,,
mp-640073,18,25.37351227
,,
mp-29621,14,15.31972885
,,
mp-760376,24,32.20928955
,,
mp-1025348,44,47.64546585
,,
mp-997086,30,33.39325714
,,
mp-13916,36,30.66769218
,,
mp-274,55,64.94755554
,,
mp-865986,28,22.86898422
,,
mp-984240,23,22.13222504
,,
mp-21342,22,33.61249924
,,
mp-11287,16,21.65297699
,,
mp-1009130,58,56.34004974
,,
mp-625487,27,39.91621399
,,
mp-8282,117,100.5617905
,,
mp-1006887,30,40.15557098
,,
mp-4529,14,16.05302429
,,
mp-1025192,130,141.3800049
,,
mp-18850,66,50.0791893
,,
mp-27840,34,26.41762543
,,
mp-11621,35,34.42995834
,,
mp-7435,22,16.23680115
,,
mp-40143,14,20.90587616
,,
mp-7472,12,14.44889069
,,
mp-22558,40,104.1157837
,,
mp-527,13,12.20383072
,,
mp-972861,39,37.81178284
,,
mp-6498,32,25.10849762
,,
mp-27882,5,6.536785126
,,
mp-560399,43,43.8645401
,,
mp-20027,154,125.2478943
,,
mp-961665,39,37.47817993
,,
mp-865793,29,38.24773407
,,
mp-758006,44,44.74834061
,,
mp-1025182,38,44.32852173
,,
mp-974584,44,36.43159485
,,
mp-23954,17,13.50466919
,,
mp-14587,35,44.67416
,,
mp-555934,35,27.92405128
,,
mp-1029347,34,16.76819611
,,
mp-979267,98,103.3385162
,,
mp-2319,157,140.4958344
,,
mp-1025067,99,81.83289337
,,
mp-610,51,44.67473221
,,
mp-567462,117,105.324173
,,
mp-997082,21,17.87068176
,,
mp-1404,17,14.22967911
,,
mp-15800,63,106.7796936
,,
mp-8754,16,14.52080154
,,
mp-606949,93,62.90570831
,,
mp-556004,24,33.11805725
,,
mp-21476,89,102.6800232
,,
mp-30,51,42.4851532
,,
mp-19800,109,114.7558517
,,
mp-27544,4,6.496994019
,,
mp-1016845,43,52.68428802
,,
mp-30858,103,85.00093079
,,
mp-11834,38,39.53888702
,,
mp-2469,17,13.17556381
,,
mp-540,65,50.60298157
,,
mp-6065,93,70.27790833
,,
mp-949028,17,23.27441025
,,
mp-1124,27,30.2058239
,,
mp-1627,61,66.17604065
,,
mp-4280,59,56.40932465
,,
mp-866187,49,66.57688904
,,
mp-1022732,26,31.56117821
,,
mp-2682,58,47.13526917
,,
mp-504580,23,55.4055481
,,
mp-2706,30,20.75799942
,,
mp-13365,19,27.37127876
,,
mp-1039447,9,15.84984207
,,
mp-976600,32,47.45158005
,,
mp-568803,214,196.5217743
,,
mp-2210,31,46.44741058
,,
mp-3031,33,32.59605789
,,
mp-20007,60,48.82346344
,,
mp-560956,14,19.5445137
,,
mp-23143,23,33.8871994
,,
mp-11531,86,88.05438232
,,
mp-8236,31,40.64599609
,,
mp-570213,21,20.15419388
,,
mp-1018054,114,85.63031006
,,
mp-8938,149,173.1947479
,,
mp-11714,187,162.521759
,,
mp-976261,10,18.93259048
,,
mp-8212,70,46.93714905
,,
mp-139,6,8.796279907
,,
mvc-13997,52,61.91715622
,,
mp-2414,2,6.271869659
,,
mp-10259,57,84.73988342
,,
mp-978281,25,23.63566589
,,
mp-20745,10,9.097175598
,,
mp-952,137,144.9750977
,,
mp-19148,24,20.78894806
,,
mp-4846,30,41.27650452
,,
mp-1224,10,13.5942421
,,
mp-10721,78,109.6235809
,,
mp-961653,115,109.6515732
,,
mp-20180,121,90.38748169
,,
mp-974565,55,100.6266937
,,
mp-6980,38,35.70880127
,,
mp-20714,59,63.64613724
,,
mp-1097,213,205.6414185
,,
mp-16053,21,25.9025135
,,
mp-7189,65,46.76291656
,,
mp-762268,54,76.61563873
,,
mp-23054,26,27.60267258
,,
mp-640024,55,55.43775177
,,
mp-755552,40,30.0904541
,,
mp-30719,16,18.40787888
,,
mp-10698,37,40.58831787
,,
mp-8432,51,36.71113586
,,
mp-866171,19,24.9106102
,,
mp-21124,26,25.46519852
,,
mp-864903,87,88.2263031
,,
mp-1014993,79,85.13272095
,,
mp-8963,13,14.83718872
,,
mp-30684,67,54.61993408
,,
mp-30875,60,44.31692505
,,
mp-30247,34,27.8917408
,,
mp-1008554,56,91.65003967
,,
mp-22739,28,38.60765839
,,
mp-2125,17,25.76669502
,,
mp-578606,58,38.00222015
,,
mp-1630,58,31.3567009
,,
mp-570290,15,9.339790344
,,
mp-1025187,63,53.94587708
,,
mp-11029,60,58.42004776
,,
mp-6586,28,24.3498764
,,
mp-2588,40,55.7336235
,,
mp-542065,6,13.58010864
,,
mp-632311,64,34.2665329
,,
mp-560620,39,34.08140564
,,
mp-569671,58,63.72880173
,,
mp-999307,171,119.3639374
,,
mp-12411,39,25.91727257
,,
mp-643367,10,21.71375275
,,
mp-6408,35,25.13917542
,,
mp-9248,36,29.26439285
,,
mp-867259,27,23.93017197
,,
mp-1025557,111,105.5223389
,,
mp-672287,28,23.33623886
,,
mp-3348,61,75.49417114
,,
mp-11658,22,17.1347084
,,
mp-634657,9,9.126426697
,,
mp-569837,56,45.09267807
,,
mp-7434,14,19.00761414
,,
mp-753304,3,9.995147705
,,
mp-3515,106,90.79654694
,,
mp-9989,119,111.2967224
,,
mp-1406,25,19.3295784
,,
mp-3654,26,23.84368515
,,
mp-23709,7,12.31514359
,,
mp-760414,42,45.97011185
,,
mp-1014265,88,94.32936096
,,
mp-962067,3,13.37488937
,,
mp-801,120,111.6961899
,,
mp-603640,31,33.24520874
,,
mp-775935,50,48.80137253
,,
mp-7298,36,33.83476639
,,
mp-567856,58,51.28120804
,,
mp-7544,100,97.67480469
,,
mp-17701,38,36.84252548
,,
mp-31086,19,31.81021309
,,
mp-10908,64,126.7359924
,,
mp-11261,33,22.86579132
,,
mvc-5884,27,22.95660019
,,
mp-29374,14,20.50136948
,,
mp-998908,85,39.47378922
,,
mp-865600,39,33.31589508
,,
mp-1001834,77,132.0376892
,,
mp-865469,80,87.12942505
,,
mp-949,108,98.77702332
,,
mp-19405,29,41.03998566
,,
mp-2302,73,53.36815643
,,
mp-3427,52,42.65823364
,,
mp-581707,24,34.97009659
,,
mp-5000,15,18.36419296
,,
mp-865585,100,108.6616135
,,
mp-715572,79,51.40352631
,,
mp-11230,30,37.4578743
,,
mp-1009770,44,45.08752441
,,
mp-862750,27,36.76132202
,,
mp-8874,68,61.95067978
,,
mp-3676,55,40.43479156
,,
mp-510456,14,16.86985016
,,
mp-7302,100,104.1564026
,,
mp-1008488,23,25.47307968
,,
mp-978851,85,73.72554779
,,
mp-10212,56,70.49715424
,,
mp-22965,5,11.907547
,,
mp-3094,45,42.98343277
,,
mp-85,5,10.58693695
,,
mp-18468,114,105.652298
,,
mp-8090,41,24.92827225
,,
mp-755544,46,48.56202316
,,
mp-558137,46,55.75071716
,,
mp-1029868,38,53.78390503
,,
mp-4728,26,17.42074203
,,
mp-6304,71,70.65828705
,,
mp-9731,6,5.934627533
,,
mp-18717,44,90.16816711
,,
mp-5495,14,21.90600586
,,
mp-568564,30,34.64445496
,,
mp-1013703,12,29.47136116
,,
mp-27863,21,52.38350677
,,
mp-999502,135,159.2042847
,,
mp-569265,24,25.10781479
,,
mp-2151,24,24.30438232
,,
mp-2577,133,131.0511627
,,
mp-971826,42,5.838157654
,,
mp-568914,4,8.576610565
,,
mp-1025385,57,57.92871857
,,
mp-2221,40,34.33371735
,,
mp-576,159,208.3647156
,,
mp-961688,15,40.85197067
,,
mp-1500,25,14.5402298
,,
mp-28627,9,9.463748932
,,
mp-999139,13,26.48750305
,,
mp-546546,38,28.07341766
,,
mp-15624,22,23.03181076
,,
mp-7851,125,128.4388885
,,
mp-13641,48,47.79717636
,,
mp-3159,19,18.3939743
,,
mp-1008506,37,24.05717087
,,
mp-409,12,16.40584946
,,
mp-1077,168,183.4024048
,,
mp-2746,144,94.58241272
,,
mp-753059,29,64.87004089
,,
mp-1009592,66,48.736763
,,
mp-861662,40,41.75131226
,,
mp-2516,29,29.22174835
,,
mp-27930,28,23.14556885
,,
mp-982725,113,91.33300781
,,
mp-568866,9,13.7449913
,,
mp-10953,23,31.1672039
,,
mp-1009217,22,27.98671532
,,
mp-11181,28,31.72609138
,,
mp-24726,20,41.6673584
,,
mp-10172,4,8.485115051
,,
mp-568430,30,38.43165588
,,
mp-978490,74,119.2165527
,,
mp-4192,45,44.84527588
,,
mp-865002,36,41.09455109
,,
mp-292,109,50.24352646
,,
mp-27438,17,10.25628281
,,
mp-12854,22,19.32795715
,,
mp-2729,42,63.287323
,,
mp-7924,11,15.47251511
,,
mp-16421,45,55.21692657
,,
mp-1782,37,34.59182739
,,
mp-1346,207,161.8911285
,,
mp-30406,22,22.34178162
,,
mp-463,17,10.67663574
,,
mp-1013708,8,3.547775269
,,
mp-2728,183,190.9741211
,,
mp-623024,15,20.02338409
,,
mp-27546,27,34.44126892
,,
mp-23060,4,7.94594574
,,
mp-867107,140,117.2698898
,,
mp-12137,36,44.62311935
,,
mp-7812,25,14.51411057
,,
mp-625,51,45.01341248
,,
mp-903,56,63.78068542
,,
mp-866086,88,96.56576538
,,
mp-861627,42,71.50480652
,,
mvc-13158,86,76.77380371
,,
mp-11816,24,22.61243439
,,
mp-9578,22,23.29867554
,,
mp-4662,45,50.05089569
,,
mp-971706,60,67.6139679
,,
mp-2449,146,120.578476
,,
mp-997100,38,39.17898941
,,
mp-23302,6,-0.323265076
,,
mp-2105,95,87.65544891
,,
mp-1039119,16,33.90648651
,,
mp-552934,14,14.08312225
,,
mp-30449,25,27.48662949
,,
mp-9258,206,117.4853516
,,
mp-7573,208,188.1841888
,,
mp-2773,118,114.2892609
,,
mp-1393,11,22.19786072
,,
mp-986716,22,35.91527557
,,
mp-862604,175,190.7203979
,,
mp-29398,4,12.00980759
,,
mp-1018166,127,106.2012787
,,
mp-37214,66,85.19483948
,,
mp-977189,9,10.93740845
,,
mp-867326,115,114.9669189
,,
mp-1018013,23,36.43132782
,,
mp-9289,54,37.81425476
,,
mp-684679,71,66.28554535
,,
mp-3210,80,61.94315338
,,
mp-631305,11,34.64053345
,,
mp-2807,63,59.48370743
,,
mp-865921,107,104.7979126
,,
mp-3241,41,37.26657867
,,
mp-505820,61,62.271492
,,
mp-2658,95,104.7051849
,,
mp-1649,40,68.67538452
,,
mp-504974,42,48.8006897
,,
mp-505822,77,95.31796265
,,
mp-510430,17,13.4604454
,,
mp-11350,56,55.96506882
,,
mp-21413,26,27.7069149
,,
mp-1025293,53,44.84350204
,,
mp-866139,70,109.0161133
,,
mp-961668,22,43.23769379
,,
mp-976968,36,52.35155487
,,
mp-999377,137,139.7642059
,,
mp-112,26,21.82178116
,,
mp-999060,61,82.29826355
,,
mp-865807,89,99.2255249
,,
mp-985287,23,20.04852676
,,
mp-715923,101,92.55219269
,,
mp-703260,22,26.89069366
,,
mp-31277,36,32.75856781
,,
mp-557993,24,44.16315079
,,
mp-865603,47,41.47009277
,,
mp-715482,38,37.61521912
,,
mp-1002165,108,79.73678589
,,
mp-19893,21,10.42590332
,,
mp-569151,38,44.4270134
,,
mp-29011,26,25.54614067
,,
mp-568018,8,13.81003189
,,
mp-4030,7,10.34331131
,,
mp-768197,25,21.24039459
,,
mp-510657,7,29.52291107
,,
mp-20790,11,5.522888184
,,
mp-10181,43,67.86140442
,,
mp-864672,87,106.9829865
,,
mp-426,39,48.34689331
,,
mp-755300,51,89.32641602
,,
mp-1017554,68,46.77873993
,,
mp-556546,24,24.70514297
,,
mp-560663,32,25.74061203
,,
mp-979435,26,29.6718998
,,
mp-990076,149,116.6439667
,,
mp-10597,28,22.95555496
,,
mp-30847,56,48.21194077
,,
mp-22087,129,131.4353943
,,
mp-137,42,39.39241028
,,
mp-5839,63,46.44629669
,,
mp-977390,85,89.29985046
,,
mp-978493,121,118.8214264
,,
mp-910,197,128.4080048
,,
mvc-5892,27,16.43249893
,,
mp-1002117,66,129.0744324
,,
mp-23209,13,20.39204025
,,
mp-1090,38,45.30651855
,,
mp-606393,4,10.37553024
,,
mp-975044,70,63.93201828
,,
mp-1009657,43,39.89605713
,,
mp-1020703,77,71.55973816
,,
mp-5244,71,66.84671783
,,
mp-864765,19,30.46303177
,,
mp-996979,28,24.79372787
,,
mp-559691,53,46.6628418
,,
mp-1016831,34,53.87728882
,,
mp-7880,43,34.87417603
,,
mp-1018107,13,21.85192108
,,
mp-961710,46,50.9248848
,,
mp-850878,54,48.01780701
,,
mp-568912,138,116.7024689
,,
mp-4730,18,16.39099121
,,
mp-81,15,18.09792709
,,
mp-2343,26,21.12613678
,,
mp-7940,36,24.2951622
,,
mp-15837,53,51.91090393
,,
mp-3349,83,77.05796814
,,
mp-6961,18,31.01005554
,,
mp-644280,72,62.19643021
,,
mp-11571,14,39.56476593
,,
mp-570713,49,60.33286667
,,
mp-505554,110,98.23770142
,,
mp-867242,46,38.56008148
,,
mp-2083,36,48.68885422
,,
mp-867207,32,20.94038773
,,
mp-648,18,13.4795723
,,
mp-27691,6,8.203128815
,,
mp-754483,17,25.42316437
,,
mp-25082,2,9.382328033
,,
mp-1019319,137,134.3669281
,,
mp-10919,17,15.36382675
,,
mp-19241,24,48.69844055
,,
mp-755298,38,36.11881256
,,
mp-862311,38,50.28864288
,,
mp-861908,79,102.2715302
,,
mp-20937,169,177.7878113
,,
mp-977165,21,21.03948975
,,
mp-27275,41,44.91824341
,,
mp-760483,57,51.59700394
,,
mp-2513,83,64.7671814
,,
mp-11309,45,30.98505592
,,
mp-977401,105,99.45276642
,,
mp-1359,105,136.0885773
,,
mp-10671,30,28.82595062
,,
mp-675734,90,98.48376465
,,
mp-570428,38,44.1093483
,,
mp-543024,7,4.165218353
,,
mp-505368,21,18.80074692
,,
mp-30787,127,165.2666931
,,
mp-4405,9,6.606658936
,,
mp-1002109,71,74.88499451
,,
mp-999317,195,150.3799133
,,
mp-989514,11,8.3528862
,,
mp-6985,30,31.14905357
,,
mp-866224,65,86.14687347
,,
mp-21163,42,48.03119278
,,
mp-1475,150,129.1784515
,,
mp-7350,46,40.79920197
,,
mp-8789,40,34.91006851
,,
mp-1174,27,30.60964394
,,
mp-1555,79,43.23322296
,,
mp-554769,29,29.39106178
,,
mp-755066,83,91.57507324
,,
mp-28843,8,12.01647949
,,
mp-6493,54,45.93310928
,,
mp-1156,30,26.6734314
,,
mp-27562,35,31.83509445
,,
mp-1476,51,56.47155762
,,
mp-7582,14,17.66384125
,,
mp-865588,37,34.75943756
,,
mp-510086,26,36.19102478
,,
mp-4131,90,93.13317871
,,
mp-15226,142,148.3572693
,,
mp-30234,4,7.071014404
,,
mp-865362,53,57.60179901
,,
mp-754779,28,29.88592911
,,
mp-1018132,22,27.81265831
,,
mp-19419,74,75.73669434
,,
mp-642644,52,59.47924042
,,
mp-12335,33,22.3038559
,,
mvc-10882,35,57.19847488
,,
mp-866162,14,24.54890442
,,
mp-1016836,27,56.11252213
,,
mp-862721,11,21.79801178
,,
mp-1415,30,26.03866005
,,
mp-9479,9,19.45524979
,,
mp-2439,86,68.08301544
,,
mp-567767,35,45.29366302
,,
mp-333,82,69.29840851
,,
mp-27219,19,47.77178192
,,
mp-23684,11,10.7082901
,,
mp-862379,43,39.20539093
,,
mp-9690,28,37.80844879
,,
mp-643370,30,24.24759293
,,
mp-30811,98,93.26412964
,,
mp-1007690,22,55.55176163
,,
mp-153,18,19.6619339
,,
mp-540584,18,24.62179947
,,
mp-865569,97,89.8526001
,,
mp-5222,39,45.61668777
,,
mp-610972,34,43.29434586
,,
mp-971914,28,31.00171089
,,
mp-11233,68,64.33035278
,,
mp-1017629,40,43.71391678
,,
mp-8511,3,7.250328064
,,
mp-1025315,14,15.40041733
,,
mp-1019086,93,219.8780212
,,
mp-20363,26,35.54445648
,,
mp-8335,56,57.92903137
,,
mp-30768,23,16.88491821
,,
mp-24668,8,10.23051834
,,
mp-22258,104,107.0091858
,,
mp-985295,18,35.06568146
,,
mp-560767,26,31.45183563
,,
mp-862715,82,83.46218109
,,
mp-12546,51,47.74168015
,,
mp-975028,10,7.474330902
,,
mp-11693,21,23.27770233
,,
mp-754326,26,23.53478241
,,
mp-11358,115,127.5037384
,,
mp-977283,100,105.3723373
,,
mp-999473,56,93.85997009
,,
mp-3748,80,74.59619141
,,
mp-13109,93,79.10006714
,,
mp-4478,20,34.40348816
,,
mp-1022725,52,9.795917511
,,
mp-867837,101,115.2994308
,,
mp-27296,33,39.49385071
,,
mp-33708,63,46.44824982
,,
mp-999395,54,55.96522141
,,
mp-675025,91,74.99487305
,,
mp-1519,24,18.95781708
,,
mp-341,23,19.19474792
,,
mp-30737,17,27.24938011
,,
mp-534,161,203.6658936
,,
mp-1009750,45,60.70869064
,,
mp-22979,89,83.97175598
,,
mp-1029330,82,64.9859848
,,
mp-11481,174,215.7583771
,,
mp-570689,27,25.79139709
,,
mp-961684,22,21.13723373
,,
mp-861875,48,49.35047913
,,
mp-864970,99,95.76928711
,,
mp-867212,243,271.0113831
,,
mp-867794,43,48.09158325
,,
mp-11201,45,41.98219299
,,
mp-976265,46,65.18325043
,,
mp-11506,89,100.5773468
,,
mp-867507,124,98.62741089
,,
mp-23159,13,20.50811768
,,
mp-321,30,27.62745667
,,
mp-568920,27,18.47294998
,,
mp-10760,41,27.31936646
,,
mp-20697,54,56.00910187
,,
mp-568177,40,33.67613983
,,
mp-32662,73,98.7217865
,,
mp-16740,59,55.66671371
,,
mp-16304,49,56.54858398
,,
mp-7038,12,13.62772369
,,
mp-1722,42,42.59474945
,,
mp-8881,39,33.92456055
,,
mp-862318,59,54.09573746
,,
mp-27888,55,85.60942078
,,
mp-1029267,123,83.23077393
,,
mp-27848,18,35.61331177
,,
mp-7898,7,8.333751678
,,
mp-9945,46,49.89973068
,,
mp-2794,90,104.0280991
,,
mp-24287,137,118.5064697
,,
mp-1339,204,205.8734741
,,
mp-27198,11,16.91374207
,,
mp-1046,49,48.610466
,,
mp-779545,17,20.00624084
,,
mp-22916,12,11.39330292
,,
mp-924130,68,50.37371063
,,
mp-643989,9,10.8100853
,,
mp-865964,25,20.65548706
,,
mp-21893,25,25.54447174
,,
mp-17783,30,27.47495651
,,
mp-27456,8,12.96602249
,,
mp-977427,63,59.7219429
,,
mp-989585,13,13.42222977
,,
mp-1029542,37,29.07486916
,,
mp-22493,22,23.3753624
,,
mp-1008677,84,87.21866608
,,
mp-1029258,80,62.23912048
,,
mp-22924,13,11.13098145
,,
mp-20516,64,64.75204468
,,
mp-3477,10,29.94878387
,,
mp-30834,17,28.94818497
,,
mp-865926,45,26.24035645
,,
mp-4899,17,15.62223434
,,
mp-1025270,72,70.77378845
,,
mp-11800,44,45.20272827
,,
mp-976976,43,47.96874619
,,
mp-23959,15,12.29740143
,,
mp-19917,29,58.55085373
,,
mp-568827,158,129.6703186
,,
mp-862364,70,61.86626053
,,
mp-753798,16,18.28387451
,,
mp-19448,78,59.35654068
,,
mp-1002081,7,9.713562012
,,
mp-3163,90,70.2767868
,,
mp-623,36,48.14820099
,,
mp-32811,13,10.77347565
,,
mp-3759,93,89.93666077
,,
mp-684580,6,8.056732178
,,
mp-690794,35,27.39927673
,,
mp-985296,32,32.41495514
,,
mp-864623,24,25.76492691
,,
mp-18922,53,66.71575928
,,
mp-22565,69,66.28659058
,,
mp-1716,104,64.7948761
,,
mp-29154,86,91.71117401
,,
mp-19326,67,77.10308838
,,
mp-1016827,106,86.48484802
,,
mp-1009792,52,31.21047592
,,
mp-20621,27,32.41609955
,,
mp-866082,23,33.56271362
,,
mp-5146,58,49.82087708
,,
mp-21609,34,38.90732574
,,
mp-13452,66,65.36853027
,,
mp-1425,75,71.48521423
,,
mp-1029652,94,116.8664932
,,
mp-972238,75,76.75367737
,,
mp-865125,78,70.56637573
,,
mp-972036,71,116.1719055
,,
mp-866143,94,89.74438477
,,
mp-977011,5,8.79757309
,,
mp-4770,23,27.76642227
,,
mp-1025190,40,40.75585938
,,
mp-612740,11,13.92493057
,,
mp-553243,35,31.07216835
,,
mp-753490,70,57.71622086
,,
mp-811,63,57.77148819
,,
mp-864969,53,45.70396423
,,
mp-829,52,47.29858398
,,
mp-1029610,45,45.31497955
,,
mp-754009,46,51.59893036
,,
mp-977353,129,116.2141113
,,
mp-24669,76,78.40597534
,,
mp-13900,25,22.18255615
,,
mp-20315,96,90.97006226
,,
mp-981367,56,58.17512512
,,
mp-9564,36,28.79459
,,
mp-5157,79,76.08001709
,,
mp-11021,65,55.37653351
,,
mp-769111,36,53.8978653
,,
mp-6560,7,4.222499847
,,
mp-1018849,128,160.3074493
,,
mp-15297,71,50.67085648
,,
mp-22725,46,44.14256287
,,
mp-1002572,69,63.16808701
,,
mp-29551,8,10.24971008
,,
mp-8126,59,48.38833237
,,
mp-14208,47,36.77774048
,,
mp-7956,11,13.4032402
,,
mp-974337,55,80.92378998
,,
mp-15799,156,177.9075165
,,
mp-20146,60,58.8314209
,,
mp-861733,18,23.70733261
,,
mp-7173,53,48.55471039
,,
mp-21340,79,60.66312408
,,
mp-11288,11,17.60991287
,,
mp-30562,12,44.38140869
,,
mp-1017533,85,98.74604797
,,
mp-754531,58,61.21570587
,,
mp-11507,91,95.98683167
,,
mp-4612,78,68.79867554
,,
mp-28302,9,8.535205841
,,
mp-29145,4,5.3630867
,,
mp-9010,6,5.945552826
,,
mp-4448,63,57.19786835
,,
mp-5971,51,48.02917862
,,
mp-752415,57,52.77147675
,,
mp-8543,13,17.22263718
,,
mp-983565,49,32.38198471
,,
mp-8059,31,19.92245102
,,
mp-23201,15,19.37704086
,,
mp-555464,9,14.84118271
,,
mp-894,63,60.6898613
,,
mp-866186,54,44.31866837
,,
mp-1123,15,14.99158096
,,
mp-17639,51,41.92227173
,,
mp-1025010,113,123.0301666
,,
mp-11251,14,22.58733368
,,
mp-1008557,177,153.209549
,,
mp-867306,28,31.67054749
,,
mp-4978,115,104.4104691
,,
mp-9898,33,27.87854385
,,
mp-996964,36,34.10876465
,,
mp-5479,29,30.51245499
,,
mp-553939,30,29.4358654
,,
mp-865888,108,91.13751221
,,
mp-12631,60,78.50341797
,,
mp-675755,24,30.81679153
,,
mp-864952,23,22.34444046
,,
mp-10144,141,210.9330139
,,
mp-22426,72,68.90702057
,,
mp-1029536,69,94.6534729
,,
mp-28945,56,35.53700638
,,
mp-815,77,63.00754547
,,
mp-998196,13,7.980838776
,,
mp-11345,82,73.94172668
,,
mp-1019564,40,36.53956604
,,
mp-645159,70,53.61154175
,,
mp-36738,62,51.83649063
,,
mp-20086,48,35.90412903
,,
mp-7909,16,15.98581314
,,
mp-20233,14,27.22724724
,,
mp-17875,30,44.67402649
,,
mp-12521,32,48.82324219
,,
mp-1009548,46,30.19268036
,,
mp-4117,50,45.93665695
,,
mp-12952,62,51.01216125
,,
mp-867192,28,21.56064606
,,
mp-976229,24,47.67868042
,,
mp-864639,104,102.7108002
,,
mp-570604,179,223.8064423
,,
mp-2059,88,77.75224304
,,
mp-13270,15,23.17136765
,,
mp-636320,100,87.61647034
,,
mp-11366,43,50.50746536
,,
mp-972794,9,38.74358368
,,
mp-989528,23,11.83241272
,,
mp-4157,12,28.74481201
,,
mp-680671,32,29.4673996
,,
mp-1185,157,144.7455444
,,
mp-8676,16,20.59161758
,,
mp-22205,66,50.76641846
,,
mp-5538,25,33.05592346
,,
mp-10848,36,35.5615921
,,
mp-976763,55,57.66431427
,,
mp-7000,44,40.45305634
,,
mp-866069,58,64.78355408
,,
mp-568619,187,162.3973236
,,
mp-238,51,51.7950592
,,
mp-864654,57,56.34906387
,,
mp-3668,35,30.50808907
,,
mp-8145,58,48.26884842
,,
mp-13164,62,47.3825531
,,
mp-21141,62,66.52867126
,,
mp-1018656,26,32.16791534
,,
mp-1025045,45,49.92850494
,,
mp-13503,48,44.08223343
,,
mp-975272,4,9.594528198
,,
mp-21374,12,16.345047
,,
mp-4026,36,25.35103607
,,
mp-796,18,67.45850372
,,
mp-5075,120,114.5935059
,,
mp-5821,34,42.82065201
,,
mp-571030,39,41.03988266
,,
mp-21113,57,70.68086243
,,
mp-20067,38,37.24737549
,,
mp-861935,65,41.59579468
,,
mp-1018029,46,48.58425903
,,
mp-557018,34,25.23409271
,,
mp-2512,44,47.61763
,,
mp-22232,11,10.80332947
,,
mp-2500,67,54.04656219
,,
mp-24719,68,53.61693192
,,
mp-19417,47,60.13208389
,,
mp-2637,17,32.07485962
,,
mvc-13442,23,29.10776901
,,
mp-1585,110,41.877388
,,
mp-865870,50,51.9974556
,,
mp-1029562,58,63.11964417
,,
mp-996995,38,35.49747467
,,
mp-2097,20,31.7661438
,,
mp-570991,104,103.4424591
,,
mp-999496,13,18.26157379
,,
mp-1361,54,66.06054688
,,
mp-11445,59,54.05885315
,,
mp-4608,7,25.03385925
,,
mp-570223,20,10.25084686
,,
mp-13071,51,62.45576477
,,
mp-551092,34,32.56694031
,,
mvc-14149,35,68.22502136
,,
mp-1016853,74,86.66954041
,,
mp-7622,10,6.742973328
,,
mp-2049,59,79.74795532
,,
mp-2301,75,74.5069046
,,
mp-3682,25,30.70184708
,,
mp-1670,72,69.96580505
,,
mp-998981,69,74.78068542
,,
mp-21467,74,58.34002304
,,
mp-864788,95,84.74305725
,,
mp-21445,35,37.20060349
,,
mp-1912,23,27.67630005
,,
mp-15686,37,27.42970276
,,
mp-867121,30,28.8156662
,,
mp-862719,36,26.02314949
,,
mp-866375,127,100.6606979
,,
mp-18876,19,33.43113708
,,
mp-933,51,30.81396294
,,
mp-556536,16,31.06068039
,,
mp-36884,48,43.49456787
,,
mp-763051,64,59.06425858
,,
mp-31503,25,18.02940369
,,
mp-11684,59,42.59279633
,,
mp-20661,72,83.55489349
,,
mp-555483,54,34.13381958
,,
mp-11280,59,110.1483765
,,
mp-1804,96,86.68087006
,,
mp-22156,92,90.16667175
,,
mp-12665,32,93.295578
,,
mp-1005,133,123.5511475
,,
mp-1018643,14,30.54879761
,,
mp-11824,53,46.14818954
,,
mp-29529,12,19.1244812
,,
mp-7863,18,14.24828339
,,
mp-19004,74,67.50229645
,,
mp-871,139,112.5995636
,,
mp-545482,11,22.17689133
,,
mp-30337,98,77.74603271
,,
mp-1007961,63,40.80807495
,,
mp-556742,11,16.51319504
,,
mp-34903,31,34.10932922
,,
mp-558798,39,27.87609482
,,
mp-24,504,324.869812
,,
mp-1008349,105,87.89048004
,,
mvc-15835,31,29.47216606
,,
mp-672340,40,40.61826324
,,
mp-9981,99,112.4223633
,,
mp-21321,27,27.27921104
,,
mp-1013734,27,21.96982574
,,
mp-862747,22,21.35257721
,,
mp-583,80,66.48561859
,,
mp-7938,44,29.72180939
,,
mp-4861,29,35.06531525
,,
mp-865123,34,33.4482193
,,
mp-867807,31,26.50650787
,,
mp-773864,47,54.08711624
,,
mp-774155,63,66.28607941
,,
mp-1029368,54,52.0697937
,,
mp-2213,92,85.72187805
,,
mp-861645,15,20.51192093
,,
mp-13725,43,29.79620934
,,
mp-17481,76,84.90867615
,,
mp-21255,84,76.58921051
,,
mp-558050,21,17.04624939
,,
mp-1559,77,79.47961426
,,
mp-1025377,6,10.00534058
,,
mp-50,62,47.59730148
,,
mp-1032,178,157.149353
,,
mp-21139,35,24.34274292
,,
mp-865176,23,51.35289764
,,
mp-1008523,397,417.7206116
,,
mp-989533,40,22.67598724
,,
mp-983539,33,38.82593536
,,
mp-21024,24,25.70297623
,,
mp-559598,30,44.55949402
,,
mp-3299,57,69.73930359
,,
mp-978976,57,59.31584549
,,
mp-2663,80,63.33315659
,,
mp-33683,19,16.56673813
,,
mp-157,13,42.60546112
,,
mp-600428,55,47.00022125
,,
mp-1014246,81,130.8642426
,,
mp-30780,27,26.00753975
,,
mp-542854,38,31.55313492
,,
mp-866156,51,57.22593689
,,
mp-559976,27,73.23475647
,,
mp-1498,50,52.45337296
,,
mp-771359,56,36.91835022
,,
mp-865050,71,66.71253967
,,
mp-19880,74,68.07475281
,,
mp-7930,75,73.8551712
,,
mp-361,8,29.71670532
,,
mp-634431,10,8.345001221
,,
mp-756018,40,37.27849197
,,
mp-22922,7,7.249656677
,,
mp-1522,125,112.069458
,,
mp-19048,24,26.39426613
,,
mp-977126,6,14.63432312
,,
mp-28364,14,11.61061859
,,
mp-974416,130,197.7646332
,,
mp-1009593,58,43.2816124
,,
mp-28145,6,8.201828003
,,
mp-741,94,116.6186523
,,
mp-7859,44,68.59471893
,,
mp-5795,73,61.55028152
,,
mp-865731,13,20.14740753
,,
mp-644225,36,33.0484314
,,
mp-7482,15,19.25468063
,,
mp-4584,11,23.65592575
,,
mp-20731,10,14.74230194
,,
mp-9942,56,62.0699501
,,
mp-1018161,50,42.8981781
,,
mp-999118,44,113.6063995
,,
mp-20001,28,32.11479187
,,
mp-569402,40,81.41188049
,,
mp-972828,51,51.04739761
,,
mp-11282,170,146.0623779
,,
mp-608366,7,18.5171814
,,
mp-20318,175,119.9371033
,,
mp-19340,62,66.83102417
,,
mvc-15861,28,37.71600723
,,
mp-867904,93,105.5028229
,,
mp-559390,42,41.46469879
,,
mp-18971,70,49.89711761
,,
mp-864936,108,101.505928
,,
mp-11401,60,55.2140007
,,
mp-567749,85,74.19891357
,,
mp-1086,215,165.1182251
,,
mp-984728,83,215.2881165
,,
mp-22400,20,15.75914383
,,
mp-552663,48,39.13098526
,,
mp-1018075,61,45.62201309
,,
mp-4998,47,62.44778061
,,
mp-1008631,58,44.73839188
,,
mp-20155,55,47.09408569
,,
mp-5259,29,31.7740612
,,
mp-7436,18,14.30967331
,,
mp-866218,81,78.26187134
,,
mp-1922,93,72.11338043
,,
mp-2090,91,80.52164459
,,
mp-15702,144,159.1597748
,,
mp-998418,33,37.70994568
,,
mp-8982,34,44.28238678
,,
mp-16305,103,100.6930847
,,
mp-7457,8,0.514930725
,,
mp-15157,14,21.08639145
,,
mp-973088,52,23.56744766
,,
mp-556353,26,17.39237976
,,
mp-31451,62,53.26193237
,,
mp-643754,11,13.45557785
,,
mp-552098,27,20.9940567
,,
mp-569775,64,73.96661377
,,
mp-24722,67,69.96743774
,,
mp-893,93,95.51095581
,,
mp-30777,76,78.30931854
,,
mp-504543,49,48.36616898
,,
mp-3432,66,46.36391068
,,
mp-540111,17,7.059623718
,,
mp-603719,182,126.341095
,,
mp-11984,39,34.54518127
,,
mp-20033,55,76.65203857
,,
mp-2715,89,84.3372879
,,
mp-1345,33,35.62995148
,,
mp-9146,14,25.50929642
,,
mp-13150,75,90.39993286
,,
mp-12697,70,51.67642212
,,
mp-541449,9,17.37565613
,,
mp-30315,33,38.28295135
,,
mp-33618,21,20.09506226
,,
mp-755483,110,98.60435486
,,
mp-8623,10,9.93252182
,,
mp-1018717,37,38.09481812
,,
mp-2624,30,26.29092979
,,
mp-5733,47,45.28821564
,,
mp-1009835,58,208.6046295
,,
mp-561664,6,8.798839569
,,
mp-1984,17,37.45790863
,,
mp-29615,14,22.49643326
,,
mp-9983,44,32.99310303
,,
mp-2339,58,49.32839966
,,
mp-1371,25,29.09423256
,,
mp-29643,13,17.0451889
,,
mp-21090,60,48.63528824
,,
mp-2667,6,6.573829651
,,
mp-16648,40,34.82187653
,,
mp-574,79,92.98922729
,,
mp-542106,39,32.28115463
,,
mp-554973,24,31.58038521
,,
mp-29873,7,9.953540802
,,
mp-984,75,90.625
,,
mp-862335,70,63.11562729
,,
mp-774092,17,26.36480522
,,
mp-4495,10,12.54131317
,,
mp-643279,9,10.87633133
,,
mp-15819,79,82.12287903
,,
mp-974417,44,96.83473206
,,
mp-6353,101,116.8272629
,,
mp-2639,10,15.04201126
,,
mp-9830,77,99.08872986
,,
mp-3953,32,22.70359421
,,
mp-1001914,27,39.63024902
,,
mp-864772,41,30.3156414
,,
mp-1013555,40,39.58996582
,,
mp-633538,119,206.0254059
,,
mp-643260,11,13.77921295
,,
mp-865791,129,117.6099548
,,
mp-998414,22,29.64659309
,,
mp-629397,84,84.48226166
,,
mp-675104,10,13.90338135
,,
mp-571420,40,42.97104263
,,
mp-15778,42,32.20695496
,,
mp-12109,66,85.86660004
,,
mp-8352,54,17.76129532
,,
mp-819,68,71.40190125
,,
mp-867273,74,91.56390381
,,
mp-28232,71,64.81607819
,,
mp-753315,100,89.19235992
,,
mp-29748,12,14.56454849
,,
mp-15113,67,81.46844482
,,
mp-7219,22,21.05225754
,,
mp-2137,29,34.33792877
,,
mp-2583,49,77.72843933
,,
mp-1565,103,83.7835083
,,
mp-3201,26,25.86266899
,,
mp-571461,9,8.730487823
,,
mp-997098,39,35.27238464
,,
mp-7088,138,114.4597321
,,
mp-20820,9,21.21124268
,,
mp-9970,57,62.78277588
,,
mp-1251,96,104.6754227
,,
mp-15964,49,44.03192139
,,
mp-10009,22,15.13884354
,,
mp-30477,26,23.95510864
,,
mp-952566,18,12.93916321
,,
mp-4359,55,46.72708893
,,
mp-16245,24,26.20339584
,,
mp-975427,45,84.77194214
,,
mp-8786,68,62.72003174
,,
mp-760381,17,24.17409134
,,
mp-1039124,13,18.56181717
,,
mp-1003322,64,54.56856537
,,
mp-7955,24,14.59661102
,,
mp-404,23,19.17288208
,,
mp-776097,95,82.36104584
,,
mp-972220,92,104.7596588
,,
mp-961661,62,61.09394073
,,
mp-7469,22,20.9162941
,,
mp-1025258,57,55.11240768
,,
mp-19877,39,51.22900391
,,
mp-862706,96,92.63907623
,,
mp-571126,113,91.50616455
,,
mp-863720,31,41.78743744
,,
mp-975198,14,12.63819504
,,
mp-10010,96,103.7489471
