materials id,K_VRH
mp-867251,93.30102539
,
mp-974625,352.2673035
,
mp-997005,87.39770508
,
mp-21347,299.1769104
,
mp-6008,149.0745087
,
mp-12585,229.2787018
,
mp-776,31.15401459
,
mp-510589,92.71250153
,
mp-761315,171.6145325
,
mp-2893,149.218277
,
mp-1127,140.2988892
,
mp-866152,183.495697
,
mp-13190,22.82635498
,
mp-19082,146.3771973
,
mp-999124,93.66520691
,
mp-1001783,32.74391937
,
mp-672254,56.38147736
,
mp-755013,86.84040833
,
mp-1387,166.9255066
,
mp-556911,85.73091888
,
mp-11819,36.65840912
,
mp-985443,79.77125549
,
mp-33667,57.99979782
,
mp-568177,55.77607346
,
mp-1025044,159.2528687
,
mp-13925,39.51015472
,
mp-768572,92.41216278
,
mp-1038837,29.1929245
,
mp-31498,55.82186508
,
mp-9248,57.77578354
,
mp-1949,203.0136414
,
mp-972965,125.513504
,
mp-21875,83.12898254
,
mp-12766,45.94829941
,
mp-981749,107.6026306
,
mp-2039,115.3040085
,
mp-7027,119.8922424
,
mp-6328,54.07844543
,
mp-4604,74.71473694
,
mp-784631,199.8827209
,
mp-1025203,55.43977737
,
mp-7420,16.17324829
,
mp-13474,59.54318237
,
mp-1002165,166.1959534
,
mp-8279,29.17089844
,
mp-989635,118.3293381
,
mp-20738,161.2209167
,
mp-1038829,33.23204041
,
mp-2480,118.9279938
,
mp-998552,131.6183014
,
mp-9387,75.53116608
,
mp-995122,16.25177765
,
mp-20237,149.0643311
,
mp-974789,10.5036087
,
mp-977396,110.8461227
,
mp-1753,76.75187683
,
mp-6933,200.9962769
,
mp-555321,51.68353271
,
mp-27984,63.32697296
,
mp-682,46.5104866
,
mp-30461,85.32594299
,
mp-777667,74.13839722
,
mp-20952,125.5134354
,
mp-547125,73.66247559
,
mp-676540,9.670051575
,
mp-10260,148.0591431
,
mp-571247,129.2821198
,
mp-971837,24.52527618
,
mp-865110,33.52341461
,
mp-28954,43.08912277
,
mp-972455,47.18541718
,
mp-1136,10.77033997
,
mp-550437,86.47193146
,
mp-1007730,98.78935242
,
mp-971761,102.7021408
,
mp-12265,56.03406525
,
mp-865587,80.65005493
,
mp-1008568,99.31934357
,
mp-14600,88.99173737
,
mp-1001831,129.260025
,
mp-7574,233.1486816
,
mp-1025270,218.9122009
,
mp-1013540,28.82953644
,
mp-20066,8.816215515
,
mp-5748,163.0509338
,
mp-862373,48.44271851
,
mp-7168,120.9338684
,
mp-30610,87.57362366
,
mp-1070,18.08678436
,
mp-867978,122.3854065
,
mp-30799,73.68231201
,
mp-980200,126.3495941
,
mp-961654,119.6186066
,
mp-12004,89.4159317
,
mp-30073,70.06893921
,
mp-1025554,93.87146759
,
mp-865507,237.8933411
,
mp-567313,35.75471497
,
mp-12571,172.143692
,
mp-558674,40.22142792
,
mp-569871,62.68535233
,
mp-7000,75.82577515
,
mp-863679,186.3013763
,
mp-7701,37.02073288
,
mp-11361,62.11096954
,
mp-976893,164.6668243
,
mp-865814,41.72073364
,
mp-1059,36.26925659
,
mp-569593,33.15585327
,
mp-5976,132.065979
,
mp-510430,16.72032166
,
mp-1029422,139.92453
,
mp-13436,113.7281723
,
mp-867227,41.55029297
,
mp-1029,31.23205566
,
mp-29374,32.50543213
,
mp-149,70.73654175
,
mp-570272,64.41371918
,
mp-976010,21.81512451
,
mp-27388,75.41307068
,
mp-2051,70.33628845
,
mp-1025318,76.29972076
,
mp-974782,64.35787964
,
mp-763051,92.0382309
,
mp-18779,30.98900604
,
mp-31502,49.72494507
,
mp-21149,172.0521545
,
mp-626689,90.41408539
,
mp-13542,24.883255
,
mp-865811,44.88640213
,
mp-973538,59.9833107
,
mp-978518,137.7041016
,
mp-10204,49.36214066
,
mp-9721,49.88001633
,
mp-12537,154.8591156
,
mp-984873,124.3364487
,
mp-27989,6.354576111
,
mp-8639,299.1149902
,
mp-23051,4.961837769
,
mp-22052,40.59538269
,
mp-605,26.57855225
,
mp-984722,199.0351563
,
mp-27849,31.89205933
,
mp-6646,162.4891357
,
mp-4355,182.3659515
,
mp-159,35.4942627
,
mp-16731,73.36921692
,
mp-864799,37.43551254
,
mp-569028,14.75310516
,
mp-571619,175.698761
,
mp-980199,55.43598938
,
mp-862861,116.5794601
,
mp-867246,67.69760895
,
mp-23309,3.353546143
,
mp-2455,153.6846008
,
mp-972877,104.3161926
,
mp-977565,63.24152374
,
mp-866222,92.13101959
,
mp-1009646,367.8109131
,
mp-754009,122.0707321
,
mp-1025056,202.5697327
,
mp-10919,22.91387939
,
mp-2691,18.08052826
,
mp-7343,59.58982086
,
mp-3467,209.3734283
,
mp-505517,161.1567688
,
mp-12505,71.61619568
,
mp-1020059,121.0212021
,
mp-567629,16.65872192
,
mp-3582,194.2468262
,
mp-669382,190.5550537
,
mp-989586,81.08383179
,
mp-632311,177.7167358
,
mp-3532,42.07026672
,
mp-30490,28.77913666
,
mp-867867,65.91445923
,
mp-3830,89.36157227
,
mp-16342,72.51407623
,
mp-23297,-3.745796204
,
mp-631561,126.970993
,
mp-21168,52.62061691
,
mp-10734,206.3557739
,
mp-866171,77.43747711
,
mp-975882,22.62450409
,
mp-5839,104.9302139
,
mp-768358,142.315033
,
mp-976321,21.23195648
,
mp-35841,52.1117363
,
mp-10264,52.17789841
,
mp-1018635,142.5931854
,
mp-775001,35.64672089
,
mp-776097,195.2389069
,
mp-865998,211.8948364
,
mp-29327,31.51670074
,
mp-1038814,33.18048859
,
mp-1002229,179.5474243
,
mp-19069,125.5079803
,
mp-865500,90.94470215
,
mp-1029562,68.65771484
,
mp-20245,104.6751862
,
mp-976356,38.49598694
,
mp-7863,32.4895401
,
mp-31168,43.19604111
,
mp-866117,135.8625793
,
mp-23171,45.1450119
,
mp-23037,19.12577057
,
mp-22537,50.20780182
,
mp-19896,17.25681305
,
mp-569204,46.37678909
,
mp-23208,14.67179871
,
mp-20512,98.87081146
,
mp-569120,149.8753357
,
mp-10873,108.6937332
,
mp-20338,124.3417816
,
mp-865448,227.1290283
,
mp-6916,175.2627411
,
mp-30408,110.922287
,
mp-567580,161.3677673
,
mp-16766,85.97914124
,
mp-310,150.8191681
,
mp-10316,90.92552185
,
mp-504580,146.4558563
,
mp-20566,55.82709885
,
mp-975650,45.47745895
,
mp-861979,160.2047272
,
mp-1025551,176.6704712
,
mp-35777,16.67176056
,
mp-569708,226.586441
,
mp-856,158.2263489
,
mp-8724,16.59120941
,
mp-10443,81.99320221
,
mp-771,149.9259644
,
mp-570081,23.42375946
,
mp-9385,28.5215683
,
mp-12743,14.320755
,
mp-1008809,186.579071
,
mp-9389,82.4352951
,
mp-7066,110.2778625
,
mp-22693,42.54660797
,
mp-976768,11.94164276
,
mp-999118,309.6919556
,
mp-1013911,58.83927155
,
mp-7832,360.3386841
,
mp-643101,22.39136505
,
mp-29617,128.725296
,
mp-31516,42.02820969
,
mp-19886,124.6074677
,
mp-30551,178.1434631
,
mp-862860,68.29280853
,
mp-10750,42.6703949
,
mp-865799,51.27555847
,
mp-864878,126.2514343
,
mp-917,52.67718124
,
mp-23704,24.67462158
,
mp-21848,53.28560257
,
mp-980940,172.0731201
,
mp-568827,151.6242065
,
mp-10749,41.20110703
,
mp-16886,98.99903107
,
mp-541013,-6.402397156
,
mp-31184,153.1127777
,
mp-20102,138.8879089
,
mp-647924,100.5786057
,
mp-20483,41.97351456
,
mp-568983,119.9008942
,
mp-632808,18.05682373
,
mp-10647,25.50559998
,
mp-999207,74.89292145
,
mp-9756,160.3268433
,
mp-1025397,177.2350769
,
mp-3515,157.5435028
,
mp-2460,145.5115204
,
mp-571566,43.58629227
,
mp-20206,101.3710175
,
mp-11549,192.9909515
,
mp-19399,165.2511902
,
mp-1013546,35.77836609
,
mvc-15603,158.8102112
,
mp-983123,114.6250534
,
mp-349,53.87414169
,
mp-30656,162.3686523
,
mp-861930,92.70144653
,
mp-1025154,105.2474518
,
mp-6654,39.49398804
,
mp-23141,74.44623566
,
mp-665,1.032989502
,
mp-30405,44.60577011
,
mp-7951,71.95968628
,
mp-982387,55.89775848
,
mp-29026,256.1820679
,
mp-6939,149.3370361
,
mp-862948,49.76038742
,
mp-4824,37.23468018
,
mp-867748,168.3240356
,
mp-865731,52.07294464
,
mp-15819,116.595253
,
mp-754825,93.76490784
,
mp-2088,86.66979218
,
mp-3104,88.98758698
,
mp-567412,42.61169434
,
mp-30769,25.52077484
,
mp-1009130,160.9379272
,
mp-33,299.3234863
,
mp-339,138.8383789
,
mp-3759,157.3646545
,
mp-2432,17.02153778
,
mp-827,24.59970856
,
mp-7885,52.6562233
,
mp-2486,174.0118713
,
mp-978986,87.57404327
,
mp-1200,140.5480652
,
mp-631319,77.59301758
,
mp-568654,69.51971436
,
mp-4500,162.1151123
,
mp-2334,69.55440521
,
mp-776331,193.1238403
,
mp-978493,237.3914337
,
mp-1777,21.15898895
,
mp-1698,32.98184204
,
mp-974738,11.18333435
,
mp-981367,106.5406723
,
mp-19880,62.67268372
,
mvc-14940,81.2315979
,
mp-28266,108.7674103
,
mp-11576,42.07594681
,
mp-755018,166.4153595
,
mp-861645,28.16434479
,
mp-865127,42.96138
,
mp-19817,76.51646423
,
mp-631564,120.9914703
,
mp-631399,117.0253448
,
mp-864602,40.20889282
,
mp-862362,133.5126038
,
mp-2284,42.80060577
,
mp-20474,47.91758347
,
mp-984551,65.15352631
,
mp-12005,82.93170166
,
mp-972763,143.7960358
,
mp-28069,23.82886505
,
mp-865206,123.2601013
,
mp-13725,54.97042084
,
mp-978088,47.40489197
,
mp-7366,40.81391907
,
mp-21313,193.4283447
,
mp-754531,112.2029953
,
mp-1014251,176.6136475
,
mp-631489,94.62471008
,
mp-12965,157.9835663
,
mp-11147,26.96663666
,
mp-556417,16.49003601
,
mp-2573,80.59854126
,
mp-862781,234.4407959
,
mp-1014261,182.9770508
,
mp-19156,99.42162323
,
mp-28,47.46084976
,
mp-1018126,16.32595825
,
mp-29463,102.8891449
,
mp-22268,202.5451355
,
mp-973325,40.15151596
,
mp-21017,86.14753723
,
mp-21158,102.0426788
,
mp-2918,103.4337692
,
mp-468,79.75520325
,
mp-604318,-8.580421448
,
mp-1114,162.6183167
,
mp-769111,130.6383209
,
mp-21883,214.5510101
,
mp-11492,120.0059204
,
mp-979935,6.131340027
,
mp-6961,62.2257843
,
mp-12700,250.4643707
,
mp-569482,152.9992523
,
mp-11454,150.9528656
,
mp-28336,33.7077713
,
mp-542,30.12137604
,
mp-631379,130.813324
,
mvc-8959,126.8982468
,
mp-16290,180.1154022
,
mp-864617,10.38769531
,
mp-1868,104.9211807
,
mp-158,41.37241364
,
mp-862870,136.0175476
,
mp-389,155.9354553
,
mp-865607,112.3574753
,
mp-11536,193.0024109
,
mp-556927,42.56147003
,
mp-7298,65.25028229
,
mp-30161,128.8740692
,
mp-689940,35.26461029
,
mp-4495,21.26358032
,
mp-4251,92.93682098
,
mp-8896,142.4696503
,
mp-1008491,138.6433411
,
mp-2019,131.0367584
,
mp-22912,53.4814415
,
mp-3315,120.3838272
,
mp-976008,35.40501404
,
mp-866820,13.12590027
,
mp-640708,122.6216049
,
mp-568748,214.7581177
,
mp-24668,16.94288635
,
mp-5670,139.0989532
,
mp-997012,118.4740143
,
mp-13175,226.051178
,
mp-15322,103.4607697
,
mp-5058,42.85308456
,
mp-12414,35.61026764
,
mp-867293,157.2278748
,
mp-555359,41.70131302
,
mp-754605,105.4696198
,
mp-18903,114.5160599
,
mp-571599,54.40223312
,
mp-551685,29.57371521
,
mp-16497,98.2815094
,
mp-867158,52.4486618
,
mp-2880,262.1506348
,
mp-1019508,151.3553619
,
mp-542316,260.4014893
,
mp-998908,153.922348
,
mp-13513,60.06646347
,
mp-10455,85.98999786
,
mp-13853,151.8303223
,
mp-1008881,78.9529953
,
mp-1260,96.77967834
,
mp-865733,300.4120483
,
mp-22522,136.6236267
,
mp-34078,16.50475311
,
mp-975814,228.0271912
,
mp-5693,48.32997131
,
mp-27639,-7.49810791
,
mp-4666,48.32512283
,
mp-2404,43.62739563
,
mp-4860,129.0591125
,
mp-985280,139.5323792
,
mp-22882,16.59170532
,
mp-31330,89.11144257
,
mp-20549,58.91379166
,
mp-2234,78.79484558
,
mp-631329,139.6781921
,
mp-14625,84.84196472
,
mp-12553,72.62155914
,
mp-23176,-5.339225769
,
mp-604914,39.04288483
,
mp-865990,76.55247498
,
mp-34169,20.94367218
,
mp-866650,171.7991943
,
mp-568595,225.8643188
,
mp-5068,71.55404663
,
mp-999257,127.6978302
,
mp-20760,39.07744217
,
mp-977546,56.01522827
,
mp-9946,60.60753632
,
mp-7753,129.9891052
,
mp-1008866,52.51475906
,
mp-865538,188.2998657
,
mp-1902,124.6990204
,
mp-1025338,72.46671295
,
mp-977418,65.38537598
,
mp-12781,94.63207245
,
mp-1111,168.1551971
,
mp-40143,33.68534088
,
mp-1009008,46.78119278
,
mp-11572,255.5748596
,
mp-5566,61.63123322
,
mp-15254,52.91053391
,
mp-9881,11.13691711
,
mp-631505,57.22545624
,
mp-22907,48.58903122
,
mvc-14626,131.207016
,
mp-10133,84.47323608
,
mp-123,35.4383316
,
mp-580287,110.3570938
,
mp-30872,84.78910828
,
mp-561033,63.85596848
,
mp-1013704,39.46643066
,
mp-2852,412.5900879
,
mp-11023,130.8940735
,
mp-3402,85.53323364
,
mp-8583,85.21185303
,
mp-753722,41.60673141
,
mp-561877,128.2187195
,
mp-861910,63.85401154
,
mp-569152,5.249176025
,
mp-1019541,60.23375702
,
mp-19052,17.27658844
,
mp-568607,108.4377594
,
mp-10326,44.38147736
,
mp-981,59.70381927
,
mp-19358,137.8852692
,
mp-1002221,88.35214233
,
mp-27838,1.463722229
,
mp-8048,146.2607117
,
mp-643718,25.61513519
,
mp-27768,340.4121704
,
mp-776896,91.66021729
,
mp-7777,40.63373184
,
mp-755225,70.33506012
,
mp-8874,78.15439606
,
mp-867822,61.74761963
,
mp-999269,26.50283051
,
mp-971757,32.25637817
,
mp-867821,212.2088928
,
mp-30501,103.9571381
,
mp-20753,160.6208344
,
mp-675402,114.1281128
,
mp-18,37.63709641
,
mp-1008282,229.4623566
,
mp-18943,80.62251282
,
mp-978652,54.66662979
,
mp-633538,212.5487671
,
mp-552185,39.43107224
,
mp-13155,112.2619553
,
mp-2077,38.50930023
,
mp-865857,169.8930359
,
mp-571648,17.30549622
,
mp-20887,79.05560303
,
mp-540839,3.290939331
,
mp-867169,32.70511627
,
mp-977997,246.0716553
,
mp-38843,183.0388794
,
mp-30366,23.28300476
,
mp-1013716,9.543403625
,
mp-14568,52.33893585
,
mp-999439,210.9823761
,
mp-14006,35.17060089
,
mp-27677,59.10647202
,
mp-1402,115.0671692
,
mp-972635,59.14418411
,
mp-867234,51.68870544
,
mp-772856,79.76382446
,
mvc-15945,156.0777588
,
mp-3698,50.1512413
,
mp-27835,9.58530426
,
mp-8176,70.62670898
,
mp-978853,99.86030579
,
mp-981313,59.88331604
,
mp-11534,128.2394409
,
mvc-12823,125.0899353
,
mp-862445,271.8360596
,
mp-2874,141.7445374
,
mp-862886,92.69854736
,
mp-36592,52.157444
,
mp-417,181.1405029
,
mp-54,202.5049744
,
mp-1434,37.46089554
,
mp-31442,63.34202576
,
mp-29665,72.34527588
,
mp-976838,188.1018677
,
mp-11283,128.8660431
,
mp-23514,-4.397636414
,
mp-978987,69.15940857
,
mp-865400,167.8414917
,
mp-23918,18.64573669
,
mp-13202,72.38620758
,
mp-10714,178.2123871
,
mp-10667,44.35578156
,
mp-29342,24.90678406
,
mp-27904,92.99325562
,
mp-11519,178.6440735
,
mp-1547,98.9066925
,
mp-1008472,63.71315384
,
mp-558078,36.30020523
,
mp-2434,45.48323059
,
mp-6914,32.15048981
,
mp-6953,66.52597046
,
mp-865898,165.5527802
,
mp-985554,26.6817627
,
mp-977415,91.37703705
,
mp-20847,121.4140549
,
mp-616440,415.2664795
,
mp-27409,16.73654938
,
mp-5528,91.60527802
,
mp-644483,142.7263184
,
mp-999378,183.2535248
,
mp-760375,11.22025299
,
mp-10135,126.1072617
,
mp-867869,74.89263153
,
mp-649774,39.27190399
,
mp-13610,41.09716797
,
mp-1018080,138.4263306
,
mp-29520,-3.149795532
,
mp-1476,93.41226959
,
mp-862610,174.387146
,
mp-1016928,205.7129517
,
mp-8435,49.42451477
,
mp-8122,98.72782135
,
mp-978529,60.48027802
,
mp-2961,47.83101654
,
mp-7936,58.6219902
,
mp-567698,12.25089264
,
mp-862339,76.83555603
,
mp-866141,219.9311829
,
mp-1009829,111.0448227
,
mp-636273,52.75247955
,
mp-18724,134.0790253
,
mp-4415,110.819313
,
mp-979459,34.64493561
,
mp-1008527,334.8085938
,
mp-8996,169.6878815
,
mp-979074,184.7903442
,
mp-983358,190.4208374
,
mp-864620,31.31736755
,
mp-693,44.31352997
,
mp-15607,117.3429642
,
mp-558137,115.6499557
,
mp-7974,75.10510254
,
mp-1002105,375.7245483
,
mp-30353,205.8394928
,
mp-10629,81.32672119
,
mp-1,-12.00512695
,
mp-406,20.04158783
,
mp-2263,207.989563
,
mp-4634,143.8125
,
mp-19970,61.17722702
,
mp-555064,67.47027588
,
mp-1018115,33.03471375
,
mp-4529,21.70878601
,
mp-4678,136.2943726
,
mp-974341,245.6709442
,
mp-1085,359.9581299
,
mp-976943,194.4257965
,
mp-1002109,206.8453064
,
mp-11798,173.2077026
,
mp-864939,166.9888306
,
mp-997024,30.15719604
,
mp-21286,151.7605591
,
mp-29596,85.53481293
,
mp-9567,29.8898468
,
mp-13983,56.79949951
,
mp-863677,80.57212067
,
mp-639662,16.28813934
,
mp-11667,76.22639465
,
mp-19729,57.92925262
,
mp-1963,219.2539215
,
mp-9929,120.8428802
,
mp-994,65.63963318
,
mvc-15694,35.16819763
,
mp-29658,146.4737091
,
mp-1017516,85.18816376
,
mp-865521,6.975791931
,
mp-761563,124.3652954
,
mp-3556,122.746933
,
mp-762391,130.673584
,
mp-1025353,193.9299774
,
mp-604516,90.76502991
,
mp-1025219,41.14291382
,
mp-867266,45.04122162
,
mp-10044,100.8683014
,
mp-866193,38.84621811
,
mp-9923,151.0233917
,
mp-5699,44.93054199
,
mp-631418,186.6523895
,
mp-567332,47.48474503
,
mp-865785,171.8384094
,
mvc-15448,190.7817078
,
mp-1016836,184.9124451
,
mp-974584,168.1882019
,
mp-570286,14.53451538
,
mp-1017580,23.5452652
,
mp-865999,87.66788483
,
mp-849459,84.7278595
,
mp-7083,65.20659637
,
mp-23164,4.183166504
,
mp-30404,37.92382813
,
mp-973614,9.073783875
,
mp-20690,99.50591278
,
mp-7575,105.4678497
,
mp-758371,197.9523315
,
mp-30040,33.0646286
,
mp-12669,107.2677917
,
mp-4126,89.00976563
,
mp-16329,100.8891068
,
mp-715,239.4531555
,
mp-4,31.32409668
,
mp-16751,69.44148254
,
mp-2119,130.7840881
,
mp-20872,65.16275787
,
mp-2145,99.73432922
,
mp-11288,28.31560516
,
mp-570632,47.05063629
,
mp-974370,232.1552734
,
mp-11275,215.7313232
,
mp-1018649,395.6430054
,
mp-862890,56.73978424
,
mp-605790,-26.5723877
,
mp-19722,47.28377914
,
mp-551918,157.9737701
,
mp-971960,151.7399445
,
mp-7170,64.10168457
,
mp-2449,231.3611603
,
mp-20840,162.3934021
,
mp-974270,-1.324211121
,
mp-569662,47.0398941
,
mp-14205,19.50390625
,
mp-16314,103.5818253
,
mp-1025409,132.1124725
,
mp-11411,69.66520691
,
mp-10904,175.8039093
,
mp-5920,44.25034714
,
mp-1001012,60.1703186
,
mp-18750,142.9018097
,
mp-3579,83.54632568
,
mp-864937,27.74103546
,
mp-567747,254.6445465
,
mp-866170,194.5800171
,
mp-11560,210.6141663
,
mp-982725,246.192688
,
mp-973653,67.13693237
,
mp-13178,183.7446289
,
mp-976106,144.2945557
,
mp-1009837,292.8850403
,
mp-865914,226.5652771
,
mp-567818,97.1277771
,
mp-22253,40.81466293
,
mp-973024,42.22330856
,
mp-7390,39.34616089
,
mp-11132,26.77148438
,
mp-865708,60.78664398
,
mp-862918,37.04508209
,
mp-16528,97.02365875
,
mp-867182,82.50259399
,
mp-951,141.2646637
,
mp-1444,26.08409119
,
mp-867116,230.8411102
,
mp-862923,60.71152115
,
mp-12951,124.1034851
,
mp-1008223,-0.064422607
,
mvc-14941,91.92255402
,
mp-2367,83.87672424
,
mp-20565,166.7706146
,
mp-7581,9.970451355
,
mp-11487,146.968277
,
mvc-11012,151.2806549
,
mp-973271,-4.879707336
,
mp-3503,74.17428589
,
mp-3159,20.21302795
,
mp-19921,60.84549332
,
mp-1025140,90.73239899
,
mp-554107,38.31082916
,
mp-866180,41.40532303
,
mp-505249,141.4547729
,
mp-21425,102.2239685
,
mp-10519,51.57506561
,
mp-22735,26.94139862
,
mp-13010,51.49562073
,
mp-569125,25.82497406
,
mp-5621,57.22154617
,
mp-1009640,117.7000427
,
mp-644504,43.56370163
,
mp-1164,140.2668762
,
mp-867878,192.2469025
,
mp-11266,27.64311218
,
mp-1039293,27.93669128
,
mp-861918,71.23280334
,
mp-22896,29.15037537
,
mp-13815,33.55137634
,
mp-3138,9.850700378
,
mp-24082,189.7328796
,
mp-1008490,15.57600403
,
mp-867225,62.86616135
,
mp-761873,29.60289001
,
mp-505782,18.5629425
,
mp-977552,203.2324982
,
mp-20484,64.76817322
,
mp-3589,68.11343384
,
mp-867224,26.24739838
,
mp-15651,78.2269516
,
mp-1008634,155.5553436
,
mp-864953,229.5609894
,
mp-999192,162.7122803
,
mp-2838,154.7465363
,
mp-862629,135.7935638
,
mp-1549,169.0447388
,
mp-21847,20.58565521
,
mp-989554,130.3283997
,
mp-865183,72.54774475
,
mp-30581,119.3440704
,
mp-1367,44.13301849
,
mp-1014229,124.0510406
,
mp-31235,15.5639801
,
mp-865547,67.20291138
,
mvc-6921,125.3826599
,
mp-30507,228.8022919
,
mp-823,161.739212
,
mp-631548,91.1554718
,
mp-961660,171.8274841
,
mp-22377,97.70568848
,
mp-865756,100.9998779
,
mp-784630,232.1953278
,
mp-1025151,51.79024124
,
mp-21359,168.2286682
,
mp-754672,93.27359009
,
mp-22315,150.6515808
,
mp-604496,124.2956543
,
mp-6969,111.573349
,
mp-11583,153.3249969
,
mp-788,93.40970612
,
mp-4323,130.5859375
,
mp-31147,32.41663361
,
mp-21374,21.8921051
,
mp-571339,56.2388916
,
mp-22966,8.686416626
,
mp-631553,69.79714966
,
mp-10213,72.14624786
,
mp-30835,215.642868
,
mp-1002222,121.7176743
,
mp-636056,10.50301361
,
mp-568390,42.17141724
,
mp-27834,18.29803467
,
mp-30449,50.44114685
,
mp-977403,2.46635437
,
mp-13138,118.4067993
,
mvc-13997,149.6945496
,
mp-5451,109.5058975
,
mp-978269,63.40815735
,
mp-1025180,38.40072632
,
mp-1029420,63.78278351
,
mp-2422,68.24456787
,
mp-23709,31.74261475
,
mp-28017,88.30828857
,
mp-570558,10.62329865
,
mp-5163,163.5961456
,
mp-12628,-2.08316803
,
mp-1018699,55.56503677
,
mp-5090,59.68358612
,
mp-1025503,242.2836609
,
mp-12892,59.02753067
,
mp-754718,40.9596405
,
mp-974799,-4.603187561
,
mp-22909,15.77248383
,
mp-5063,110.8530273
,
mp-7926,26.55300903
,
mp-558645,4.076545715
,
mp-21096,63.89541626
,
mp-641923,11.34174347
,
mp-1066,111.9036484
,
mp-864761,254.7764282
,
mp-900,133.3398285
,
mp-972722,58.88627243
,
mp-30885,80.87994385
,
mp-864614,65.15013123
,
mvc-5863,151.2339325
,
mp-754349,118.8573456
,
mp-531611,203.378891
,
mp-975896,52.96285629
,
mp-795,43.51147079
,
mp-989536,32.63503265
,
mp-999133,206.7970886
,
mp-983567,27.14611816
,
mp-1008986,308.8280945
,
mp-569385,105.5801315
,
mp-13164,143.7747345
,
mp-22508,173.5378418
,
mp-29308,28.05263519
,
mp-861619,175.9099731
,
mp-10849,74.7747879
,
mp-971712,49.11717606
,
mp-22787,201.3373718
,
mp-1860,66.38774109
,
mp-2547,74.04452515
,
mp-11269,40.92457962
,
mp-31043,27.87792206
,
mp-631412,178.5864258
,
mp-5346,110.3862762
,
mp-2134,77.28577423
,
mp-644500,107.2609863
,
mp-15805,150.4632568
,
mp-767,36.98340225
,
mp-974372,204.6317139
,
mp-23021,7.914672852
,
mp-755974,52.04527283
,
mp-1008554,110.1877747
,
mp-865812,44.37660599
,
mp-9814,45.54618454
,
mp-999189,167.2083893
,
mp-30773,110.301712
,
mp-436,95.19384766
,
mp-3553,18.25386047
,
mp-2825,139.8943481
,
mp-604908,52.36725235
,
mp-4768,102.5864029
,
mp-568705,124.5293274
,
mp-558781,191.502655
,
mp-1016876,213.7420197
,
mp-865473,10.1638031
,
mp-752401,52.90577698
,
mp-5126,65.26719666
,
mp-2987,31.68331909
,
mp-4248,163.3504791
,
mp-7557,164.5820923
,
mp-1635,39.53425217
,
mp-12777,122.1999664
,
mp-24151,94.43687439
,
mp-977553,78.93838501
,
mp-2222,66.16330719
,
mp-866004,62.12691116
,
mp-864977,100.5496521
,
mp-22914,46.82975769
,
mp-976727,93.09910583
,
mp-1029699,12.89363861
,
mp-1009832,200.1536407
,
mp-2116,155.3765411
,
mp-20526,24.61882019
,
mp-6959,36.38859177
,
mp-989555,56.69701767
,
mp-2371,23.47032928
,
mp-606393,2.995864868
,
mp-1782,68.50062561
,
mp-978995,135.7396393
,
mp-19138,107.0238571
,
mp-22779,76.1992569
,
mp-866072,173.2032776
,
mvc-13158,138.1452179
,
mp-1224,62.99227524
,
mp-1001916,147.3084106
,
mp-867812,120.892395
,
mp-952,278.0610352
,
mp-569523,85.83392334
,
mvc-13442,83.38195801
,
mp-629015,129.2602386
,
mp-752426,27.19606018
,
mp-756490,24.03363037
,
mp-543024,12.98683929
,
mp-4405,16.22535706
,
mp-9503,44.61798859
,
mp-13156,106.7544632
,
mp-1008226,167.3764954
,
mp-1681,37.24452209
,
mp-865119,38.13071823
,
mp-13496,135.2592773
,
mp-29153,147.3568268
,
mp-22412,45.99155426
,
mp-10636,35.62004852
,
mp-31153,81.27900696
,
mp-31468,45.49374771
,
mp-22044,83.50083923
,
mp-865800,35.39545441
,
mp-865044,156.0261688
,
mp-861499,71.36010742
,
mp-11452,235.1831512
,
mp-28480,53.52541351
,
mp-12599,54.24406433
,
mp-862849,91.38114166
,
mp-976588,58.26929092
,
mp-2478,164.632843
,
mp-569610,2.85622406
,
mp-12736,171.9893951
,
mp-571428,182.5602112
,
mp-865255,187.9761353
,
mp-6927,182.4443054
,
mp-867923,154.6201324
,
mp-7572,61.61963272
,
mp-4200,140.969223
,
mp-22739,55.72602844
,
mp-2786,21.57107544
,
mp-4953,43.58553314
,
mp-865531,164.7833557
,
mp-753371,29.87984467
,
mp-22556,40.63618851
,
mp-962074,65.78919983
,
mp-22510,144.7276917
,
mp-22811,36.80295181
,
mp-21003,149.3483276
,
mp-867873,49.97024918
,
mp-30433,44.58244324
,
mp-10728,144.0880127
,
mp-862990,50.40743256
,
mp-865604,22.77709961
,
mp-569558,136.823349
,
mp-978624,74.45284271
,
mp-865600,107.9444427
,
mp-13051,26.15733337
,
mp-867143,65.92403412
,
mp-561664,3.480735779
,
mp-11229,56.20700836
,
mp-756134,150.4801941
,
mp-977143,101.2841339
,
mvc-11730,187.2513733
,
mp-690542,82.18643951
,
mp-9010,12.94246674
,
mp-755323,80.28435516
,
mp-1683,35.2844696
,
mp-961712,209.2183075
,
mp-555296,159.4092712
,
mp-865987,54.97408295
,
mp-11607,191.6415863
,
mp-865353,2.198974609
,
mvc-13900,165.1170197
,
mp-567220,115.6069794
,
mp-12058,160.742218
,
mp-20889,118.7322693
,
mp-22925,10.57881165
,
mp-861932,82.22904968
,
mp-672299,87.07322693
,
mp-999484,60.43062973
,
mp-613523,206.5840454
,
mp-12072,143.1421051
,
mp-1018026,52.88631058
,
mp-983590,166.3565979
,
mp-998418,81.78294373
,
mp-862902,37.31403351
,
mp-19717,31.18891144
,
mp-631383,221.673645
,
mp-1016903,160.649231
,
mp-4385,73.06815338
,
mp-972071,228.3736725
,
mp-828,199.5838013
,
mp-975347,162.7175293
,
mp-862862,99.44969177
,
mp-977128,186.5820618
,
mp-19948,130.4121399
,
mp-1025346,144.5610046
,
mp-22889,13.41252136
,
mp-978881,56.89699173
,
mp-866051,187.8023987
,
mp-865933,191.052887
,
mp-981214,21.45301056
,
mp-625150,102.6984482
,
mp-1009538,164.8427734
,
mp-557373,43.09496689
,
mp-1025182,63.4565239
,
mp-1029269,144.757843
,
mp-999388,250.6298676
,
mp-999188,208.9683228
,
mp-1018150,22.39645386
,
mp-985300,42.44958115
,
mp-1475,145.4486694
,
mp-865878,178.9523926
,
mp-6962,61.92502213
,
mp-8939,209.397583
,
mp-945,247.3365479
,
mp-1748,78.67771912
,
mp-1008826,375.4386597
,
mp-1937,51.81937027
,
mp-20227,50.81015015
,
mp-975292,150.3222504
,
mp-570837,80.85047913
,
mp-997085,77.59960175
,
mp-18427,162.7308502
,
mvc-14334,64.2300415
,
mp-10729,91.30381775
,
mp-7599,137.3908386
,
mp-8291,39.35273743
,
mp-7921,56.25767517
,
mp-980059,102.7489548
,
mp-21399,76.09738922
,
mp-2173,45.27383804
,
mp-567771,156.7112427
,
mp-863704,46.74097824
,
mp-777595,40.65238953
,
mp-10092,48.4799614
,
mp-961689,98.57215118
,
mp-989544,15.06113434
,
mp-30796,150.5786743
,
mp-1025379,158.8243256
,
mp-972048,101.8063736
,
mp-10165,18.33100891
,
mp-864935,110.9849091
,
mp-11107,99.1499176
,
mp-780880,44.88559341
,
mp-557233,67.16503906
,
mp-864670,246.0316162
,
mp-10054,109.5749435
,
mp-22306,112.4281158
,
mp-29621,24.76856232
,
mp-1029566,76.92008972
,
mp-14105,67.09176636
,
mp-20832,19.63596344
,
mp-30427,33.5908432
,
mp-1008926,27.42996979
,
mp-642855,47.52407455
,
mp-1102,174.398941
,
mp-982388,40.10041428
,
mp-1018786,34.16119385
,
mp-41219,117.1733704
,
mp-1018067,196.5396576
,
mp-567617,229.4133759
,
mp-626680,85.63967896
,
mp-776952,35.17372894
,
mp-1008528,123.6908493
,
mp-1147,182.0449524
,
mp-984791,39.70132065
,
mp-30337,107.6714935
,
mp-3163,118.2826691
,
mp-866227,80.72338104
,
mp-762,52.04460526
,
mp-81,153.7287445
,
mp-28692,17.40771484
,
mp-13682,38.01729965
,
mp-28593,37.033535
,
mp-7482,37.1757431
,
mp-31160,46.70217896
,
mp-5782,44.48789978
,
mp-568516,3.847351074
,
mp-19816,41.25275421
,
mp-3032,16.4691925
,
mp-13649,22.77365112
,
mp-1024994,109.3984528
,
mp-982393,53.42950821
,
mp-28945,67.39292908
,
mp-1025168,-4.036705017
,
mp-981530,69.08286285
,
mp-11235,45.43572998
,
mp-1431,189.2841949
,
mp-676117,54.07862473
,
mp-1025571,64.43489075
,
mp-622209,102.8072662
,
mp-2935,54.54244232
,
mp-374,284.9997559
,
mp-546,146.5707703
,
mp-1009834,161.0589142
,
mp-30877,49.14891815
,
mp-15776,26.23806
,
mp-3821,39.95868683
,
mp-9247,47.69088745
,
mp-974400,-32.23414612
,
mp-11816,32.98345947
,
mp-20363,101.4181061
,
mp-865048,206.9866486
,
mp-19331,147.2643127
,
mp-2857,158.4263
,
mp-16732,65.32368469
,
mp-989513,123.3848953
,
mp-1023936,32.67362976
,
mp-8843,60.92260742
,
mp-865982,103.631218
,
mp-867107,273.980011
,
mp-29950,1.344573975
,
mp-1018124,164.2762451
,
mp-634105,1.514602661
,
mp-1007992,213.1355591
,
mp-16522,92.32106781
,
mp-22919,6.291595459
,
mp-30836,212.4906464
,
mp-753459,185.3936768
,
mp-11984,46.89710999
,
mp-11752,65.75534058
,
mp-20481,123.923317
,
mp-5486,82.62072754
,
mp-1025473,46.55108643
,
mp-9486,42.26071167
,
mp-973983,184.7279663
,
mp-5878,56.98034286
,
mp-28567,46.20332718
,
mp-11274,168.2926331
,
mp-20067,60.59545898
,
mp-428,27.33081818
,
mp-11507,212.5372467
,
mp-30571,104.6309128
,
mp-9351,89.55718231
,
mp-1201,39.31779099
,
mp-34139,123.8604965
,
mp-4730,22.20920563
,
mp-11658,41.38457489
,
mp-985059,27.69511414
,
mp-999303,222.9197388
,
mp-999357,279.0002441
,
mp-4250,132.3143158
,
mp-9577,47.59641647
,
mp-865299,133.6044617
,
mp-961670,177.8339691
,
mp-1009213,33.16333008
,
mp-864651,218.642334
,
mp-973767,44.21577835
,
mp-1008785,249.0850983
,
mp-1076,107.82267
,
mp-1580,266.4232483
,
mp-569752,168.0629883
,
mp-20320,25.19565582
,
mp-11947,70.57304382
,
mp-2385,264.5102539
,
mp-1025437,87.34776306
,
mp-6204,33.60902405
,
mp-867875,16.43156433
,
mp-568901,224.8255463
,
mp-542103,177.8580933
,
mp-20503,66.56555939
,
mp-30560,136.4520264
,
mp-7542,56.6934967
,
mp-4305,112.2928238
,
mp-865138,191.3228455
,
mp-27276,186.7198181
,
mp-10015,257.2009888
,
mp-865768,216.9953003
,
mp-867317,150.372345
,
mp-570454,266.2014771
,
mp-2466,101.4837494
,
mp-1029458,138.4130249
,
mp-1234,71.83438873
,
mp-10654,54.25564957
,
mp-865602,47.69201279
,
mp-1006883,180.7333984
,
mp-864990,211.1923828
,
mp-11917,171.4553986
,
mp-545598,115.8228683
,
mp-18793,101.3330612
,
mp-9371,115.5179214
,
mp-6950,35.25424194
,
mp-4367,133.7533264
,
mp-1039447,24.42314911
,
mp-3437,123.2402649
,
mp-973443,221.3131714
,
mp-754008,69.24217224
,
mp-9562,50.32647324
,
mp-790,182.7324829
,
mp-863076,81.03320313
,
mp-973626,52.7216568
,
mp-541014,2.154678345
,
mp-7829,214.660614
,
mp-866005,60.808918
,
mp-978862,164.7994843
,
mp-866125,197.5032349
,
mp-568002,-0.225776672
,
mp-1018009,40.25145721
,
mp-975394,118.0968246
,
mp-13501,185.3465118
,
mp-976239,24.87583923
,
mp-984627,57.88050461
,
mp-976341,50.51609802
,
mp-7543,40.06314468
,
mp-1016842,168.5765228
,
mp-867829,162.7093353
,
mp-20145,173.4082947
,
mp-973353,182.7690735
,
mp-571651,99.5414505
,
mp-22498,63.38472366
,
mp-24409,3.781272888
,
mp-754678,147.352951
,
mp-982261,21.43776703
,
mp-12527,48.94199753
,
mp-20119,41.250103
,
mp-6951,25.69828033
,
mp-604321,-1.689880371
,
mp-983359,77.88134766
,
mp-978501,95.38092041
,
mp-996987,82.95014191
,
mp-571071,175.6497498
,
mp-11342,18.02458191
,
mp-862364,147.3337708
,
mp-9912,42.15570068
,
mp-34857,18.20210266
,
mp-961684,16.47429657
,
mp-977582,163.0014648
,
mp-21289,114.2436066
,
mp-5986,127.3236771
,
mp-1994,240.9061127
,
mp-977428,62.24823761
,
mp-989405,19.16342163
,
mp-865185,68.61233521
,
mp-16370,88.16598511
,
mp-1018154,123.4106293
,
mp-28250,13.2559433
,
mp-11237,83.46109009
,
mp-2247,73.41394806
,
mp-12884,86.16330719
,
mp-1263,245.0174713
,
mp-867356,297.2735291
,
mp-10597,82.86108398
,
mp-997037,108.8351288
,
mp-675271,17.90400696
,
mp-1500,25.9189682
,
mp-20025,31.20891571
,
mp-22229,97.53978729
,
mp-567841,95.74625397
,
mp-567655,26.76771545
,
mp-8145,104.6622696
,
mp-985551,43.36218262
,
mp-5618,82.06916809
,
mp-1013527,53.87669373
,
mp-995191,93.37960052
,
mp-30465,94.65292358
,
mp-2749,132.4115906
,
mp-22287,219.8408508
,
mp-1017511,250.5354767
,
mp-7080,77.42385101
,
mp-10312,158.5228882
,
mp-636698,84.29971313
,
mp-8132,32.94542694
,
mp-20027,146.9614258
,
mp-7473,100.9352264
,
mp-760492,68.62211609
,
mp-1933,123.2023163
,
mp-3301,143.1382446
,
mp-631495,33.46780396
,
mp-1077,294.0082703
,
mp-31469,128.0622711
,
mp-753712,47.33602524
,
mp-2364,203.703186
,
mp-5022,147.3148651
,
mp-2317,129.2220001
,
mp-505297,175.2330933
,
mp-1018718,288.6888123
,
mp-1342,49.08111572
,
mp-1018636,142.4008331
,
mp-1352,201.7552795
,
mp-7955,19.50338745
,
mp-19740,103.4804611
,
mp-863727,152.0385132
,
mp-580357,143.4035187
,
mp-13450,101.0148087
,
mp-631299,179.6182251
,
mp-19876,106.6969299
,
mp-998554,11.89767456
,
mp-8249,0.020729065
,
mp-976283,176.5644836
,
mp-1025393,117.7719345
,
mp-1848,78.07762909
,
mp-975793,56.46418381
,
mp-28273,20.19270325
,
mp-3102,33.19504547
,
mp-2577,236.658371
,
mp-865168,159.9789734
,
mp-1571,122.7406158
,
mp-6174,89.31352234
,
mp-864733,-7.237632751
,
mp-867263,61.26422501
,
mp-7275,37.84540176
,
mp-20466,124.2822342
,
mp-865592,85.3968811
,
mp-997616,32.9921875
,
mp-2316,64.41710663
,
mp-974616,237.371994
,
mp-30245,71.088974
,
mp-1798,28.04290009
,
mp-776911,73.99357605
,
mp-569661,90.20921326
,
mp-636368,102.0049667
,
mp-976751,36.79013443
,
mp-982017,57.75119019
,
mp-30840,160.310318
,
mp-1925,127.3103104
,
mp-4531,27.05675507
,
mp-19412,51.65343094
,
mp-2558,32.90710449
,
mp-4441,64.91537476
,
mvc-5816,164.5999603
,
mp-1025356,200.277359
,
mp-862980,63.59326172
,
mp-975312,34.39179993
,
mp-19764,44.80392456
,
mp-1009014,83.51716614
,
mp-999197,158.1041565
,
mp-16033,73.20437622
,
mp-23154,-1.170722961
,
mp-567967,7.386993408
,
mp-31455,165.2997589
,
mp-1017552,67.35752869
,
mp-13,167.3564148
,
mp-17783,48.42492294
,
mp-1018079,69.22846222
,
mp-866107,101.7729721
,
mp-5213,40.04215622
,
mp-631543,84.362854
,
mp-14549,147.1027527
,
mp-567278,159.8769226
,
mp-1025267,9.422775269
,
mp-865282,102.0401917
,
mp-866376,185.1987305
,
mp-10872,136.0296326
,
mp-30083,51.93507004
,
mp-979436,219.0911255
,
mp-733,47.50848389
,
mp-3433,120.8312988
,
mp-865869,169.5722656
,
mp-684709,105.0153503
,
mp-972021,123.8325806
,
mp-510380,148.9687653
,
mp-542112,144.3717804
,
mp-1009894,130.1009674
,
mp-38605,24.14759827
,
mp-865896,42.10033417
,
mp-631572,119.6439667
,
mp-1025517,165.3425903
,
mp-865730,131.997467
,
mp-1018012,188.2292786
,
mp-1179,144.6419067
,
mp-864962,31.63356018
,
mp-622990,160.3655853
,
mp-1903,39.89938736
,
mp-865096,41.59935379
,
mp-11719,8.438156128
,
mp-753,50.84144974
,
mp-1023127,78.95755768
,
mp-571262,105.0997009
,
mp-977138,166.9052734
,
mp-582034,204.6098938
,
mp-13868,46.21767044
,
mp-11469,46.94762039
,
mp-4454,175.0426178
,
mp-675766,19.4641571
,
mp-866082,74.78662872
,
mp-754588,146.065155
,
mp-1025309,221.3900757
,
mp-36775,90.23822784
,
mp-37214,155.1674042
,
mp-16250,154.8222656
,
mp-1009831,318.5151367
,
mp-1025285,145.2926941
,
mp-27689,7.024459839
,
mp-1029457,88.17656708
,
mp-10856,202.1447906
,
mp-30004,14.4627533
,
mp-863671,80.28092957
,
mp-21340,180.3670349
,
mp-972954,33.55791473
,
mp-18728,125.2732391
,
mp-19871,93.15135193
,
mp-1025192,263.1056519
,
mp-865780,159.5254822
,
mp-20279,41.04922104
,
mp-29208,29.08818054
,
mp-560588,60.57826233
,
mp-1269,80.8633728
,
mp-8373,44.87015533
,
mp-2011,94.14996338
,
mp-36779,76.46452332
,
mp-862259,59.88802719
,
mp-30338,69.21363831
,
mp-2931,96.62839508
,
mp-3838,74.56581116
,
mp-11277,121.9200287
,
mp-1016881,168.9894714
,
mp-4559,51.17655182
,
mp-7421,16.55847931
,
mp-768,74.57876587
,
mp-962063,53.85484314
,
mp-28395,188.8542328
,
mp-568747,30.45761108
,
mp-615314,189.4910889
,
mp-865433,63.58555984
,
mp-23260,7.247406006
,
mp-9951,187.2886963
,
mp-20112,171.905304
,
mp-2333,121.8375244
,
mp-21194,104.8170471
,
mp-867130,35.82318878
,
mp-862563,106.6806717
,
mp-1018628,165.0990753
,
mp-865162,156.203064
,
mp-974430,353.7993774
,
mp-3349,153.2876434
,
mp-1894,383.2097168
,
mp-345,174.6080627
,
mp-1672,49.13842392
,
mp-975368,11.95841217
,
mp-25469,24.05797577
,
mp-12972,114.0752029
,
mp-979294,128.4712372
,
mp-24201,77.91194153
,
mp-19765,24.16706848
,
mp-2507,27.54203033
,
mp-669,86.48248291
,
mp-755544,116.2577438
,
mp-984772,51.25931549
,
mp-979263,42.77778244
,
mp-1029442,118.2767181
,
mp-7463,124.3654556
,
mp-998323,24.45831299
,
mp-15885,40.48555756
,
mp-21765,64.49349976
,
mp-23856,29.77983856
,
mp-18765,55.23225403
,
mp-21035,89.30322266
,
mp-979967,42.1652298
,
mp-20521,131.8211517
,
mp-10598,74.4076767
,
mp-989642,24.31787872
,
mp-754352,38.43232346
,
mp-545999,98.81176758
,
mp-3955,35.61466217
,
mp-1025274,75.42002869
,
mvc-3525,67.27944946
,
mp-8037,89.83005524
,
mp-643265,19.16327667
,
mp-867348,54.17168427
,
mp-865789,56.0764389
,
mp-865496,307.4604492
,
mp-570960,285.4701233
,
mp-865011,190.8825073
,
mp-1326,160.0485687
,
mp-1025377,0.759063721
,
mp-979422,92.7119751
,
mp-556536,49.56182098
,
mp-21345,56.46331024
,
mp-764648,133.0173492
,
mp-541840,139.6973572
,
mp-1008642,206.3399353
,
mp-631502,138.0160675
,
mvc-11226,168.2445679
,
mp-23712,64.66921997
,
mp-569017,-0.076400757
,
mp-9523,50.75762558
,
mp-24834,28.52416229
,
mp-568446,82.31965637
,
mp-631479,49.79764175
,
mp-1674,53.97845459
,
mp-978100,52.25215912
,
mp-27897,31.02571106
,
mp-4051,35.40272522
,
mp-3210,104.2430954
,
mp-9437,148.2086487
,
mp-4488,63.72299957
,
mp-862983,8.952766418
,
mp-997098,136.7148285
,
mp-10527,81.11154175
,
mp-12961,86.28327942
,
mp-22792,68.85410309
,
mp-866285,151.5572052
,
mp-863739,122.0397568
,
mp-569007,45.61151505
,
mp-30242,102.1870728
,
mp-27512,87.86585236
,
mp-3637,143.5604248
,
mp-815,179.1686707
,
mp-975439,194.1452026
,
mp-23210,16.19015503
,
mp-631404,225.0678711
,
mp-556094,17.84385681
,
mp-21007,95.17034149
,
mp-1023924,37.58935547
,
mp-5175,93.67243958
,
mp-19726,71.99380493
,
mp-981935,23.0440979
,
mp-1008610,193.0747681
,
mp-982385,115.2439804
,
mp-4697,35.2117157
,
mp-1565,201.8101196
,
mp-10497,59.3035965
,
mp-27226,117.5800552
,
mp-980053,54.29872894
,
mp-567551,204.6017761
,
mp-570690,204.651535
,
mp-631473,53.38371658
,
mp-1943,18.03627777
,
mp-973834,145.7472382
,
mp-865536,124.9302444
,
mp-1222,185.7993317
,
mp-30875,124.6419373
,
mp-126,239.6041107
,
mp-632219,85.40289307
,
mp-862549,44.7274704
,
mp-21276,37.42852783
,
mp-505825,22.92736816
,
mp-864742,16.72563171
,
mp-9208,299.1946411
,
mp-551,35.67716217
,
mp-613327,335.9171753
,
mp-10784,36.19910431
,
mp-8277,34.21059418
,
mp-864758,5.616783142
,
mp-862887,88.30568695
,
mp-27393,86.42488098
,
mp-972692,69.40373993
,
mp-30477,26.4907074
,
mp-3998,161.4388123
,
mvc-3672,121.4599152
,
mp-984523,-5.752807617
,
mp-31458,158.9217834
,
mp-7104,41.17108917
,
mp-570155,230.4098663
,
mp-1584,200.1754761
,
mp-12015,49.74226761
,
mp-10187,118.8669739
,
mp-22633,69.2883606
,
mp-567712,81.56161499
,
mp-19127,164.5487061
,
mp-10132,301.5691833
,
mp-11190,179.6816101
,
mp-570771,35.31933594
,
mp-982070,278.7631226
,
mp-5784,45.72568893
,
mp-976122,42.78557968
,
mp-977425,251.8459473
,
mp-1553,146.4391937
,
mp-2130,128.4171448
,
mp-3385,90.09323883
,
mp-8267,0.421195984
,
mp-961706,171.9405212
,
mp-2097,72.75802612
,
mp-761034,227.8795013
,
mp-37657,93.88621521
,
mp-3498,168.2883606
,
mp-862431,124.2140198
,
mp-865460,46.29032898
,
mp-754165,154.6531372
,
mp-979270,96.60910034
,
mp-5836,138.8749847
,
mp-28980,9.204742432
,
mp-631323,93.1942215
,
mp-11620,113.1340637
,
mp-20438,103.5332413
,
mp-811,165.3404236
,
mp-1649,176.875885
,
mp-541037,23.44926453
,
mp-1029726,76.72324371
,
mp-19904,140.5415344
,
mp-13132,122.1755524
,
mp-973535,1.059547424
,
mp-496,47.72413254
,
mp-3595,62.7869339
,
mp-1429,128.085907
,
mp-1025224,59.88730621
,
mp-23072,20.17987061
,
mp-1014316,268.7288208
,
mp-865262,195.6174927
,
mp-29145,11.39227295
,
mp-1811,36.22380829
,
mp-4262,159.286499
,
mp-16506,30.82498169
,
mp-20695,105.4722519
,
mp-570910,23.63568115
,
mp-1017629,94.32115173
,
mp-567996,182.8181458
,
mp-867267,74.80731201
,
mp-11313,78.50595093
,
mp-971922,63.93385696
,
mp-29771,83.66166687
,
mp-1029633,79.30384827
,
mp-8306,39.23339462
,
mp-753541,51.80109024
,
mp-1028698,32.36791229
,
mp-861876,44.00122833
,
mp-23870,11.30016327
,
mp-15964,119.2595596
,
mp-7142,410.0655518
,
mp-669546,132.832428
,
mp-9391,66.63371277
,
mp-755472,76.62065125
,
mp-696114,24.56898499
,
mp-775331,122.3382111
,
mp-21873,107.5830841
,
mp-1018851,292.5959473
,
mp-570886,8.574783325
,
mp-953,133.3383331
,
mp-29898,69.9901886
,
mp-27827,9.582397461
,
mp-862938,47.29916
,
mp-1011376,59.25485229
,
mp-11113,65.96466064
,
mp-705519,156.0973511
,
mp-1869,144.4300537
,
mp-867353,97.93634033
,
mp-1014462,22.74047852
,
mp-567695,156.3720398
,
mp-3103,225.4112396
,
mp-1208,74.58885193
,
mp-1021667,87.0186615
,
mp-866140,146.9552002
,
mp-16115,114.0102844
,
mp-1008928,44.23090363
,
mp-20590,45.17471313
,
mp-20563,62.0515213
,
mp-27478,56.27576828
,
mp-998899,146.0345306
,
mp-30457,77.01324463
,
mp-3534,40.09550095
,
mp-1021668,64.22921753
,
mp-19009,154.675827
,
mp-862864,105.1957321
,
mp-30347,82.24685669
,
mp-865563,112.5623398
,
mp-30406,39.22302246
,
mp-2716,163.956543
,
mp-557266,44.46998215
,
mvc-7194,100.9079742
,
mp-13094,89.05596161
,
mp-1211,65.87509918
,
mp-1009017,56.05286026
,
mp-566131,43.5684166
,
mp-941221,57.66934204
,
mp-616378,6.911689758
,
mp-978009,203.1832581
,
mp-68,35.55160522
,
mp-2700,54.08411407
,
mp-2676,175.7523804
,
mp-862884,66.43234253
,
mp-754823,111.3118286
,
mp-5268,137.8495636
,
mp-22483,30.66539001
,
mp-974842,123.7310791
,
mp-863715,112.7908783
,
mp-29484,11.67131805
,
mp-761036,40.90395737
,
mp-37381,129.0147858
,
mp-999470,46.18703079
,
mp-867881,134.7500153
,
mp-580236,24.93377686
,
mp-685036,164.3410797
,
mp-631482,157.2593384
,
mp-30365,141.3553619
,
mp-18778,66.04753113
,
mp-5260,124.2910156
,
mp-867820,106.3416595
,
mp-8487,70.63188171
,
mp-7962,71.24565887
,
mp-983430,180.04599
,
mp-11734,154.5378571
,
mp-37153,23.98747253
,
mp-12778,287.7521973
,
mp-1029595,38.79198074
,
mp-553310,31.95059204
,
mp-972244,66.06178284
,
mp-1018020,52.8422966
,
mp-754483,51.0737648
,
mp-556424,54.05639267
,
mp-984552,183.0983276
,
mp-862369,147.6869202
,
mp-919,59.57862473
,
mp-5503,183.7071533
,
mp-1017581,126.1233673
,
mp-1986,78.68647766
,
mp-865577,40.79117203
,
mp-1358,182.4155426
,
mp-4478,74.82312012
,
mp-758594,166.4199524
,
mp-2349,55.3319397
,
mp-890,157.5546265
,
mp-989613,169.3124084
,
mp-5933,130.4865112
,
mp-2693,33.20736694
,
mp-979038,83.57846069
,
mp-865899,192.9228516
,
mp-2611,27.56560516
,
mp-17481,151.9738922
,
mp-30091,175.6407776
,
mp-14038,34.23603058
,
mp-865929,123.4176483
,
mp-867171,26.1002655
,
mp-864943,195.8432922
,
mp-19006,113.8768692
,
mp-672287,24.42539215
,
mp-866177,93.54984283
,
mp-979258,64.58177948
,
mp-865006,53.23326874
,
mp-998913,9.509811401
,
mp-972205,271.9136658
,
mp-19260,85.6294632
,
mp-603347,172.1569824
,
mp-997004,90.7024231
,
mp-1018161,110.609848
,
mp-28270,14.55391693
,
mp-7947,160.7016449
,
mp-982873,0.137664795
,
mp-542065,55.69714355
,
mp-1018643,138.1472168
,
mp-867255,70.87136841
,
mp-10498,121.7870941
,
mp-540572,3.362068176
,
mp-3732,160.1072998
,
mp-10903,177.3798828
,
mp-2548,95.08763123
,
mp-11562,176.1000061
,
mp-21409,38.10345459
,
mp-772,91.1292038
,
mp-11555,180.901886
,
mp-999390,262.5888062
,
mp-972653,56.98057556
,
mp-30738,227.3130188
,
mp-866109,204.135788
,
mp-20465,92.29521179
,
mp-989545,15.62167358
,
mp-861953,183.5223694
,
mp-1334,84.86985779
,
mp-545481,35.3553009
,
mp-31116,151.5308228
,
mp-23004,15.29322052
,
mp-4471,189.2145386
,
mp-11364,130.5555878
,
mp-510198,119.5233154
,
mp-1690,19.93704224
,
mp-2163,112.8783798
,
mp-581733,116.3858337
,
mp-862903,68.14474487
,
mp-1529,133.2706909
,
mp-8338,65.94952393
,
mp-972156,37.47476578
,
mp-9487,144.5266724
,
mp-1021323,154.8503418
,
mp-631508,158.3261414
,
mp-867838,78.98486328
,
mp-16516,96.47027588
,
mp-6754,164.2496338
,
mp-18717,166.7125854
,
mp-17862,52.20721436
,
mp-989535,28.35973358
,
mp-677335,40.50121689
,
mp-19836,43.44012833
,
mp-11302,59.00491714
,
mp-16726,42.00767517
,
mp-972,46.89639282
,
mp-8020,177.7835236
,
mp-866228,50.11032486
,
mp-11513,210.0310211
,
mp-978564,56.41305161
,
mp-973343,31.2649765
,
mp-976414,21.26579285
,
mp-27367,-8.973228455
,
mp-22320,213.5332031
,
mp-8110,150.4929047
,
mp-571467,24.01491547
,
mp-644751,341.1322021
,
mp-12814,24.30110931
,
mp-7725,74.64215088
,
mp-971701,54.38814163
,
mp-608366,66.20858765
,
mp-631536,149.0443115
,
mp-13085,140.2902374
,
mp-27757,144.5025787
,
mp-11573,203.7062683
,
mp-20757,129.4653931
,
mp-1029522,65.60133362
,
mp-550008,177.3040009
,
mp-975207,62.35904312
,
mp-15777,24.95544434
,
mp-22866,49.42885971
,
mp-3605,125.7421417
,
mp-755435,86.84165192
,
mp-21076,153.8800507
,
mp-571343,35.01228333
,
mp-867133,101.3139343
,
mp-1009878,223.8109741
,
mp-135,9.382423401
,
mp-4913,102.4313507
,
mp-22894,10.81938171
,
mp-973875,48.4136467
,
mp-22639,146.9627838
,
mp-1007821,173.1462708
,
mp-28145,15.54468536
,
mp-146,192.29599
,
mp-866154,230.674881
,
mp-676290,7.445625305
,
mp-5491,126.9541092
,
mp-8161,66.67975616
,
mp-752463,148.67099
,
mp-10026,57.58700562
,
mp-24237,90.34155273
,
mp-2731,93.38754272
,
mp-976856,11.83547974
,
mp-9813,64.45324707
,
mp-10485,22.78450775
,
mp-578606,96.92153931
,
mp-12565,134.9961853
,
mp-27438,22.34686279
,
mp-2806,36.44597626
,
mp-977369,56.8010025
,
mp-865608,157.4140778
,
mp-980192,259.4402161
,
mp-553243,71.98603821
,
mp-4628,100.8982773
,
mp-2866,89.72261047
,
mp-631535,193.9145508
,
mp-989579,12.81378937
,
mp-973396,95.85163116
,
mp-2098,171.0542145
,
mp-9056,49.49846268
,
mp-21382,90.19430542
,
mp-10614,26.7355423
,
mp-23558,66.72885132
,
mp-989609,163.075592
,
mp-14208,56.57022858
,
mp-618309,80.41079712
,
mp-30409,116.8044739
,
mp-1025225,77.67991638
,
mp-556953,-1.146781921
,
mp-865995,72.77697754
,
mp-973352,77.15733337
,
mp-556605,202.7375183
,
mp-1008630,375.1378784
,
mp-568095,128.3503876
,
mp-37514,108.9694672
,
mp-865594,92.20962524
,
mp-7931,34.48679352
,
mp-753490,136.2783051
,
mp-865357,113.6956253
,
mp-9615,52.38623047
,
mp-3881,51.86220169
,
mp-995147,29.08438873
,
mp-974452,317.7984619
,
mp-977372,56.90711975
,
mp-567484,18.79441833
,
mp-23056,37.89613342
,
mp-20554,19.73329926
,
mp-1029368,117.0580139
,
mp-22276,145.6735535
,
mp-20552,174.9881439
,
mp-1018088,219.0476227
,
mvc-6281,125.0834351
,
mp-21163,204.9954376
,
mp-8085,46.93123627
,
mp-628,118.7719116
,
mp-10159,2.431503296
,
mp-568411,73.05519104
,
mp-1068,57.37506104
,
mp-3635,49.05920029
,
mp-10255,272.3309326
,
mp-569785,134.2076111
,
mp-972914,70.94726563
,
mp-20147,157.7205505
,
mp-20822,95.82874298
,
mp-6606,144.0936279
,
mp-21090,143.8092194
,
mp-24289,128.4527283
,
mp-20965,47.29358292
,
mp-2580,261.4737854
,
mp-984717,188.9816437
,
mp-4359,98.13018799
,
mp-2567,201.4525757
,
mp-752415,121.387413
,
mp-570578,79.16156006
,
mp-24722,182.9512329
,
mp-4192,41.0355835
,
mp-5505,119.5799026
,
mp-2090,183.5384827
,
mp-862619,44.79766846
,
mp-541487,66.34104919
,
mp-982558,168.0887146
,
mp-1029520,122.2238007
,
mp-27263,16.68972778
,
mp-220,119.2430191
,
mp-27839,10.74604034
,
mp-19946,84.10450745
,
mp-833,75.82440948
,
mp-568931,60.55669022
,
mp-9985,243.4336548
,
mp-4744,74.87866974
,
mp-27848,41.13674164
,
mp-554252,40.13062668
,
mp-867357,277.8218384
,
mp-978833,54.78806686
,
mp-2452,33.61580658
,
mvc-13303,279.8847046
,
mp-553303,38.277771
,
mp-571335,47.94152451
,
mp-450,286.2004395
,
mp-864896,154.8297424
,
mp-864597,39.92808151
,
mp-20083,102.0932465
,
mp-867303,139.5764008
,
mp-22027,85.0617981
,
mp-755959,29.25787354
,
mp-1025331,13.12065125
,
mp-980942,36.31285477
,
mp-20868,246.7331848
,
mp-573316,33.00165558
,
mp-2495,78.39933014
,
mp-445,91.34706116
,
mp-7577,188.4955292
,
mp-17275,122.0774307
,
mp-562102,11.91944885
,
mp-861994,61.59212875
,
mp-571440,13.67207336
,
mp-9399,55.09223175
,
mp-1016882,199.7811127
,
mp-510456,44.30290985
,
mp-20487,49.4723587
,
mp-867195,179.959259
,
mp-486,109.2578201
,
mp-22917,44.0341835
,
mp-1019740,260.5200195
,
mp-3676,94.26300049
,
mp-20485,23.24859619
,
mp-168,72.93789673
,
mp-1024067,22.34647369
,
mp-754826,24.95279694
,
mp-567395,20.24276733
,
mp-19962,86.63593292
,
mp-631320,273.3157349
,
mp-22435,168.4186707
,
mp-5594,144.553833
,
mp-865786,177.1314392
,
mp-28782,20.0381546
,
mp-6586,44.30025482
,
mp-865362,134.798584
,
mp-4828,160.4929504
,
mp-985,82.61296082
,
mp-334,103.1828995
,
mp-8557,96.32735443
,
mp-865402,78.30387878
,
mp-2979,142.2715149
,
mp-179,56.53643417
,
mp-9919,35.7061615
,
mp-9479,26.57292938
,
mp-8281,25.33827972
,
mp-568661,15.69120789
,
mp-30234,11.62155151
,
mp-862623,146.9041901
,
mp-6098,163.0686951
,
mp-1152,217.3334808
,
mp-5498,49.04300308
,
mp-6945,82.12941742
,
mp-1029267,147.5710907
,
mp-4779,73.60731506
,
mp-562100,29.97922516
,
mp-556125,43.18209457
,
mp-569451,130.9453888
,
mp-7851,225.0184631
,
mp-3829,22.71044159
,
mp-978917,48.45590591
,
mp-557772,42.67630386
,
mp-685941,32.68340302
,
mp-8742,119.3509979
,
mp-31182,99.99138641
,
mp-1620,211.0112152
,
mp-1019266,41.10281754
,
mp-867761,125.2150574
,
mp-1330,210.1908875
,
mp-9961,144.7934113
,
mp-11808,136.9795227
,
mp-866134,205.8552551
,
mp-441,23.07357788
,
mp-976411,10.32372284
,
mp-862565,21.11222076
,
mp-862586,323.5875244
,
mp-867193,41.71827698
,
mp-1007961,124.2905121
,
mp-756034,78.10075378
,
mp-989533,58.33385086
,
mp-983586,52.44886017
,
mp-570691,117.2370911
,
mp-23050,71.40652466
,
mp-9925,28.03446198
,
mp-996992,71.99315643
,
mp-2597,30.19010162
,
mp-1013588,77.91136169
,
mp-865050,155.6779327
,
mp-556609,2.370735168
,
mp-1731,119.0374298
,
mp-865029,146.5368652
,
mp-48,159.9254913
,
mp-11230,50.74481583
,
mp-539,22.34499359
,
mp-19417,177.1381226
,
mp-978964,58.33476639
,
mp-973004,230.0352478
,
mp-5692,183.4615173
,
mp-542903,143.5369415
,
mp-5983,111.998024
,
mp-865747,65.37469482
,
mp-20194,171.9348602
,
mp-2395,68.60219574
,
mp-1016884,151.439682
,
mp-631633,157.605896
,
mp-754777,69.26351166
,
mp-568404,23.07160187
,
mp-11582,13.29753113
,
mp-755581,77.85922241
,
mp-22389,131.7160339
,
mp-1039229,5.033843994
,
mp-569567,415.6390991
,
mp-864966,229.4865417
,
mp-985292,196.0015869
,
mp-1009827,24.64289856
,
mp-754553,118.9888153
,
mp-754711,140.651825
,
mp-1016902,149.0713959
,
mp-12910,36.25276947
,
mp-775761,16.89500427
,
mp-173,91.39550781
,
mp-2735,170.5942383
,
mp-8922,116.2534714
,
mp-1029550,87.01667786
,
mp-31059,45.35476685
,
mp-12651,132.0625305
,
mp-21493,81.720047
,
mp-8096,62.93932724
,
mp-7387,10.57344818
,
mp-776475,175.5250854
,
mp-865030,185.3748932
,
mp-569289,17.14125824
,
mp-28306,17.58702087
,
mp-864997,126.8462524
,
mp-610972,127.3798218
,
mp-2634,280.6795654
,
mp-754327,141.1387939
,
mp-2794,232.71875
,
mp-865467,60.51576614
,
mp-31138,153.3023987
,
mp-20181,115.6120605
,
mp-1024954,78.82717896
,
mp-1135,202.5220642
,
mp-865588,85.71126556
,
mp-979962,28.89421082
,
mp-1025354,127.6964264
,
mp-618991,91.55847168
,
mp-20133,276.2572632
,
mp-631515,54.48773193
,
mp-3953,58.86140823
,
mp-20814,181.7638245
,
mp-30358,71.42321014
,
mp-13797,40.17460632
,
mp-973155,87.98088837
,
mp-865916,263.0008545
,
mp-631518,69.02238464
,
mp-568055,138.8301392
,
mp-8578,76.99754333
,
mp-76,7.679862976
,
mp-756132,66.92709351
,
mp-30764,124.0094986
,
mp-977566,102.3831863
,
mp-5238,50.85278702
,
mp-974426,295.893219
,
mp-510488,71.12560272
,
mp-19442,151.0731812
,
mp-1008820,247.9252472
,
mp-861991,120.024765
,
mp-15778,77.6319046
,
mp-7977,69.32782745
,
mp-4593,191.7829895
,
mp-978851,136.7636871
,
mp-7903,31.67068481
,
mp-11233,92.88323975
,
mp-10343,127.8075714
,
mp-979044,88.05192566
,
mp-1513,98.98318481
,
mp-396,42.15746307
,
mp-675283,27.7455368
,
mp-631523,228.53685
,
mp-2301,105.187706
,
mp-865895,212.752594
,
mp-1018683,68.26611328
,
mp-977570,61.60578156
,
mp-12427,164.2466431
,
mp-984553,268.9741821
,
mp-5967,132.684433
,
mp-28884,61.57297897
,
mp-18966,131.8983459
,
mp-977407,207.1042175
,
mp-8289,17.45852661
,
mp-864633,51.61139679
,
mp-568556,197.2753601
,
mp-11472,39.98860931
,
mp-865027,168.2509766
,
mp-1009835,295.8927612
,
mp-11565,176.3080139
,
mp-28683,-18.95367432
,
mp-2672,22.86682892
,
mp-10314,49.5342598
,
mp-16260,86.26711273
,
mp-14827,71.84898376
,
mp-29551,2.68422699
,
mp-31467,147.2575989
,
mp-567912,77.58779907
,
mp-2056,89.85431671
,
mp-999543,224.611145
,
mp-570097,27.27534485
,
mp-22958,15.36802673
,
mp-10674,58.09866714
,
mp-862805,73.55293274
,
mp-605028,63.76365662
,
mp-8789,40.63161087
,
mp-7506,214.3470459
,
mp-867922,150.4222717
,
mp-972907,74.99292755
,
mvc-7058,-6.218933105
,
mp-13108,155.4625854
,
mp-4181,113.2863007
,
mp-19746,53.00039673
,
mp-556093,52.14004517
,
mp-22033,116.9939804
,
mp-569304,161.6416168
,
mp-5229,172.0676727
,
mp-3148,150.119339
,
mp-864622,97.2347641
,
mp-12979,159.8570557
,
mp-22962,16.67051697
,
mp-961695,69.96496582
,
mp-22514,101.0590973
,
mp-27718,23.55626678
,
mp-20750,39.77113342
,
mp-894,168.5771637
,
mp-861656,201.0423737
,
mp-8023,129.4672089
,
mp-1229,67.83978271
,
mp-1057,124.1756897
,
mp-36029,79.35594177
,
mp-30273,54.37133026
,
mp-19400,148.6672974
,
mp-864982,14.27923584
,
mp-867788,270.5817871
,
mp-1058,54.98793411
,
mp-11521,102.0186234
,
mp-2520,58.92819977
,
mp-9776,50.88959885
,
mp-11416,130.1613617
,
mp-11360,99.77045441
,
mp-22965,14.11795807
,
mp-995196,200.2675323
,
mp-866024,165.3571625
,
mp-20698,69.63783264
,
mp-2361,121.8472443
,
mp-571211,154.7142792
,
mvc-11780,37.51286316
,
mp-1018828,131.9858856
,
mp-999068,135.1077271
,
mp-29826,64.03608704
,
mp-571059,55.11980438
,
mp-12863,49.48911285
,
mp-977545,235.3668365
,
mp-17518,82.99546814
,
mp-1016875,157.6797028
,
mp-862813,97.69411469
,
mp-20730,162.9195099
,
mp-30426,35.61300659
,
mp-8013,23.58524323
,
mp-30360,77.2713623
,
mp-1403,74.90802002
,
mp-1025448,117.3680344
,
mp-866229,36.4667778
,
mp-570506,8.915916443
,
mp-2117,150.4280548
,
mp-22947,13.07439423
,
mp-1029349,74.36141968
,
mp-4767,152.58992
,
mp-11539,110.7206268
,
mp-2809,13.93759918
,
mp-24422,20.93264008
,
mp-27974,10.03614044
,
mp-610917,5.187385559
,
mp-11276,198.6280212
,
mp-8697,134.855835
,
mp-978911,60.43953705
,
mp-589,70.70387268
,
mp-865858,123.4540863
,
mp-672374,119.0073547
,
mp-10931,110.287796
,
mp-861955,44.74131393
,
mp-19170,156.4524384
,
mp-7283,159.2840118
,
mp-1009264,204.5266113
,
mp-9810,19.60202789
,
mvc-678,92.86354065
,
mp-554678,116.54702
,
mp-1018040,29.53781128
,
mp-862300,111.6319046
,
mvc-16021,74.8506012
,
mp-28843,8.39289856
,
mp-867172,44.62500381
,
mp-865338,96.00061798
,
mp-9561,28.46669769
,
mp-2085,79.80105591
,
mp-1029656,47.68777847
,
mp-20440,138.2319336
,
mp-862698,53.52674484
,
mp-4429,85.30667114
,
mp-1019277,57.82370377
,
mp-30876,110.1518402
,
mp-13200,74.2719574
,
mp-1002187,277.1139526
,
mp-156,31.3609848
,
mp-864951,255.6604919
,
mp-8790,66.01470947
,
mp-8093,12.31056976
,
mp-1019109,109.4441605
,
mp-7285,195.9712219
,
mp-982010,45.47507858
,
mp-976125,73.503479
,
mp-30882,110.0480423
,
mp-865281,101.1896973
,
mp-504543,103.0191498
,
mp-864923,112.4185944
,
mp-1009820,96.59100342
,
mp-16646,68.66648102
,
mp-593,122.6025772
,
mp-1139,236.5879364
,
mp-21117,116.3249969
,
mp-22159,104.8789749
,
mp-581707,120.0624084
,
mp-1025524,135.2466125
,
mp-27972,15.75833893
,
mp-4842,48.92407608
,
mp-23255,16.03987885
,
mp-381,215.4290009
,
mp-867114,246.204834
,
mp-5853,145.979126
,
mp-999336,80.47976685
,
mp-631573,161.9824982
,
mp-1029655,63.71589279
,
mp-866080,57.30046844
,
mp-570554,152.22435
,
mp-580226,56.86746216
,
mp-971673,8.407440186
,
mp-504723,115.0041351
,
mp-23729,49.70445251
,
mp-7723,54.37496185
,
mp-8632,191.3828278
,
mp-2557,93.84757233
,
mp-1018024,177.6943665
,
mp-9564,33.57735443
,
mp-770107,153.4947662
,
mp-4492,199.2413025
,
mp-961681,124.9669571
,
mp-1356,74.65737915
,
mp-1018123,143.5135803
,
mp-101,294.4250183
,
mp-91,348.6047974
,
mp-570018,53.40645218
,
mp-2831,178.1159973
,
mp-25587,105.627182
,
mp-1029605,39.33058167
,
mp-5733,85.30876923
,
mp-1021666,93.40750122
,
mp-22662,174.1229553
,
mp-22396,186.6453552
,
mp-31120,166.1395111
,
mp-864927,228.1544495
,
mp-20158,129.6253204
,
mp-561428,63.28589249
,
mp-4574,147.1860352
,
mp-971928,89.6254425
,
mp-30808,142.7999115
,
mp-20661,139.3200684
,
mp-1936,158.0318909
,
mp-377,118.9042358
,
mp-865677,123.5726013
,
mp-19835,169.3077393
,
mp-929,170.2006836
,
mp-20012,34.98536682
,
mp-9771,160.677536
,
mp-7914,103.7526016
,
mp-570845,138.9255066
,
mp-961699,25.97673798
,
mp-11500,129.6940613
,
mp-23562,8.312644958
,
mp-31368,10.93883514
,
mp-1018140,100.88871
,
mp-30566,139.6344452
,
mp-979234,34.35135651
,
mp-569,122.6020126
,
mp-73,112.1267014
,
mp-554201,58.01857758
,
mp-865583,36.24773026
,
mp-3183,169.1265259
,
mp-7502,33.27898407
,
mp-1011860,62.86260986
,
mp-864895,190.6643372
,
mp-10521,75.86282349
,
mp-12734,103.9263
,
mp-684580,10.00238037
,
mp-1025155,73.98417664
,
mp-13964,70.10748291
,
mp-755175,184.8178406
,
mp-864970,243.1143646
,
mp-27705,29.00862885
,
mp-971859,114.8977661
,
mp-865867,37.78042221
,
mp-979014,73.12926483
,
mp-862930,35.51837921
,
mp-999060,175.2318115
,
mp-1006887,105.6417465
,
mp-974387,53.05185699
,
mp-18927,133.0163727
,
mp-1018685,74.5658493
,
mp-8579,38.0093956
,
mp-22309,97.85455322
,
mp-1029334,113.6199951
,
mp-1001023,127.8603363
,
mp-23002,15.35348511
,
mp-754759,137.2078857
,
mp-555506,59.16637802
,
mp-1411,38.86906815
,
mp-999496,9.525245667
,
mp-1020118,127.8306427
,
mp-7086,13.85054016
,
mp-774873,15.91083527
,
mp-14090,27.42920685
,
mp-754363,103.3915405
,
mp-634751,51.61450195
,
mp-971948,127.0015717
,
mp-998973,167.0363312
,
mp-2034,350.3812256
,
mp-1086,274.5082397
,
mp-3822,61.38225937
,
mp-357,125.9880142
,
mp-865652,208.4591064
,
mp-646,35.96041107
,
mp-552265,58.688797
,
mp-971950,74.47840881
,
mp-568624,155.8299866
,
mp-1009131,54.40749359
,
mp-19353,166.6149139
,
mp-557483,60.62646866
,
mp-20601,58.99674606
,
mp-7422,80.47077942
,
mp-3164,47.58994293
,
mp-1039508,35.00895691
,
mp-32539,40.81180191
,
mp-20944,89.16404724
,
mp-11971,110.7456741
,
mp-31172,31.2060318
,
mp-961682,123.1073227
,
mp-10752,48.5498848
,
mp-825,252.072876
,
mp-20663,68.93281555
,
mp-583030,122.4127274
,
mp-437,80.31608582
,
mp-567431,8.529220581
,
mp-989608,11.74131012
,
mp-3804,96.51660919
,
mp-753799,89.08361816
,
mp-865356,58.40111923
,
mp-7114,49.10810471
,
mp-2071,64.58096313
,
mp-866187,155.9321899
,
mp-9687,9.622184753
,
mp-640024,174.0264282
,
mp-603640,54.40730667
,
mp-1025575,25.60072327
,
mp-979712,59.74436188
,
mp-759877,30.84651947
,
mp-1025241,91.05181885
,
mp-31173,61.54018784
,
mp-2133,79.27467346
,
mp-622041,95.65863037
,
mp-754403,144.9042053
,
mp-11736,208.7197876
,
mp-863654,61.51947403
,
mp-569875,176.6768188
,
mp-862680,67.69306946
,
mp-362,109.8648987
,
mp-765499,61.00971222
,
mp-20860,184.0834656
,
mp-1025123,169.8078918
,
mp-570528,87.88326263
,
mvc-3988,112.9980469
,
mp-865582,50.29595947
,
mp-861956,75.42427063
,
mp-862261,102.1936035
,
mp-754157,150.3063965
,
mp-865666,38.54349518
,
mp-865926,115.3382034
,
mp-677105,44.06838226
,
mp-865713,35.65756226
,
mp-572283,114.9472809
,
mp-2646,36.77013397
,
mp-3055,182.3551025
,
mp-1025525,128.5358276
,
mp-862761,64.60964203
,
mp-974337,200.7209625
,
mp-754542,39.04042816
,
mp-865863,52.11631775
,
mp-1029878,89.29811096
,
mp-675477,29.6312027
,
mp-20491,74.108078
,
mp-570707,47.52682114
,
mp-867290,49.374897
,
mp-574438,176.6516418
,
mp-975512,38.63598251
,
mp-867253,105.2545166
,
mp-580886,45.59596252
,
mp-7859,128.1429749
,
mp-605034,30.80820465
,
mp-972970,175.2049255
,
mp-18848,145.3345184
,
mp-2678,247.3829956
,
mp-20144,222.3053436
,
mp-753226,86.99455261
,
mp-2490,59.05664063
,
mp-561511,116.1473312
,
mp-22887,24.31674194
,
mp-8943,52.03321075
,
mp-977427,156.8364868
,
mp-1357,120.9897842
,
mp-11919,110.7653961
,
mp-978534,67.9081192
,
mp-669347,57.45079803
,
mp-7818,121.1484299
,
mp-3277,55.10041428
,
mp-266,118.1460648
,
mp-864647,196.3015442
,
mp-23046,17.49308777
,
mp-2343,34.43425751
,
mp-1008498,9.474250793
,
mp-976129,49.43222427
,
mp-11259,135.9891663
,
mp-1025134,109.7384033
,
mp-505332,96.72250366
,
mp-999130,88.00016785
,
mp-862759,48.14907074
,
mp-971911,119.8093109
,
mp-864640,238.2262115
,
mp-1016849,192.2597656
,
mp-865738,46.61828613
,
mp-570822,72.91803741
,
mp-1008488,79.91520691
,
mp-22691,21.03765106
,
mp-1441,4.900230408
,
mp-865854,68.35023499
,
mp-865485,265.1102905
,
mp-576,193.3529358
,
mp-11155,44.5196991
,
mp-977189,4.655418396
,
mp-553946,106.5538864
,
mp-1007660,302.5251465
,
mp-22956,12.11256409
,
mp-553961,175.8275909
,
mp-867287,70.87573242
,
mvc-15272,88.33024597
,
mp-1008556,152.0922699
,
mp-30403,49.14307785
,
mp-1840,174.9177094
,
mp-1016872,147.5617065
,
mp-33104,71.24887085
,
mp-867794,120.0858154
,
mp-862977,97.39417267
,
mp-723,288.2087402
,
mp-16529,102.0982208
,
mp-864941,38.39674759
,
mp-15661,118.6405182
,
mp-974221,58.29036331
,
mp-10140,76.4831543
,
mp-5025,149.0056763
,
mvc-15683,47.19178391
,
mp-972767,123.8143921
,
mp-697111,-7.459861755
,
mp-819,216.3913269
,
mp-12118,103.0744247
,
mp-2808,156.028595
,
mp-19279,75.77277374
,
mp-972326,254.9989929
,
mp-1025340,34.13059235
,
mp-5910,45.69141388
,
mp-984719,105.8910141
,
mp-729,232.3955383
,
mp-1093,61.39874649
,
mp-11431,83.53399658
,
mp-5492,84.02433777
,
mp-2747,131.9228821
,
mp-4302,97.04923248
,
mp-643945,183.6296997
,
mp-1006057,56.84272385
,
mp-631316,30.23146057
,
mp-979945,32.83738708
,
mp-971833,66.45028687
,
mp-865449,74.51280212
,
mp-16376,100.2160416
,
mp-754262,89.20864105
,
mp-976598,134.7732697
,
mp-865653,259.1411133
,
mp-20265,76.46276093
,
mp-1548,34.4227829
,
mp-22921,49.25404739
,
mp-510536,160.4390411
,
mp-1008965,124.5040436
,
mp-7754,161.5700836
,
mp-571461,10.5239563
,
mp-3054,38.69542313
,
mp-615141,2.66583252
,
mp-1948,53.96808243
,
mp-865376,27.24835968
,
mp-30437,63.18209076
,
mp-776165,115.8700562
,
mp-5396,145.5122375
,
mp-3432,87.58320618
,
mp-19198,63.79151535
,
mp-18922,136.3482361
,
mp-13798,39.17087936
,
mp-9839,56.10382843
,
mp-29057,8.813049316
,
mp-14024,113.3105621
,
mp-8499,174.010437
,
mp-864743,38.73212433
,
mp-973957,49.35392761
,
mp-570683,68.22854614
,
mp-505527,156.3178101
,
mp-755552,51.10461426
,
mp-13475,185.322403
,
mp-973847,49.02116013
,
mp-992,43.61715317
,
mp-9212,59.571064
,
mp-4182,53.29021454
,
mp-865714,41.29670334
,
mp-861733,78.4835968
,
mp-862989,77.3714447
,
mp-1670,167.141449
,
mp-571039,61.4184227
,
mp-28254,191.3824768
,
mp-862732,59.29191589
,
mp-30726,64.86000061
,
mp-13126,132.6516418
,
mp-974335,245.922821
,
mp-865163,194.2224121
,
mp-989585,35.60617065
,
mp-13456,60.60896301
,
mp-10069,136.5715332
,
mp-2172,54.53987122
,
mp-754084,61.0827179
,
mp-11270,158.5237122
,
mp-1025315,29.19013977
,
mvc-14006,139.774231
,
mp-1029309,80.28346252
,
mp-30611,135.0635834
,
mp-865155,146.9482422
,
mp-8643,380.6228027
,
mp-2815,37.25233841
,
mp-864770,260.6569214
,
mp-151,62.3473053
,
mp-540284,63.73411942
,
mp-9258,244.4339447
,
mp-1009488,209.0038147
,
mp-972845,208.8118896
,
mp-862662,46.55176163
,
mp-976262,25.03551483
,
mp-8320,65.77219391
,
mp-13079,173.3270111
,
mp-430,204.1457062
,
mp-16253,22.83679962
,
mp-19252,21.29811859
,
mp-1146,86.8111496
,
mp-15053,146.3397217
,
mp-13907,26.35619354
,
mp-977578,151.2597656
,
mp-11294,56.37342453
,
mp-975909,89.06855011
,
mp-865165,144.8508301
,
mp-865158,46.81048584
,
mp-978504,169.4143219
,
mp-865790,50.31092072
,
mp-10037,213.5413666
,
mp-2413,72.6150589
,
mp-19862,70.00122833
,
mp-557133,34.2303009
,
mp-1018652,15.34300232
