materials id,NG_VRH,G_VRH
mp-982245,30,52.98406982
,,
mp-13797,30,19.39055634
,,
mp-31011,63,60.24151611
,,
mp-18895,34,19.45941162
,,
mp-551918,71,86.10417175
,,
mp-31185,122,98.52355957
,,
mp-404,23,23.99108124
,,
mp-1009835,58,217.3419495
,,
mp-865921,107,100.4904633
,,
mp-865600,39,37.9327774
,,
mp-556194,16,24.79822159
,,
mp-5146,58,49.36555481
,,
mp-6493,54,53.76104736
,,
mp-9307,24,21.23477173
,,
mp-1649,40,70.15663147
,,
mp-999498,241,217.1760101
,,
mp-631412,17,81.56162262
,,
mp-1029368,54,49.4496727
,,
mp-1017629,40,56.29308319
,,
mp-864623,24,27.41067314
,,
mp-9010,6,7.566768646
,,
mp-1025377,6,11.80558777
,,
mp-36884,48,44.940979
,,
mp-13071,51,68.29993439
,,
mp-780880,15,18.24533463
,,
mp-675734,90,91.78896332
,,
mp-1156,30,24.600914
,,
mvc-3769,37,51.66014862
,,
mp-2410,23,22.45545959
,,
mp-21255,84,76.00353241
,,
mp-9578,22,27.68475342
,,
mp-30856,68,73.34696198
,,
mp-12777,46,46.77529144
,,
mp-758006,44,47.78802109
,,
mp-610972,34,43.293396
,,
mp-862555,33,29.15760231
,,
mp-4730,18,20.17346573
,,
mp-617,32,34.86859894
,,
mp-9958,104,107.8141251
,,
mp-557057,80,76.60264587
,,
mp-505554,110,92.97399902
,,
mp-763051,64,50.73209
,,
mp-981367,56,52.15788269
,,
mp-570091,25,26.30472374
,,
mp-15157,14,20.76961136
,,
mp-16053,21,25.89705467
,,
mp-1032,178,148.3031006
,,
mp-1001914,27,38.31583405
,,
mp-1009592,66,50.825634
,,
mp-17875,30,42.08832169
,,
mp-13365,19,26.62133026
,,
mp-29615,14,18.95512772
,,
mp-5222,39,51.27931595
,,
mp-1014993,79,95.82348633
,,
mp-979267,98,92.21914673
,,
mp-8799,12,9.563339233
,,
mp-27930,28,21.71733093
,,
mp-983565,49,41.35586166
,,
mp-4556,19,27.2081871
,,
mp-776097,95,72.288414
,,
mp-643370,30,22.59218597
,,
mp-1029868,38,53.93444824
,,
mp-570923,57,64.99455261
,,
mp-7930,75,65.98683929
,,
mp-8789,40,35.51834488
,,
mp-985295,18,28.6797123
,,
mp-3676,55,36.72444153
,,
mp-865043,35,31.62272644
,,
mp-976265,46,77.22254944
,,
mp-1278,87,66.84657288
,,
mp-559976,27,82.49689484
,,
mp-5529,97,105.1211929
,,
mp-333,82,79.33921051
,,
mp-865469,80,85.75154114
,,
mp-1029330,82,76.91716003
,,
mvc-5884,27,16.56198883
,,
mp-985287,23,18.64257813
,,
mp-3163,90,60.17092896
,,
mp-23085,20,22.84326935
,,
mp-971738,49,52.35673141
,,
mp-2691,15,16.27210617
,,
mp-770881,28,60.18165207
,,
mp-640073,18,28.63381004
,,
mp-28364,14,15.44784164
,,
mp-30684,67,54.379776
,,
mp-867169,24,23.37178802
,,
mp-7924,11,23.28630447
,,
mp-504543,49,41.58351135
,,
mp-14587,35,52.2340889
,,
mp-796,18,70.14424133
,,
mp-555934,35,35.78047943
,,
mp-570689,27,28.32641792
,,
mp-11824,53,46.67969513
,,
mp-4382,112,91.46784973
,,
mp-867167,18,21.34973526
,,
mp-1123,15,6.131710052
,,
mp-974866,5,2.833572388
,,
mp-7608,44,35.31227112
,,
mp-27546,27,25.7050457
,,
mp-610,51,63.69639206
,,
mp-505822,77,109.3559875
,,
mp-15819,79,79.83362579
,,
mp-2695,87,67.05252075
,,
mp-680671,32,29.11711311
,,
mp-981215,32,56.81768417
,,
mp-30337,98,72.6344986
,,
mp-11229,35,46.32576752
,,
mp-961661,62,61.45347977
,,
mp-19048,24,18.88868713
,,
mp-867794,43,46.57500458
,,
mp-629397,84,68.57874298
,,
mp-567347,50,20.19279861
,,
mp-5495,14,20.25494003
,,
mp-985281,14,6.785293579
,,
mp-915,25,30.97657013
,,
mp-801,120,110.0403595
,,
mp-510086,26,34.76483536
,,
mp-771359,56,35.65438843
,,
mp-631329,58,76.57266235
,,
mp-27865,16,10.23652267
,,
mp-1780,61,52.62467194
,,
mp-8754,16,16.63028717
,,
mp-31220,10,15.35458374
,,
mp-13801,83,52.40863419
,,
mp-23702,17,23.7600441
,,
mp-568803,214,172.8456879
,,
mp-1097,213,206.9732513
,,
mp-7473,46,50.35189819
,,
mp-865793,29,33.28598022
,,
mp-20097,17,15.54958725
,,
mp-3038,19,24.59498978
,,
mp-554355,29,46.56637192
,,
mp-504691,39,47.75384903
,,
mp-2682,58,50.11746979
,,
mp-22862,14,11.54009628
,,
mp-22205,66,46.34222031
,,
mp-949028,17,19.66574097
,,
mp-866171,19,28.85864639
,,
mp-864639,104,92.2270813
,,
mp-21096,35,42.21647644
,,
mp-1578,105,58.62915039
,,
mp-5606,25,25.22520828
,,
mp-22965,5,10.54675293
,,
mp-643989,9,8.901283264
,,
mp-1013703,12,26.53828812
,,
mp-37879,29,20.77711487
,,
mp-862259,41,52.57618713
,,
mp-20086,48,42.04515076
,,
mp-867144,16,18.37483978
,,
mp-1013548,49,47.31809616
,,
mp-753712,25,32.09870911
,,
mp-27891,23,20.45327377
,,
mp-623024,15,15.07262039
,,
mp-684580,6,5.709194183
,,
mp-864941,23,32.86739349
,,
mp-7547,12,21.99385071
,,
mp-8456,30,32.6240387
,,
mp-10051,14,18.87845993
,,
mp-7390,20,29.91064072
,,
mp-3432,66,45.67528915
,,
mp-755298,38,35.29244995
,,
mp-1716,104,71.19965363
,,
mp-9945,46,46.19824219
,,
mp-11282,170,139.164505
,,
mp-504908,60,47.92462158
,,
mp-634657,9,7.075275421
,,
mp-829,52,48.9945488
,,
mp-600428,55,54.70154953
,,
mp-558798,39,25.36246872
,,
mp-863690,84,73.42633057
,,
mp-864672,87,104.8329697
,,
mp-1008349,105,108.5167542
,,
mp-20790,11,19.52116013
,,
mp-21141,62,67.42958069
,,
mp-19050,69,64.34429932
,,
mp-846,67,76.72061157
,,
mp-7760,23,26.07566071
,,
mp-570985,187,151.1961823
,,
mp-10293,11,6.215091705
,,
mp-1017554,68,44.27254486
,,
mp-974417,44,99.63555908
,,
mp-5839,63,51.11672592
,,
mp-776952,25,21.86281967
,,
mp-977401,105,97.62968445
,,
mp-1722,42,36.91575241
,,
mp-1029932,46,37.63362122
,,
mp-2097,20,33.14068604
,,
mp-773864,47,52.2518158
,,
mp-754326,26,20.38898468
,,
mp-1086,215,160.1133881
,,
mp-543024,7,9.620826721
,,
mp-755300,51,75.1386261
,,
mp-1025045,45,56.56230545
,,
mp-975198,14,15.51449966
,,
mp-559044,17,4.792617798
,,
mp-971706,60,79.54171753
,,
mp-20318,175,116.6467285
,,
mp-1009819,31,56.17399979
,,
mp-27275,41,39.22589874
,,
mp-20793,12,32.62909698
,,
mp-31451,62,57.91015244
,,
mp-3682,25,28.83127213
,,
mp-20354,49,50.86710739
,,
mp-978976,57,66.75365448
,,
mp-29678,15,21.24882126
,,
mp-973534,154,126.7549591
,,
mp-971914,28,29.62799072
,,
mp-2795,159,105.1978149
,,
mp-867121,30,29.0048027
,,
mp-23034,13,11.65892029
,,
mp-2698,22,30.67292595
,,
mp-19405,29,35.52687073
,,
mp-11201,45,47.80386353
,,
mp-18962,53,50.48787689
,,
mp-864969,53,45.27114105
,,
mp-2343,26,26.02471733
,,
mp-10597,28,23.11617661
,,
mp-30719,16,17.01462555
,,
mp-569548,4,8.719585419
,,
mp-606393,4,13.34159851
,,
mp-862364,70,57.6000824
,,
mp-1013528,22,20.06010437
,,
mp-20820,9,14.42514801
,,
mp-15799,156,167.0782013
,,
mp-978493,121,125.3343048
,,
mp-10178,21,27.47850609
,,
mp-22490,75,63.38671494
,,
mp-23054,26,27.69633865
,,
mp-999200,46,49.384552
,,
mp-10919,17,10.54688263
,,
mp-752463,60,54.40501022
,,
mp-2716,38,49.94844818
,,
mp-1542,151,115.5372162
,,
mp-999543,102,129.1927185
,,
mp-7906,22,25.49170685
,,
mp-11350,56,57.56733322
,,
mp-8145,58,47.84023666
,,
mp-17701,38,39.89578247
,,
mp-961653,115,104.7695465
,,
mp-864955,97,82.33472443
,,
mp-1500,25,19.24690247
,,
mp-960,153,186.0786438
,,
mp-976600,32,55.46601105
,,
mp-2758,27,21.92455673
,,
mp-5479,29,27.67474747
,,
mp-7219,22,23.86027145
,,
mp-568619,187,151.257782
,,
mp-3349,83,73.43183899
,,
mp-569149,8,7.94550705
,,
mp-1340,19,22.5272522
,,
mp-675271,4,10.27092743
,,
mp-1001916,87,47.85338974
,,
mp-865448,85,97.64457703
,,
mp-6270,43,53.2279129
,,
mp-976261,10,19.16836166
,,
mp-38194,65,64.76570129
,,
mp-4846,30,36.34898376
,,
mp-569402,40,70.66912842
,,
mp-11984,39,30.39206886
,,
mp-570290,15,12.91336823
,,
mp-978267,28,39.20901489
,,
mp-866156,51,57.34223938
,,
mp-30409,48,36.86949158
,,
mp-19112,39,23.14481735
,,
mp-1393,11,21.26176453
,,
mp-30780,27,26.87542534
,,
mp-12697,70,59.87086868
,,
mp-1025348,44,39.33233643
,,
mp-1002572,69,61.21600342
,,
mp-998981,69,72.86314392
,,
mp-14208,47,33.83988953
,,
mp-715572,79,62.88983536
,,
mp-426,39,59.27639008
,,
mp-4083,32,38.50197601
,,
mp-936,28,14.49914551
,,
mp-1251,96,121.2166901
,,
mp-316,122,92.98271942
,,
mp-762268,54,71.68204498
,,
mp-534,161,180.0163574
,,
mp-756095,18,23.76388168
,,
mp-997025,12,18.09650803
,,
mp-864765,19,23.77418137
,,
mp-13270,15,21.88771057
,,
mp-862747,22,17.20826721
,,
mp-12903,20,16.80243301
,,
mp-20731,10,14.66505432
,,
mp-541487,14,27.2730751
,,
mp-13450,61,56.24142838
,,
mp-865603,47,47.82244873
,,
mp-11834,38,38.52565002
,,
mp-1522,125,127.0895691
,,
mp-2213,92,79.85712433
,,
mp-11233,68,63.84300613
,,
mp-606949,93,103.489357
,,
mp-2715,89,76.20866394
,,
mp-3953,32,22.23894501
,,
mp-2884,12,12.6874733
,,
mp-984,75,109.2604675
,,
mp-7915,114,83.08226776
,,
mp-552663,48,35.21156311
,,
mp-760414,42,59.15190125
,,
mp-6985,30,37.18835449
,,
mp-1013911,18,28.78184319
,,
mp-17783,30,28.21316338
,,
mp-20937,169,172.2478638
,,
mp-961665,39,40.07785797
,,
mp-8881,39,39.41399384
,,
mp-1016831,34,45.32906723
,,
mp-861935,65,48.72763824
,,
mp-19017,48,51.80659103
,,
mp-28945,56,45.8790741
,,
mp-11345,82,71.1686554
,,
mp-1001834,77,168.6281738
,,
mp-782,22,17.57105255
,,
mp-999502,135,124.0731964
,,
mp-1039019,26,31.84173203
,,
mp-7298,36,32.4230423
,,
mp-634431,10,10.08510971
,,
mp-861629,34,31.75115585
,,
mp-12806,22,21.2803154
,,
mp-9927,27,29.60534286
,,
mp-10676,74,73.6506958
,,
mp-976763,55,55.33656693
,,
mp-1013734,27,24.3632431
,,
mp-9957,101,114.4413757
,,
mp-505820,61,69.44496918
,,
mp-13085,78,62.24199295
,,
mp-1025270,72,73.67940521
,,
mp-19893,21,14.6104393
,,
mp-8282,117,91.03278351
,,
mp-865985,43,31.77784348
,,
mp-8126,59,48.57675552
,,
mp-19340,62,59.48622894
,,
mp-866162,14,26.3997364
,,
mp-19917,29,59.9371376
,,
mp-31145,24,18.18356323
,,
mp-559390,42,39.80875397
,,
mp-1519,24,21.35580826
,,
mp-1185,157,140.8656921
,,
mp-30737,17,27.46258926
,,
mp-22464,15,16.68126678
,,
mp-976150,22,26.49222755
,,
mp-18906,76,49.9753418
,,
mp-21445,35,35.76044464
,,
mp-10381,8,11.92733002
,,
mp-4861,29,35.30086517
,,
mp-753946,47,45.56717682
,,
mp-1008682,31,104.3474426
,,
mp-752426,25,21.56712723
,,
mp-1025258,57,44.28030014
,,
mp-1016876,70,87.52902222
,,
mp-10245,83,86.0870285
,,
mp-987,32,38.71757507
,,
mp-3804,57,65.18266296
,,
mp-605663,51,41.59870911
,,
mp-1017533,85,74.38074493
,,
mp-29873,7,10.98253632
,,
mp-1009792,52,38.01889801
,,
mp-1415,30,18.53236771
,,
mp-27145,21,26.82376099
,,
mp-999263,84,79.46502686
,,
mp-23954,17,13.62835312
,,
mp-867837,101,115.3549881
,,
mp-4157,12,20.51196289
,,
mp-3201,26,23.62998581
,,
mp-989568,18,18.91371536
,,
mp-9459,52,64.09767151
,,
mp-975425,96,82.11125946
,,
mp-12411,39,23.7450943
,,
mp-40143,14,16.31253433
,,
mp-1555,79,40.73796082
,,
mp-865425,42,41.80003738
,,
mp-999317,195,144.4319916
,,
mp-23471,4,10.56778717
,,
mp-21467,74,66.03260803
,,
mp-864654,57,55.67127991
,,
mp-1585,110,58.24959946
,,
mp-10632,32,32.6481781
,,
mp-7785,22,22.23324966
,,
mp-2210,31,42.56900024
,,
mp-19800,109,111.2036591
,,
mp-30315,33,42.81972122
,,
mp-779545,17,21.59798431
,,
mp-11684,59,46.63713074
,,
mp-4008,37,34.32418442
,,
mp-569671,58,59.53855896
,,
mp-9568,33,20.36822128
,,
mp-1222,156,163.7015991
,,
mp-14088,8,14.88992691
,,
mp-9479,9,28.8527565
,,
mp-22400,20,20.41480255
,,
mp-1475,150,139.911026
,,
mp-7000,44,40.62335205
,,
mp-11358,115,121.187851
,,
mp-861882,113,82.56259155
,,
mp-4662,45,47.14876175
,,
mp-7288,67,64.31243134
,,
mp-20001,28,31.80688286
,,
mp-23425,4,9.36227417
,,
mp-33618,21,11.54451752
,,
mp-1345,33,41.54906464
,,
mp-1907,12,25.67506218
,,
mp-4529,14,11.05716705
,,
mp-865870,50,44.19934082
,,
mp-21321,27,29.38239861
,,
mp-984714,14,12.79403305
,,
mp-11693,21,35.1861496
,,
mp-570017,32,30.39190102
,,
mp-1025557,111,108.1282959
,,
mp-1020703,77,76.62967682
,,
mp-1002081,7,11.89164352
,,
mp-3241,41,36.94680023
,,
mp-20311,13,48.86177063
,,
mp-4131,90,87.47967529
,,
mp-1090,38,58.85387802
,,
mp-1016827,106,89.75770569
,,
mp-157,13,56.39427567
,,
mp-989642,13,14.65686798
,,
mp-2398,34,49.93718719
,,
mp-866187,49,75.92118073
,,
mp-571030,39,35.72404861
,,
mp-557993,24,38.74970627
,,
mp-3654,26,22.39733124
,,
mp-819,68,66.70231628
,,
mp-37214,66,72.1055069
,,
mp-27888,55,82.10765076
,,
mp-9690,28,38.19112396
,,
mp-12798,92,88.62815094
,,
mp-975044,70,67.84205627
,,
mp-12427,92,79.4105072
,,
mp-17546,7,11.62254715
,,
mp-866086,88,101.0243378
,,
mp-21413,26,33.72303772
,,
mp-30787,127,149.4730682
,,
mp-1361,54,58.35206604
,,
mvc-12484,87,77.4797821
,,
mp-274,55,55.97670746
,,
mp-775907,63,61.15215683
,,
mp-578606,58,37.28829193
,,
mp-862589,202,168.0313873
,,
mp-982070,137,140.0084534
,,
mp-28006,28,31.93965912
,,
mp-20363,26,39.36948395
,,
mp-5748,49,56.82544327
,,
mp-30406,22,18.32651138
,,
mp-925,165,139.7749329
,,
mp-3299,57,65.34152222
,,
mp-1029652,94,94.91053772
,,
mp-2693,29,14.60052872
,,
mp-999496,13,16.28495407
,,
mp-30366,11,16.52455521
,,
mp-780260,17,62.42387009
,,
mp-7667,9,2.986843109
,,
mp-3210,80,66.63954163
,,
mp-1029293,43,17.52991486
,,
mp-30847,56,52.86662674
,,
mp-862377,66,82.88023376
,,
mp-1018161,50,39.54863739
,,
mp-11481,174,166.4364319
,,
mp-571420,40,46.20875549
,,
mp-11644,8,12.63208771
,,
mp-775935,50,42.90510559
,,
mp-540,65,56.51234436
,,
mp-13164,62,52.54807663
,,
mp-6586,28,23.86262131
,,
mp-2807,63,54.78904343
,,
mp-23231,10,8.711410522
,,
mp-861662,40,50.14319611
,,
mp-871,139,113.4778824
,,
mp-1008918,48,41.94787979
,,
mp-867205,4,32.78573608
,,
mp-8511,3,6.072311401
,,
mp-30423,30,38.76603317
,,
mp-540584,18,25.75536728
,,
mp-13334,72,51.96160889
,,
mp-1025315,14,14.92868423
,,
mp-21090,60,53.6601181
,,
mp-8307,61,52.95422363
,,
mp-12742,39,40.57796478
,,
mp-30875,60,51.80938339
,,
mp-2639,10,18.62704086
,,
mp-865592,31,43.6978035
,,
mp-862378,48,43.72320557
,,
mp-999118,44,118.3273087
,,
mp-27660,19,29.56669235
,,
mp-972925,40,34.36907959
,,
mp-31086,19,36.2511673
,,
mp-27438,17,12.97467041
,,
mp-20007,60,54.71509933
,,
mp-1025386,55,46.14493942
,,
mp-8676,16,22.8856163
,,
mp-866139,70,112.4367523
,,
mp-972220,92,93.04437256
,,
mp-28302,9,13.31100464
,,
mp-15053,58,40.06656647
,,
mp-1007690,22,40.86986542
,,
mp-1025161,64,41.96179199
,,
mp-6498,32,24.68172455
,,
mp-755544,46,44.22185516
,,
mp-21199,26,29.37475967
,,
mp-11816,24,22.2775383
,,
mp-31205,36,54.52325058
,,
mp-19963,106,73.60943604
,,
mp-3748,80,65.52322388
,,
mp-555483,54,38.95708084
,,
mp-30,51,41.4160881
,,
mp-11193,52,40.44052124
,,
mp-32811,13,9.998744965
,,
mp-2090,91,84.88899231
,,
mp-10671,30,28.83673859
,,
mp-7804,159,153.9378662
,,
mp-864788,95,82.58975983
,,
mp-978496,100,198.2539673
,,
mp-22414,29,19.94207764
,,
mp-760376,24,29.94954872
,,
mp-19091,137,52.73726654
,,
mp-1627,61,71.59466553
,,
mp-754515,23,25.84844398
,,
mp-20711,46,76.05184937
,,
mp-560620,39,33.58789063
,,
mp-1019319,137,157.0559692
,,
mp-7909,16,14.43528748
,,
mp-22619,98,79.76667786
,,
mp-250,13,19.90191269
,,
mp-978986,34,35.39794159
,,
mp-742,55,38.89105225
,,
mp-30562,12,44.53623962
,,
mp-112,26,26.99995613
,,
mp-556464,71,55.69496918
,,
mp-25082,2,16.5149765
,,
mp-8874,68,53.06694412
,,
mp-6912,16,36.1032486
,,
mp-21893,25,28.21783638
,,
mp-865050,71,67.67670441
,,
mp-18922,53,63.4836998
,,
mp-13916,36,31.44489861
,,
mp-9248,36,28.91436005
,,
mp-5288,80,80.94373322
,,
mp-1016836,27,46.48284531
,,
mp-23709,7,10.41483688
,,
mp-570122,16,24.88122559
,,
mp-866073,54,63.6699295
,,
mp-24668,8,11.01315308
,,
mp-18876,19,24.42975616
,,
mp-862706,96,95.50175476
,,
mvc-13997,52,60.66389465
,,
mp-8982,34,38.52397156
,,
mp-1029943,51,46.56325912
,,
mp-22795,13,14.29217529
,,
mp-978274,17,18.31764603
,,
mp-1404,17,19.01694489
,,
mp-505824,12,2.092792511
,,
mp-558137,46,46.82501984
,,
mp-11401,60,52.77311707
,,
mp-554973,24,29.14530182
,,
mp-997085,45,38.08777618
,,
mp-1002109,71,76.45410919
,,
mp-7859,44,70.13628387
,,
mp-8963,13,16.59923172
,,
mp-985825,49,50.48583603
,,
mp-11658,22,20.36134338
,,
mp-20586,75,108.2088623
,,
mp-3698,39,34.21121979
,,
mp-1025190,40,45.79844284
,,
mp-1018013,23,48.25131989
,,
mp-137,42,42.56225204
,,
mp-21024,24,28.62510872
,,
mp-1008523,397,352.6633606
,,
mp-2728,183,194.1813049
,,
mp-7350,46,40.58772278
,,
mp-582360,76,71.49157715
,,
mp-22087,129,130.70961
,,
mp-865964,25,21.22352982
,,
mp-7482,15,18.35772324
,,
mp-556927,13,29.64602661
,,
mp-21092,22,42.67411804
,,
mp-866224,65,83.65429688
,,
mp-761524,67,70.7215271
,,
mp-583,80,76.06825256
,,
mp-3759,93,96.14247894
,,
mp-865888,108,93.72950745
,,
mp-1552,150,113.8774719
,,
mp-140,6,36.46762085
,,
mp-19133,47,32.88950348
,,
mp-567981,79,88.5230484
,,
mp-31498,19,21.09315491
,,
mp-961688,15,50.42760849
,,
mp-867273,74,93.52952576
,,
mp-11507,91,101.7752914
,,
mp-1016851,40,42.33259964
,,
mp-556353,26,19.91154861
,,
mp-1029633,36,41.440979
,,
mp-2614,83,74.16514587
,,
mp-560956,14,18.83924866
,,
mp-753798,16,22.98535919
,,
mp-18971,70,47.10282516
,,
mp-774155,63,66.05646515
,,
mp-811,63,55.32529831
,,
mp-7812,25,15.51524353
,,
mp-11261,33,30.29730988
,,
mp-865737,38,22.44843292
,,
mp-862719,36,33.1237793
,,
mp-16238,21,19.59379959
,,
mp-754478,97,72.41814423
,,
mp-976291,17,46.52818298
,,
mp-22493,22,27.13769913
,,
mp-1359,105,128.1977997
,,
mp-560663,32,35.13182068
,,
mp-20866,39,59.90541458
,,
mp-23684,11,14.28918839
,,
mp-42,59,46.01858521
,,
mp-675025,91,69.03410339
,,
mp-571033,8,36.1379509
,,
mp-861733,18,24.41064072
,,
mp-3536,96,87.38734436
,,
mp-1025356,69,63.62326813
,,
mp-978281,25,23.58872223
,,
mp-10264,17,32.15422058
,,
mp-3348,61,66.88607788
,,
mp-867507,124,97.34261322
,,
mp-867326,115,111.302063
,,
mp-866143,94,92.33766174
,,
mp-11470,27,19.1391449
,,
mp-2151,24,27.45995331
,,
mp-1002165,108,116.535408
,,
mp-28049,6,8.963905334
,,
mp-1018714,66,58.92064285
,,
mp-16305,103,87.19950104
,,
mp-7544,100,103.2555161
,,
mp-4998,47,60.96265793
,,
mp-3107,60,53.21306992
,,
mp-862750,27,32.83628082
,,
mp-15800,63,106.8715973
,,
mp-974416,130,173.6012268
,,
mp-30405,24,22.83129883
,,
mp-850878,54,52.37107849
,,
mp-5259,29,27.48058701
,,
mp-753605,16,16.57528305
,,
mp-1029267,123,81.94857788
,,
mp-1013712,10,18.42679214
,,
mp-867212,243,207.3248291
,,
mp-10172,4,6.669326782
,,
mp-2339,58,56.15327835
,,
mp-10010,96,105.0455627
,,
mp-1002117,66,138.858139
,,
mp-22888,10,15.91946793
,,
mp-977165,21,23.49706268
,,
mp-977353,129,106.7590027
,,
mp-997098,39,24.10319901
,,
mp-672340,40,43.26395416
,,
mp-997100,38,42.16014099
,,
mp-16548,31,28.70619392
,,
mp-975272,4,-0.81067276
,,
mp-972861,39,39.73511887
,,
mp-9830,77,110.4723969
,,
mp-643754,11,7.665802002
,,
mp-18850,66,48.03310013
,,
mvc-14006,42,57.86095428
,,
mp-7434,14,23.08877945
,,
mp-1018717,37,50.79549789
,,
mp-554601,30,25.97966003
,,
mp-9562,38,32.04916382
,,
mp-1029562,58,56.34794235
,,
mp-9981,99,115.4014893
,,
mp-766454,65,69.76271057
,,
mp-861627,42,81.28216553
,,
mp-977126,6,14.42000961
,,
mvc-11697,65,58.35709
,,
mp-558781,72,72.01506042
,,
mp-11489,11,15.03519058
,,
mp-8059,31,36.46574783
,,
mp-556742,11,25.23630524
,,
mp-865717,117,105.4575958
,,
mp-9989,119,110.609108
,,
mp-27863,21,49.23893738
,,
mp-11181,28,37.80404663
,,
mp-16740,59,61.06562042
,,
mp-24289,38,34.29767609
,,
mp-5000,15,19.54057312
,,
mp-1019508,107,85.84585571
,,
mp-21371,112,121.0204315
,,
mp-644280,72,60.01246643
,,
mp-977011,5,9.689983368
,,
mp-15695,46,38.64329529
,,
mp-30685,72,61.57732391
,,
mp-5461,11,25.2338028
,,
mp-2516,29,37.86117172
,,
mvc-14149,35,63.01488113
,,
mp-2794,90,99.28870392
,,
mvc-13158,86,74.80148315
,,
mp-11230,30,43.44163132
,,
mp-2624,30,25.13113403
,,
mp-24719,68,47.70059967
,,
mp-999396,62,55.41723251
,,
mp-15687,21,15.88727951
,,
mp-24082,66,46.02300262
,,
mp-1425,75,70.77684021
,,
mp-612740,11,16.29214096
,,
mp-1559,77,68.91438293
,,
mp-1008922,64,64.04009247
,,
mp-560399,43,35.58097839
,,
mp-769111,36,52.77253723
,,
mp-754009,46,51.3165741
,,
mp-7088,138,110.4195328
,,
mp-23089,61,58.47500992
,,
mp-1025193,47,63.94412994
,,
mp-22898,6,8.136798859
,,
mp-32662,73,75.18791962
,,
mp-8622,14,12.14487839
,,
mp-867107,140,121.9350586
,,
mp-527,13,10.11115265
,,
mp-2302,73,58.801754
,,
mp-7435,22,12.81529236
,,
mp-553939,30,29.15275002
,,
mp-998893,69,70.10703278
,,
mp-9778,11,11.78059387
,,
mp-1018643,14,28.98796654
,,
mp-4978,115,99.2802887
,,
mp-20146,60,57.54784393
,,
mp-983539,33,43.25658798
,,
mp-4500,99,81.07603455
,,
mp-1013555,40,37.04821777
,,
mp-3668,35,30.80489922
,,
mp-30247,34,30.51388741
,,
mp-23121,37,40.31664276
,,
mp-1025212,63,56.10364532
,,
mp-978490,74,104.5008392
,,
mp-1016841,59,55.23835373
,,
mp-642750,72,60.47746658
,,
mp-976229,24,37.06189728
,,
mp-11288,11,21.05494308
,,
mp-571166,10,16.11349106
,,
mp-22558,40,87.15157318
,,
mp-5795,73,61.33185577
,,
mp-13570,46,39.7460022
,,
mp-8938,149,150.8287964
,,
mp-985439,32,31.39079285
,,
mp-8786,68,69.60311127
,,
mp-1018166,127,117.8956909
,,
mp-1029258,80,62.32370377
,,
mp-27544,4,8.525306702
,,
mp-972985,47,48.77126312
,,
mp-4770,23,19.61998367
,,
mp-28232,71,64.09706116
,,
mp-865588,37,40.55713654
,,
mp-985626,52,40.20576859
,,
mp-380,26,27.44736671
,,
mp-568430,30,35.83923721
,,
mp-973446,7,7.491645813
,,
mp-21765,26,29.74253464
,,
mp-3158,28,28.05703163
,,
mp-983430,32,61.05017471
,,
mp-1498,50,50.09537506
,,
mp-3032,7,11.30929565
,,
mp-11649,44,37.473526
,,
mp-952,137,119.3525696
,,
mp-21374,12,14.57395172
,,
mp-1029791,61,33.93357086
,,
mp-7851,125,119.2614746
,,
mp-7070,77,82.05389404
,,
mp-30245,32,39.01091766
,,
mp-10953,23,32.94834137
,,
mp-7436,18,14.7247467
,,
mp-7472,12,13.56703949
,,
mp-1029921,58,67.94012451
,,
mp-12665,32,106.7152023
,,
mp-706,15,14.00236511
,,
mp-893,93,89.37033081
,,
mp-631473,22,23.99226761
,,
mvc-5892,27,18.68668747
,,
mp-570713,49,70.68579865
,,
mp-19414,13,11.87672806
,,
mp-568920,27,24.25593567
,,
mp-23179,10,17.12631226
,,
mp-37091,14,15.91689682
,,
mp-6980,38,37.04116821
,,
mp-321,30,24.51791
,,
mp-6560,7,3.296535492
,,
mp-10721,78,109.2132187
,,
mp-10698,37,42.59639359
,,
mp-29551,8,13.57493973
,,
mp-1782,37,39.62260437
,,
mp-2449,146,121.0773544
,,
mp-7173,53,57.4040184
,,
mp-238,51,43.18795395
,,
mp-2637,17,31.60101891
,,
mp-862705,109,101.342453
,,
mp-7457,8,16.41036606
,,
mp-9289,54,45.55858612
,,
mp-10899,51,70.87689209
,,
mp-20049,51,52.8323288
,,
mp-15297,71,56.58033752
,,
mp-974565,55,148.125885
,,
mp-971826,42,18.99053955
,,
mp-30981,18,19.21805191
,,
mp-1030,32,63.98854065
,,
mp-139,6,8.824497223
,,
mp-998418,33,30.96404076
,,
mp-568866,9,16.174366
,,
mp-510409,104,83.86543274
,,
mp-608366,7,10.17834473
,,
mp-17639,51,41.15885925
,,
mp-27219,19,44.40420532
,,
mp-30842,79,54.29281235
,,
mp-1025373,4,-7.284679413
,,
mp-13503,48,41.72639465
,,
mp-961684,22,22.77464676
,,
mp-1476,51,56.42699051
,,
mp-463,17,11.54929352
,,
mp-864943,108,107.8291321
,,
mp-1330,217,151.3989563
,,
mp-23302,6,1.973583221
,,
mp-768197,25,17.82336426
,,
mp-2414,2,-1.586925507
,,
mp-7226,93,51.41932678
,,
mp-361,8,20.76351929
,,
mp-864772,41,27.38997841
,,
mp-1039434,14,20.24026489
,,
mp-20812,108,64.78946686
,,
mp-504580,23,49.77137756
,,
mp-28145,6,9.487060547
,,
mp-949,108,101.2165375
,,
mp-1371,25,28.56332397
,,
mp-989585,13,13.35253525
,,
mp-997082,21,16.32381821
,,
mp-2955,42,30.20403862
,,
mp-774092,17,24.27010727
,,
mp-1025397,80,80.88796234
,,
mp-6065,93,75.13897705
,,
mp-542854,38,31.8296833
,,
mp-19391,50,46.14448929
,,
mp-861875,48,57.98055267
,,
mp-16648,40,36.02560425
,,
mp-1009593,58,48.12013245
,,
mp-12137,36,48.53542328
,,
mp-27840,34,29.83407211
,,
mp-1804,96,75.94065857
,,
mp-978283,25,24.79111099
,,
mp-1008568,48,44.96727753
,,
mp-1008631,58,55.44837952
,,
mp-9983,44,45.53326035
,,
mp-2513,83,65.99949646
,,
mp-29736,54,48.92421722
,,
mp-20745,10,16.27923965
,,
mp-31059,13,36.55565643
,,
mp-864950,103,115.7087555
,,
mp-1025010,113,137.7953186
,,
mp-3791,74,61.63667297
,,
mp-560767,26,28.37618065
,,
mp-18943,27,32.48703766
,,
mp-1029536,69,98.70022583
,,
mp-1025385,57,55.37162018
,,
mp-510657,7,23.2038269
,,
mp-7824,16,23.85263062
,,
mp-703260,22,24.37875748
,,
mp-29621,14,16.75151443
,,
mp-12335,33,25.55984497
,,
mp-567652,9,11.5165596
,,
mp-13452,66,59.85315704
,,
mp-755974,24,24.45714951
,,
mp-2319,157,119.4710388
,,
mp-493,104,121.7845001
,,
mp-1008554,56,84.24557495
,,
mp-815,77,69.60114288
,,
mp-341,23,15.380867
,,
mp-999068,37,54.24394989
,,
mp-30811,98,98.64671326
,,
mp-6304,71,72.29504395
,,
mp-27848,18,36.97516632
,,
mp-2583,49,76.7663269
,,
mp-755483,110,92.72549438
,,
mp-15679,74,78.89012146
,,
mp-27882,5,10.22457504
,,
mp-11499,23,19.97206116
,,
mp-11190,147,146.7989197
,,
mp-715923,101,77.27323151
,,
mp-85,5,22.58338165
,,
mp-2469,17,10.23490143
,,
mp-15964,49,51.80708694
,,
mp-2221,40,32.09728241
,,
mp-4955,98,101.376236
,,
mp-974337,55,75.12050629
,,
mp-21609,34,33.07725525
,,
mp-20424,113,89.71151733
,,
mp-7955,24,16.2193718
,,
mp-10063,18,17.19921494
,,
mp-756018,40,33.59532547
,,
mp-20034,35,28.79273987
,,
mp-50,62,43.7762413
,,
mp-1018059,33,24.55509186
,,
mp-1339,204,169.8637543
,,
mp-998970,44,73.63498688
,,
mp-21113,57,64.01944733
,,
mp-570483,57,97.11838531
,,
mp-756235,6,13.56787491
,,
mp-29131,51,36.89995956
,,
mp-30777,76,76.4091568
,,
mp-570213,21,18.81620789
,,
mp-4495,10,14.59829712
,,
mp-2686,15,41.65156937
,,
mp-556004,24,30.33196449
,,
mp-862609,109,104.3530426
,,
mp-864903,87,82.80576324
,,
mp-3159,19,23.179039
,,
mp-567982,50,49.7911377
,,
mp-756490,27,18.35060501
,,
mp-844,34,41.71761703
,,
mp-11309,45,26.71757507
,,
mp-1124,27,30.41747475
,,
mp-13109,93,71.79844666
,,
mp-558050,21,21.71862793
,,
mp-924130,68,49.02098846
,,
mp-1922,93,59.70114899
,,
mp-572283,42,52.07070541
,,
mp-504974,42,52.86986542
,,
mp-550306,33,34.55686951
,,
mp-1013585,14,22.32073975
,,
mp-865569,97,91.46398926
,,
mp-864936,108,93.19194031
,,
mp-4584,11,19.50232315
,,
mp-542106,39,29.70546913
,,
mp-11621,35,30.53899574
,,
mp-9731,6,7.976390839
,,
mp-1008506,37,27.52122879
,,
mp-27253,38,21.6807785
,,
mp-771123,72,64.21955872
,,
mp-21124,26,29.846632
,,
mp-560338,39,37.34241486
,,
mp-19419,74,71.10244751
,,
mp-864970,99,96.22355652
,,
mp-999060,61,79.99358368
,,
mp-18750,59,48.67778778
,,
mp-3515,106,91.5995636
,,
mp-23304,5,4.217594147
,,
mp-1077,168,190.816803
,,
mp-22156,92,88.45546722
,,
mp-27255,18,17.5098114
,,
mp-863720,31,33.32029724
,,
mp-6408,35,22.35345459
,,
mp-643002,54,60.36272812
,,
mp-862622,119,113.9325256
,,
mp-7573,208,181.3824921
,,
mp-29157,80,54.616539
,,
mp-2560,49,46.22512817
,,
mp-23159,13,18.48084259
,,
mp-7938,44,32.17343521
,,
mp-715482,38,45.4519043
,,
mp-10846,54,43.8398056
,,
mp-22040,60,48.19719696
,,
mp-11800,44,51.79973984
,,
mp-862721,11,20.75088501
,,
mp-9942,56,57.30373764
,,
mp-865986,28,23.16386795
,,
mp-864601,33,32.35677338
,,
mp-12546,51,43.30286026
,,
mp-7622,10,5.915557861
,,
mp-989528,23,17.92803192
,,
mp-23201,15,15.77381897
,,
mp-22979,89,98.36317444
,,
mp-38970,15,14.54114151
,,
mp-866082,23,32.03040314
,,
mp-510430,17,16.60877228
,,
mp-972238,75,77.88024139
,,
mp-754752,61,58.4657402
,,
mp-11021,65,51.92145157
,,
mp-972957,79,80.16853333
,,
mp-13150,75,109.1075211
,,
mp-755066,83,85.07390594
,,
mp-29643,13,17.45136261
,,
mp-540912,84,79.796875
,,
mp-7940,36,27.77731895
,,
mp-19717,24,8.697780609
,,
mp-1025067,99,83.81156158
,,
mp-571263,30,35.51153183
,,
mp-13852,80,87.43444061
,,
mp-11444,49,44.27506256
,,
mp-21342,22,32.06085968
,,
mp-19880,74,49.10634613
,,
mp-1018101,46,127.6484375
,,
mp-2746,144,109.578476
,,
mp-27691,6,9.492683411
,,
mp-20067,38,32.79018402
,,
mp-571126,113,104.5261154
,,
mp-1019086,93,264.1569214
,,
mp-771,81,105.7323151
,,
mp-864618,10,16.85927963
,,
mp-546973,89,63.86697006
,,
mp-865904,123,120.7785492
,,
mp-760381,17,22.40351486
,,
mp-2729,42,53.77588272
,,
mp-1018656,26,31.81651688
,,
mp-21128,7,19.16223907
,,
mp-4612,78,79.09062195
,,
mp-30449,25,26.71734047
,,
mp-11366,43,40.695755
,,
mp-717,153,94.22171021
,,
mp-8212,70,43.5955658
,,
mp-558046,25,23.08434296
,,
mp-36738,62,45.98664856
,,
mp-675755,24,27.52367973
,,
mp-581707,24,34.78991699
,,
mp-1842,105,78.69367981
,,
mp-1932,91,83.88677979
,,
mp-1009548,46,36.7538147
,,
mp-1027,116,107.7741547
,,
mp-542065,6,18.59782791
,,
mp-30234,4,8.818683624
,,
mp-27296,33,47.17457581
,,
mp-19241,24,45.0897522
,,
mp-996995,38,31.96590996
,,
mp-862379,43,39.62479401
,,
mp-568018,8,12.97122955
,,
mp-17287,13,37.9828186
,,
mp-4405,9,4.08795166
,,
mp-989537,27,14.50761795
,,
mp-15113,67,70.84774017
,,
mp-11521,46,44.81594086
,,
mp-866173,47,47.57124329
,,
mp-2340,29,25.57034492
,,
mp-1003485,57,62.43259048
,,
mp-7302,100,104.0055389
,,
mp-12521,32,44.64888
,,
mp-4608,7,16.60075378
,,
mp-20905,139,107.034256
,,
mp-28954,8,17.69734955
,,
mp-866121,107,103.599823
,,
mp-985280,47,76.141922
,,
mp-7469,22,17.94128418
,,
mp-12071,47,61.84917068
,,
mp-2781,38,35.03232193
,,
mp-9970,57,58.63848495
,,
mp-568382,30,19.13302612
,,
mp-567462,117,112.2718201
,,
mp-505531,19,61.65850067
,,
mp-8468,18,28.96430206
,,
mp-1009130,58,53.0484581
,,
mp-3031,33,37.17931366
,,
mp-997086,30,34.49952698
,,
mp-568137,10,10.62129974
,,
mp-12631,60,71.89672852
,,
mp-1046,49,46.33403778
,,
mp-867172,10,22.91023636
,,
mp-24,504,323.500061
,,
mp-7898,7,1.538215637
,,
mp-984352,109,115.5944977
,,
mp-865125,78,75.46992493
,,
mp-9961,53,86.38124847
,,
mp-15686,37,22.22383499
,,
mp-1029826,64,49.49649811
,,
mp-11455,31,57.55628586
,,
mp-862335,70,60.47301483
,,
mp-559798,40,27.09782982
,,
mp-556536,16,29.84259987
,,
mp-1652,55,38.38134003
,,
mp-5157,79,71.50508118
,,
mp-690794,35,28.26150513
,,
mp-910,197,132.5470428
,,
mp-1565,103,90.2639389
,,
mp-6973,10,7.031448364
,,
mp-22916,12,11.99987411
,,
mp-7863,18,22.19814682
,,
mp-2512,44,37.56373596
,,
mp-22716,32,39.60874176
,,
mp-5733,47,47.65996552
,,
mp-23485,5,7.564315796
,,
mp-546546,38,39.02114868
,,
mp-977563,98,79.83483124
,,
mp-9987,140,121.804184
,,
mp-865362,53,53.68987274
,,
mvc-3672,59,63.11239624
,,
mp-22478,73,81.62585449
,,
mp-1039447,9,21.44848251
,,
mp-1545,89,59.29846954
,,
mp-741,94,110.5007019
,,
mp-755465,71,45.15223312
,,
mp-861645,15,25.05807495
,,
mp-1016931,26,52.21354675
,,
mp-10697,53,46.31340027
,,
mp-540111,17,12.63365936
,,
mp-977189,9,12.05535126
,,
mp-862604,175,149.9826202
,,
mp-15702,144,156.3533173
,,
mp-753,28,22.09456253
,,
mp-24722,67,59.15591431
,,
mp-996964,36,30.07862854
,,
mp-867259,27,17.08338928
,,
mp-570775,13,13.3650856
,,
mp-23060,4,6.360931396
,,
mp-5621,25,25.97747993
,,
mp-21139,35,31.16872025
,,
mp-861672,72,82.73551178
,,
mp-18717,44,84.33905029
,,
mp-1013549,26,25.25346375
,,
mp-571619,76,75.39347076
,,
mp-865496,186,193.6011658
,,
mp-5821,34,51.67870331
,,
mp-12952,62,52.6210289
,,
mp-1346,207,143.559433
,,
mp-867156,67,79.58827209
,,
mp-768870,13,11.4941597
,,
mp-16304,49,40.92494965
,,
mp-11259,39,40.94821167
,,
mp-1029542,37,25.78248405
,,
mp-625487,27,32.37594604
,,
mp-9898,33,29.42597198
,,
mp-862715,82,82.33223724
,,
mp-985296,32,25.05325317
,,
mp-866069,58,57.27913284
,,
mp-1013708,8,10.7874527
,,
mp-978851,85,79.32141876
,,
mp-505368,21,18.30213547
,,
mp-5075,120,118.4562683
,,
mp-20155,55,53.19316864
,,
mp-4549,32,64.13565826
,,
mp-1224,10,16.05267334
,,
mp-4359,55,46.85383224
,,
mp-11714,187,151.2974854
,,
mp-986716,22,37.21224976
,,
mp-862369,69,63.00956345
,,
mp-754483,17,22.76741791
,,
mp-10695,33,29.79319382
,,
mp-1016932,67,44.28784561
,,
mp-11019,59,52.5056572
,,
mvc-10882,35,52.55462646
,,
mp-31080,63,55.62773514
,,
mp-972036,71,127.3308411
,,
mp-1008872,68,45.7292099
,,
mp-1029610,45,46.22304535
,,
mp-996979,28,25.26338196
,,
mp-29154,86,93.93899536
,,
mp-754531,58,56.93848038
,,
mp-633538,119,195.4141846
,,
mp-29011,26,20.98785782
,,
mp-569775,64,64.3579483
,,
mp-1025187,63,49.51929474
,,
mp-3477,10,30.11612511
,,
mp-569376,125,209.7120514
,,
mp-555464,9,17.11920166
,,
mp-1039385,5,15.91286087
,,
mp-22739,28,44.32060623
,,
mp-54,105,123.9908447
,,
mp-1018054,114,82.80440521
,,
mp-975427,45,76.40067291
,,
mp-20315,96,96.85717773
,,
mp-974616,76,91.79409027
,,
mp-9711,98,84.39070129
,,
mp-903,56,54.27415848
,,
mp-865585,100,103.4576263
,,
mp-1022725,52,25.03697205
,,
mp-1912,23,26.13235283
,,
mp-11251,14,24.39839935
,,
mp-1409,97,78.6590271
,,
mp-982780,2,7.067691803
,,
mp-998414,22,26.33450699
,,
mp-6908,28,30.86955643
,,
mp-292,109,61.4360199
,,
mp-977549,86,79.72740936
,,
mp-12581,10,17.51612091
,,
mp-9146,14,22.6660614
,,
mp-20180,121,104.4692383
,,
mp-1174,27,27.07171822
,,
mp-20661,72,87.26006317
,,
mp-758835,36,29.22034073
,,
mp-3504,30,52.31724167
,,
mp-977390,85,82.39175415
,,
mp-990076,149,112.4205933
,,
mp-13126,76,51.47283173
,,
mp-10144,141,183.8762665
,,
mp-864597,11,19.148983
,,
mp-554769,29,38.95019531
,,
mp-10848,36,34.99821091
,,
mp-753360,27,31.56976509
,,
mp-1009657,43,47.2706604
,,
mp-979435,26,26.97297668
,,
mp-603719,182,101.5668488
,,
mp-363,105,90.06877899
,,
mp-1019564,40,32.86504745
,,
mp-552934,14,15.73825836
,,
mp-865011,99,94.39971924
,,
mp-982725,113,105.9596252
,,
mp-9200,12,8.164943695
,,
mp-30765,83,80.0931778
,,
mp-865926,45,30.43620491
,,
mp-13089,20,19.6903801
,,
mp-997037,32,24.35573196
,,
mp-569837,56,50.52548981
,,
mp-7880,43,31.02285385
,,
mvc-15835,31,21.9415741
,,
mp-30650,25,26.67433167
,,
mp-9564,36,33.38315582
,,
mp-5244,71,62.67708969
,,
mp-1029347,34,15.39261627
,,
mp-9907,22,31.86141586
,,
mp-7582,14,17.40480042
,,
mp-1009770,44,39.4010849
,,
mp-961651,66,79.66003418
,,
mp-4448,63,57.49411774
,,
mp-21340,79,67.61361694
,,
mp-30768,23,19.20869446
,,
mp-15779,74,54.3912735
,,
mp-21163,42,51.59391785
,,
mp-27198,11,14.98360062
,,
mp-2157,142,143.5713806
,,
mp-30555,86,81.29277039
,,
mp-1007961,63,35.80250549
,,
mp-569151,38,43.14581299
,,
mp-11690,129,94.3981781
,,
mp-2663,80,64.30084229
,,
mp-1014246,81,113.1890717
,,
mp-11571,14,37.71581268
,,
mp-1008557,177,116.7393951
,,
mp-42022,18,15.50296402
,,
mp-867222,25,26.42317963
,,
mp-556546,24,25.01091003
,,
mp-12854,22,22.0480957
,,
mp-21418,26,34.08356476
,,
mp-648,18,16.58928299
,,
mp-962065,23,35.39358521
,,
mp-6988,60,59.46909714
,,
mp-13725,43,38.00463104
,,
mp-10485,23,21.28461075
,,
mp-20599,18,17.45714569
,,
mp-11445,59,52.66959
,,
mp-20033,55,56.83973694
,,
mp-1025182,38,46.35906982
,,
mp-999318,30,27.87726784
,,
mp-22924,13,8.975517273
,,
mp-550008,83,69.54380798
,,
mp-1022732,26,29.63566017
,,
mp-4478,20,32.11095428
,,
mp-604516,34,45.84293747
,,
mp-8090,41,22.38949966
,,
mp-952566,18,20.16221237
,,
mp-1019055,253,161.4604492
,,
mp-975028,10,8.967338562
,,
mp-11038,48,60.44895172
,,
mp-1008677,84,81.79856873
,,
mp-22367,22,24.20659256
,,
mp-2125,17,20.56660461
,,
mp-552098,27,19.30096054
,,
mp-999395,54,69.58148193
,,
mp-568914,4,8.089473724
,,
mp-632311,64,38.3135643
,,
mp-866186,54,59.69324112
,,
mp-1025293,53,36.56032562
,,
mp-568827,158,140.8374176
,,
mp-10908,64,126.0673981
,,
mp-20305,25,30.9546833
,,
mp-81,15,14.70730972
,,
mp-2243,96,75.24697113
,,
mp-933,51,38.65519714
,,
mp-999307,171,111.3551178
,,
mp-5652,59,52.51414108
,,
mp-559691,53,46.58454132
,,
mp-11029,60,56.8645401
,,
mp-557958,15,15.96057892
,,
mp-15316,30,38.26661301
,,
mp-642644,52,61.64584351
,,
mp-867807,31,24.79638672
,,
mp-2577,133,129.8750305
,,
mp-643367,10,37.31333923
,,
mp-15778,42,34.33058167
,,
mp-865176,23,44.41626358
,,
mp-865533,108,113.2853851
,,
mp-20621,27,38.59810638
,,
mp-11531,86,96.13433838
,,
mp-7359,28,26.14889526
,,
mp-999120,199,196.7468109
,,
mp-8543,13,18.46378326
,,
mp-864952,23,23.82657242
,,
mp-862311,38,50.38552475
,,
mp-23209,13,13.87480545
,,
mp-8236,31,41.44310379
,,
mp-30441,152,137.2490234
,,
mp-541449,9,16.67619324
,,
mp-1018029,46,37.6700058
,,
mp-989533,40,22.02119446
,,
mp-1013533,27,23.07384491
,,
mp-865807,89,101.6973801
,,
mp-29398,4,8.126899719
,,
mp-2706,30,20.01634979
,,
mp-8830,65,42.28791046
,,
mp-7038,12,20.55057526
,,
mp-1670,72,63.06374359
,,
mp-961668,22,57.39346313
,,
mp-567767,35,54.28516769
,,
mp-3807,25,28.16909027
,,
mp-603640,31,42.72367859
,,
mp-752415,57,47.03029633
,,
mp-975190,68,48.10535049
,,
mp-864989,130,103.4402924
,,
mp-776475,127,104.7192688
,,
mp-5671,45,62.90074158
,,
mp-998903,72,238.4133148
,,
mp-623134,51,46.24578857
,,
mvc-15861,28,27.32527924
,,
mp-6473,41,49.64912415
,,
mp-7437,26,13.86225128
,,
mp-13900,25,21.51029587
,,
mp-636320,100,83.21681213
,,
mp-973088,52,27.82154465
,,
mp-19148,24,20.96915054
,,
mp-768479,69,59.9812088
,,
mp-153,18,20.46639633
,,
mp-9566,25,27.69430923
,,
mp-20466,58,48.46668243
,,
mp-971631,33,56.55384445
,,
mp-998974,52,83.72819519
,,
mp-18817,42,24.67970657
,,
mp-1007823,176,114.5209274
,,
mp-4026,36,26.21003532
,,
mp-989514,11,10.06754684
,,
mp-10266,105,77.31730652
,,
mp-865523,72,79.56003571
,,
mp-976,119,108.5200195
,,
mp-570604,179,207.2608032
,,
mp-10102,14,7.203857422
,,
mp-675902,28,23.58348465
,,
mp-12109,66,78.69767761
,,
mp-19326,67,67.64033508
,,
mp-2588,40,60.05457306
,,
mp-574,79,74.74893951
,,
mp-3427,52,37.89247894
,,
mp-1016853,74,78.6492157
,,
mp-1017556,66,55.20866776
,,
mp-7692,175,187.517334
,,
mp-2137,29,33.61068344
,,
mp-22922,7,9.863700867
,,
mp-644225,36,28.78887939
,,
mp-962067,3,22.09273148
,,
mp-867251,27,38.71524811
,,
mp-10181,43,59.07876968
,,
mp-978293,16,20.32888031
,,
mp-1039124,13,18.15961838
,,
mp-999139,13,27.51104546
,,
mp-862318,59,54.16180038
,,
mp-72,61,34.14684296
,,
mp-551092,34,30.34601402
,,
mp-5538,25,29.55387497
,,
mp-576,159,188.9209595
,,
mp-760483,57,45.97035599
,,
mp-553946,95,68.8102417
,,
mp-753315,100,87.3117218
,,
mp-755552,40,24.48450851
,,
mp-24287,137,89.21346283
,,
mp-22565,69,77.78747559
,,
mp-2500,67,58.4727211
,,
mp-561664,6,3.788078308
,,
mp-1039119,16,37.42024231
,,
mp-7821,51,41.83749771
,,
mp-643279,9,12.67798615
,,
mp-29868,25,11.41850281
,,
mp-984728,83,165.4524689
,,
mp-867114,83,100.2714081
,,
mvc-4607,39,38.88644409
,,
mp-19417,47,62.0702095
,,
mp-27562,35,32.95739746
,,
mp-8623,10,18.0959816
,,
mp-2675,61,51.53908157
,,
mp-15954,83,64.28729248
,,
mp-638,30,34.40496063
,,
mp-11293,51,36.78925323
,,
mp-861983,78,77.33535767
,,
mp-11506,89,103.5100403
,,
mp-10009,22,14.3231163
,,
mp-16421,45,51.31529617
,,
mp-553243,35,36.48772049
,,
mp-51,5,2.047779083
,,
mp-510456,14,15.3291626
,,
mp-865537,78,73.49349213
,,
mp-19448,78,51.53504181
,,
mp-643260,11,14.88049316
,,
mp-753304,3,-2.079055786
,,
mp-2699,40,41.32825851
,,
mp-1009750,45,47.66643524
,,
mp-999542,85,87.72091675
,,
mp-640024,55,51.72076035
,,
mp-1018142,17,36.78440857
,,
mp-31503,25,21.64564514
,,
mp-570223,20,11.80455017
,,
mp-9225,60,65.8768158
,,
mp-568912,138,134.6821442
,,
mp-20235,30,31.29507065
,,
mp-23291,8,8.330619812
,,
mp-2611,22,30.66281319
,,
mp-557772,8,20.13469315
,,
mp-4120,43,31.36016655
,,
mp-690536,71,66.39012909
,,
mp-978285,25,22.3108902
,,
mp-567749,85,66.94087219
,,
mp-2059,88,83.22997284
,,
mp-10259,57,97.48266602
,,
mp-4728,26,23.28410721
,,
mp-864966,123,103.1464691
,,
mp-1005,133,120.8784027
,,
mp-471,18,19.30507278
,,
mp-865916,115,114.9471207
,,
mp-22258,104,102.6376495
,,
mp-569265,24,33.59607697
,,
mp-4030,7,21.62292862
,,
mp-20685,128,102.2083664
,,
mp-983590,82,146.9309845
,,
mp-961710,46,55.69561005
,,
mp-15226,142,156.4888
,,
mp-30834,17,30.44030571
,,
mp-2301,75,88.52802277
,,
mp-4180,48,53.60897446
,,
mvc-14600,65,46.40219116
,,
mp-20714,59,62.66855621
,,
mp-867207,32,23.08020782
,,
mp-4280,59,52.50572205
,,
mp-677072,10,18.16604614
,,
mp-13641,48,47.34264755
,,
mp-753490,70,57.04823685
,,
mp-10113,120,71.41829681
,,
mp-19877,39,53.22372437
,,
mp-866033,90,84.28652191
,,
mp-582028,74,97.17467499
,,
mp-29374,14,16.67381287
,,
mp-23959,15,17.09579086
,,
mp-675104,10,12.4535141
,,
mp-767525,25,18.07141495
,,
mp-645159,70,54.28410339
,,
mp-11807,51,47.16677856
,,
mp-28895,34,41.93387222
,,
mp-30461,23,19.7540741
,,
mp-1009217,22,26.32330513
,,
mp-1025203,48,41.28876495
,,
mp-33683,19,19.15764999
,,
mp-11280,59,118.7032242
,,
mp-23241,30,31.22786522
,,
mp-1029834,75,108.8201599
,,
mp-7948,93,112.2148132
,,
mp-128,38,39.4138031
,,
mp-1018075,61,54.1565094
,,
mp-1018132,22,21.5116539
,,
mp-1003322,64,52.42034531
,,
mp-865803,89,88.22201538
,,
mp-569366,55,50.89759064
,,
mp-30656,69,55.66342545
,,
mp-7421,22,15.78654861
,,
mp-867904,93,103.9936676
,,
mp-977367,33,47.40720367
,,
mp-1016845,43,43.36227798
,,
mp-22346,39,36.61693573
,,
mp-545482,11,17.66443634
,,
mp-6353,101,99.07061768
,,
mp-2667,6,2.762493134
,,
mp-15120,7,23.14862823
,,
mp-972866,22,33.40643692
,,
mp-20027,154,134.2510681
,,
mp-28843,8,9.319805145
,,
mp-977128,43,91.68016052
,,
mp-998908,85,45.05910873
,,
mp-1018061,131,116.8988037
,,
mp-774736,15,19.47288513
,,
mp-11737,53,54.67872238
,,
mp-30858,103,76.97756958
,,
mp-30477,26,23.95192719
,,
mp-867306,28,28.97494888
,,
mp-11287,16,18.85706329
,,
mp-19004,74,68.27394104
,,
mp-568436,38,46.64219284
,,
mp-7189,65,49.76337433
,,
mvc-13442,23,22.13504791
,,
mp-2773,118,109.105011
,,
mp-7502,38,24.63982391
,,
mp-29529,12,19.47300339
,,
mp-972794,9,36.64408112
,,
mp-866183,62,79.53324127
,,
mp-10212,56,64.58869934
,,
mp-22725,46,40.97192383
,,
mp-34903,31,31.45798302
,,
mp-865731,13,18.15903854
,,
mp-29748,12,12.53624344
,,
mp-976968,36,47.75762177
,,
mp-672287,28,22.57011414
,,
mp-976976,43,41.74010086
,,
mp-8335,56,51.85308838
,,
mp-550893,115,89.95970154
,,
mp-568564,30,28.49497032
,,
mp-894,63,59.38004684
,,
mp-15624,22,29.4157238
,,
mp-29145,4,7.278175354
,,
mp-2083,36,41.66140366
,,
mp-865123,34,36.80400085
,,
mp-972828,51,56.28572083
,,
mp-2031,125,106.0662994
,,
mp-753059,29,57.52872849
,,
mp-9755,91,94.13597107
,,
mp-28270,6,9.814338684
,,
mp-865002,36,40.16153336
,,
mp-1014265,88,81.51806641
,,
mp-28627,9,8.04510498
,,
mp-570428,38,46.43641281
,,
mp-23143,23,30.87264442
,,
mp-22232,11,12.56554413
,,
mp-972877,49,54.32284164
,,
mp-2369,36,26.48049545
,,
mp-12277,43,33.75259399
,,
mp-753657,96,70.98587036
,,
mp-1406,25,19.20415497
,,
mp-8352,54,34.18226624
,,
mp-570991,104,88.90924072
,,
mp-2049,59,59.91514587
,,
mp-1018849,128,143.9200134
,,
mp-569679,7,23.28653717
,,
mp-557018,34,34.15776062
,,
mp-866218,81,76.16309357
,,
mp-865924,11,30.28184891
,,
mp-867242,46,35.92662048
,,
mp-977427,63,60.21178436
,,
mp-567220,70,66.34067535
,,
mp-566131,28,22.0111351
,,
mp-861908,79,100.1133728
,,
mp-568961,42,47.27843475
,,
mp-13472,97,97.31706238
,,
mp-1630,58,37.62053299
,,
mp-20516,64,65.2612915
,,
mp-4355,75,73.62106323
,,
mp-567856,58,53.69178772
,,
mp-20233,14,28.02662849
,,
mp-19968,31,29.91928482
,,
mp-409,12,17.26030731
,,
mp-1008488,23,17.9078331
,,
mp-555166,14,15.41181183
,,
mp-2439,86,72.33759308
,,
mp-30593,59,51.79563904
,,
mp-2658,95,106.5725632
,,
mp-625,51,45.27462006
,,
mp-981376,42,56.85464478
,,
mp-999473,56,96.64045715
,,
mp-1003313,73,67.19413757
,,
mp-7956,11,14.09288406
,,
mp-6961,18,29.73954964
,,
mp-27689,7,3.702037811
,,
mp-1018100,28,25.00894928
,,
mp-9258,206,134.9366302
,,
mp-866188,51,44.03458023
,,
mp-623,36,22.08819199
,,
mp-21476,89,88.97451019
,,
mp-684031,51,47.2336731
,,
mp-865791,129,116.2172775
,,
mp-989545,8,8.562480927
,,
mp-384,37,34.22443008
,,
mp-571438,144,140.0588226
,,
mp-13276,37,22.99272537
,,
mp-568177,40,33.14467621
,,
mp-1018107,13,25.16892624
,,
mp-2105,95,88.11684418
,,
mp-12781,64,63.11463928
,,
mp-20697,54,60.86861038
,,
mp-643273,35,28.95236397
,,
mp-7343,19,31.61950111
,,
mp-3094,45,40.06074524
,,
mp-754779,28,32.64277267
,,
mp-22426,72,64.03643799
,,
mp-27456,8,11.81560898
,,
mp-1002222,109,47.61887741
,,
mp-24726,20,54.54465103
,,
mp-1029337,75,69.86278534
,,
mp-1025304,69,66.4679184
,,
mp-31277,36,35.81826782
,,
mp-5971,51,43.6522522
,,
mp-8432,51,34.25466919
,,
mp-994,59,38.99707794
,,
mp-559598,30,40.38605499
,,
mp-10760,41,25.02558517
,,
mp-631305,11,46.59166336
,,
mp-4117,50,49.61907959
,,
mp-5076,87,61.10421753
,,
mp-30661,25,39.87226105
,,
mp-1025192,130,137.874176
,,
mp-17481,76,79.74676514
,,
mp-755313,81,75.81955719
,,
mp-18819,60,43.03047943
,,
mp-4899,17,13.90443039
,,
mp-13202,52,38.11297989
,,
mp-18468,114,109.9028091
,,
mp-984240,23,20.70003891
,,
mp-11977,16,18.70161819
,,
mp-33708,63,48.04708862
,,
mp-865929,43,32.98137665
,,
mp-999377,137,142.9334869
,,
mp-867235,34,33.58790588
,,
mp-974584,44,32.94382095
,,
mp-696746,178,179.0003357
,,
mp-684679,71,59.65900803
,,
mp-15837,53,49.59080887
,,
mp-16245,24,32.61316681
,,
mp-977283,100,100.2249374
,,
mp-998196,13,11.03768158
,,
mp-17383,44,58.13264465
,,
mp-4192,45,42.8094635
,,
mp-867192,28,24.14503098
,,
mp-861658,49,55.71652603
,,
mp-24669,76,41.56298447
,,
mp-1018154,49,46.0921936
,,
mp-3795,32,24.49606323
,,
mp-571461,9,13.52389145
,,
mp-999485,22,46.68423843
,,
mp-1984,17,43.36244583
,,
mp-5869,61,49.71345901
,,
mp-1006887,30,45.2816925
,,
mp-22977,5,13.93989944
,,
mp-866375,127,94.35495758
