materials id,NK_VRH,K_VRH
mp-867251,103,93.30102539
,,
mp-974625,351,352.2673035
,,
mp-997005,98,87.39770508
,,
mp-21347,305,299.1769104
,,
mp-6008,154,149.0745087
,,
mp-12585,230,229.2787018
,,
mp-776,44,31.15401459
,,
mp-510589,112,92.71250153
,,
mp-761315,152,171.6145325
,,
mp-2893,163,149.218277
,,
mp-1127,154,140.2988892
,,
mp-866152,193,183.495697
,,
mp-13190,15,22.82635498
,,
mp-19082,159,146.3771973
,,
mp-999124,78,93.66520691
,,
mp-1001783,42,32.74391937
,,
mp-672254,57,56.38147736
,,
mp-755013,93,86.84040833
,,
mp-1387,159,166.9255066
,,
mp-556911,97,85.73091888
,,
mp-11819,29,36.65840912
,,
mp-985443,75,79.77125549
,,
mp-33667,54,57.99979782
,,
mp-568177,52,55.77607346
,,
mp-1025044,185,159.2528687
,,
mp-13925,1,39.51015472
,,
mp-768572,51,92.41216278
,,
mp-1038837,20,29.1929245
,,
mp-31498,50,55.82186508
,,
mp-9248,79,57.77578354
,,
mp-1949,210,203.0136414
,,
mp-972965,138,125.513504
,,
mp-21875,85,83.12898254
,,
mp-12766,49,45.94829941
,,
mp-981749,110,107.6026306
,,
mp-2039,166,115.3040085
,,
mp-7027,139,119.8922424
,,
mp-6328,52,54.07844543
,,
mp-4604,83,74.71473694
,,
mp-784631,228,199.8827209
,,
mp-1025203,67,55.43977737
,,
mp-7420,26,16.17324829
,,
mp-13474,60,59.54318237
,,
mp-1002165,167,166.1959534
,,
mp-8279,51,29.17089844
,,
mp-989635,105,118.3293381
,,
mp-20738,183,161.2209167
,,
mp-1038829,39,33.23204041
,,
mp-2480,158,118.9279938
,,
mp-998552,159,131.6183014
,,
mp-9387,75,75.53116608
,,
mp-995122,19,16.25177765
,,
mp-20237,161,149.0643311
,,
mp-974789,1,10.5036087
,,
mp-977396,114,110.8461227
,,
mp-1753,102,76.75187683
,,
mp-6933,131,200.9962769
,,
mp-555321,59,51.68353271
,,
mp-27984,69,63.32697296
,,
mp-682,48,46.5104866
,,
mp-30461,84,85.32594299
,,
mp-777667,74,74.13839722
,,
mp-20952,128,125.5134354
,,
mp-547125,78,73.66247559
,,
mp-676540,14,9.670051575
,,
mp-10260,165,148.0591431
,,
mp-571247,136,129.2821198
,,
mp-971837,38,24.52527618
,,
mp-865110,24,33.52341461
,,
mp-28954,34,43.08912277
,,
mp-972455,62,47.18541718
,,
mp-1136,22,10.77033997
,,
mp-550437,54,86.47193146
,,
mp-1007730,105,98.78935242
,,
mp-971761,37,102.7021408
,,
mp-12265,66,56.03406525
,,
mp-865587,89,80.65005493
,,
mp-1008568,105,99.31934357
,,
mp-14600,74,88.99173737
,,
mp-1001831,120,129.260025
,,
mp-7574,211,233.1486816
,,
mp-1025270,181,218.9122009
,,
mp-1013540,36,28.82953644
,,
mp-20066,5,8.816215515
,,
mp-5748,164,163.0509338
,,
mp-862373,64,48.44271851
,,
mp-7168,118,120.9338684
,,
mp-30610,73,87.57362366
,,
mp-1070,44,18.08678436
,,
mp-867978,121,122.3854065
,,
mp-30799,73,73.68231201
,,
mp-980200,128,126.3495941
,,
mp-961654,101,119.6186066
,,
mp-12004,88,89.4159317
,,
mp-30073,88,70.06893921
,,
mp-1025554,88,93.87146759
,,
mp-865507,253,237.8933411
,,
mp-567313,22,35.75471497
,,
mp-12571,148,172.143692
,,
mp-558674,99,40.22142792
,,
mp-569871,62,62.68535233
,,
mp-7000,29,75.82577515
,,
mp-863679,181,186.3013763
,,
mp-7701,47,37.02073288
,,
mp-11361,63,62.11096954
,,
mp-976893,140,164.6668243
,,
mp-865814,43,41.72073364
,,
mp-1059,52,36.26925659
,,
mp-569593,38,33.15585327
,,
mp-5976,145,132.065979
,,
mp-510430,23,16.72032166
,,
mp-1029422,139,139.92453
,,
mp-13436,126,113.7281723
,,
mp-867227,48,41.55029297
,,
mp-1029,54,31.23205566
,,
mp-29374,21,32.50543213
,,
mp-149,83,70.73654175
,,
mp-570272,67,64.41371918
,,
mp-976010,25,21.81512451
,,
mp-27388,52,75.41307068
,,
mp-2051,83,70.33628845
,,
mp-1025318,105,76.29972076
,,
mp-974782,63,64.35787964
,,
mp-763051,95,92.0382309
,,
mp-18779,39,30.98900604
,,
mp-31502,53,49.72494507
,,
mp-21149,132,172.0521545
,,
mp-626689,44,90.41408539
,,
mp-13542,13,24.883255
,,
mp-865811,49,44.88640213
,,
mp-973538,73,59.9833107
,,
mp-978518,127,137.7041016
,,
mp-10204,58,49.36214066
,,
mp-9721,47,49.88001633
,,
mp-12537,139,154.8591156
,,
mp-984873,125,124.3364487
,,
mp-27989,4,6.354576111
,,
mp-8639,309,299.1149902
,,
mp-23051,42,4.961837769
,,
mp-22052,66,40.59538269
,,
mp-605,11,26.57855225
,,
mp-984722,279,199.0351563
,,
mp-27849,33,31.89205933
,,
mp-6646,175,162.4891357
,,
mp-4355,181,182.3659515
,,
mp-159,34,35.4942627
,,
mp-16731,121,73.36921692
,,
mp-864799,38,37.43551254
,,
mp-569028,1,14.75310516
,,
mp-571619,163,175.698761
,,
mp-980199,52,55.43598938
,,
mp-862861,111,116.5794601
,,
mp-867246,63,67.69760895
,,
mp-23309,7,3.353546143
,,
mp-2455,166,153.6846008
,,
mp-972877,112,104.3161926
,,
mp-977565,76,63.24152374
,,
mp-866222,80,92.13101959
,,
mp-1009646,374,367.8109131
,,
mp-754009,98,122.0707321
,,
mp-1025056,183,202.5697327
,,
mp-10919,37,22.91387939
,,
mp-2691,45,18.08052826
,,
mp-7343,56,59.58982086
,,
mp-3467,214,209.3734283
,,
mp-505517,185,161.1567688
,,
mp-12505,73,71.61619568
,,
mp-1020059,125,121.0212021
,,
mp-567629,18,16.65872192
,,
mp-3582,158,194.2468262
,,
mp-669382,199,190.5550537
,,
mp-989586,123,81.08383179
,,
mp-632311,202,177.7167358
,,
mp-3532,64,42.07026672
,,
mp-30490,40,28.77913666
,,
mp-867867,78,65.91445923
,,
mp-3830,109,89.36157227
,,
mp-16342,82,72.51407623
,,
mp-23297,7,-3.745796204
,,
mp-631561,97,126.970993
,,
mp-21168,34,52.62061691
,,
mp-10734,207,206.3557739
,,
mp-866171,84,77.43747711
,,
mp-975882,11,22.62450409
,,
mp-5839,100,104.9302139
,,
mp-768358,152,142.315033
,,
mp-976321,19,21.23195648
,,
mp-35841,61,52.1117363
,,
mp-10264,36,52.17789841
,,
mp-1018635,157,142.5931854
,,
mp-775001,7,35.64672089
,,
mp-776097,200,195.2389069
,,
mp-865998,211,211.8948364
,,
mp-29327,16,31.51670074
,,
mp-1038814,35,33.18048859
,,
mp-1002229,155,179.5474243
,,
mp-19069,127,125.5079803
,,
mp-865500,99,90.94470215
,,
mp-1029562,86,68.65771484
,,
mp-20245,88,104.6751862
,,
mp-976356,40,38.49598694
,,
mp-7863,24,32.4895401
,,
mp-31168,49,43.19604111
,,
mp-866117,137,135.8625793
,,
mp-23171,48,45.1450119
,,
mp-23037,21,19.12577057
,,
mp-22537,41,50.20780182
,,
mp-19896,42,17.25681305
,,
mp-569204,31,46.37678909
,,
mp-23208,25,14.67179871
,,
mp-20512,84,98.87081146
,,
mp-569120,156,149.8753357
,,
mp-10873,114,108.6937332
,,
mp-20338,121,124.3417816
,,
mp-865448,211,227.1290283
,,
mp-6916,171,175.2627411
,,
mp-30408,111,110.922287
,,
mp-567580,172,161.3677673
,,
mp-16766,85,85.97914124
,,
mp-310,185,150.8191681
,,
mp-10316,74,90.92552185
,,
mp-504580,138,146.4558563
,,
mp-20566,40,55.82709885
,,
mp-975650,30,45.47745895
,,
mp-861979,168,160.2047272
,,
mp-1025551,156,176.6704712
,,
mp-35777,23,16.67176056
,,
mp-569708,234,226.586441
,,
mp-856,172,158.2263489
,,
mp-8724,28,16.59120941
,,
mp-10443,75,81.99320221
,,
mp-771,141,149.9259644
,,
mp-570081,9,23.42375946
,,
mp-9385,5,28.5215683
,,
mp-12743,27,14.320755
,,
mp-1008809,119,186.579071
,,
mp-9389,85,82.4352951
,,
mp-7066,124,110.2778625
,,
mp-22693,20,42.54660797
,,
mp-976768,15,11.94164276
,,
mp-999118,269,309.6919556
,,
mp-1013911,51,58.83927155
,,
mp-7832,342,360.3386841
,,
mp-643101,14,22.39136505
,,
mp-29617,99,128.725296
,,
mp-31516,23,42.02820969
,,
mp-19886,109,124.6074677
,,
mp-30551,191,178.1434631
,,
mp-862860,72,68.29280853
,,
mp-10750,41,42.6703949
,,
mp-865799,55,51.27555847
,,
mp-864878,135,126.2514343
,,
mp-917,56,52.67718124
,,
mp-23704,19,24.67462158
,,
mp-21848,148,53.28560257
,,
mp-980940,111,172.0731201
,,
mp-568827,144,151.6242065
,,
mp-10749,48,41.20110703
,,
mp-16886,92,98.99903107
,,
mp-541013,2,-6.402397156
,,
mp-31184,117,153.1127777
,,
mp-20102,152,138.8879089
,,
mp-647924,106,100.5786057
,,
mp-20483,37,41.97351456
,,
mp-568983,174,119.9008942
,,
mp-632808,17,18.05682373
,,
mp-10647,79,25.50559998
,,
mp-999207,40,74.89292145
,,
mp-9756,166,160.3268433
,,
mp-1025397,162,177.2350769
,,
mp-3515,146,157.5435028
,,
mp-2460,152,145.5115204
,,
mp-571566,46,43.58629227
,,
mp-20206,68,101.3710175
,,
mp-11549,190,192.9909515
,,
mp-19399,203,165.2511902
,,
mp-1013546,31,35.77836609
,,
mvc-15603,168,158.8102112
,,
mp-983123,110,114.6250534
,,
mp-349,53,53.87414169
,,
mp-30656,147,162.3686523
,,
mp-861930,100,92.70144653
,,
mp-1025154,39,105.2474518
,,
mp-6654,31,39.49398804
,,
mp-23141,63,74.44623566
,,
mp-665,15,1.032989502
,,
mp-30405,58,44.60577011
,,
mp-7951,78,71.95968628
,,
mp-982387,58,55.89775848
,,
mp-29026,288,256.1820679
,,
mp-6939,167,149.3370361
,,
mp-862948,40,49.76038742
,,
mp-4824,44,37.23468018
,,
mp-867748,171,168.3240356
,,
mp-865731,52,52.07294464
,,
mp-15819,117,116.595253
,,
mp-754825,84,93.76490784
,,
mp-2088,76,86.66979218
,,
mp-3104,100,88.98758698
,,
mp-567412,62,42.61169434
,,
mp-30769,30,25.52077484
,,
mp-1009130,239,160.9379272
,,
mp-33,308,299.3234863
,,
mp-339,135,138.8383789
,,
mp-3759,164,157.3646545
,,
mp-2432,30,17.02153778
,,
mp-827,20,24.59970856
,,
mp-7885,76,52.6562233
,,
mp-2486,155,174.0118713
,,
mp-978986,62,87.57404327
,,
mp-1200,148,140.5480652
,,
mp-631319,96,77.59301758
,,
mp-568654,57,69.51971436
,,
mp-4500,174,162.1151123
,,
mp-2334,79,69.55440521
,,
mp-776331,222,193.1238403
,,
mp-978493,43,237.3914337
,,
mp-1777,28,21.15898895
,,
mp-1698,47,32.98184204
,,
mp-974738,16,11.18333435
,,
mp-981367,247,106.5406723
,,
mp-19880,94,62.67268372
,,
mvc-14940,38,81.2315979
,,
mp-28266,109,108.7674103
,,
mp-11576,33,42.07594681
,,
mp-755018,106,166.4153595
,,
mp-861645,26,28.16434479
,,
mp-865127,51,42.96138
,,
mp-19817,77,76.51646423
,,
mp-631564,90,120.9914703
,,
mp-631399,114,117.0253448
,,
mp-864602,40,40.20889282
,,
mp-862362,141,133.5126038
,,
mp-2284,32,42.80060577
,,
mp-20474,70,47.91758347
,,
mp-984551,47,65.15352631
,,
mp-12005,85,82.93170166
,,
mp-972763,115,143.7960358
,,
mp-28069,39,23.82886505
,,
mp-865206,136,123.2601013
,,
mp-13725,70,54.97042084
,,
mp-978088,41,47.40489197
,,
mp-7366,40,40.81391907
,,
mp-21313,208,193.4283447
,,
mp-754531,107,112.2029953
,,
mp-1014251,185,176.6136475
,,
mp-631489,71,94.62471008
,,
mp-12965,160,157.9835663
,,
mp-11147,51,26.96663666
,,
mp-556417,14,16.49003601
,,
mp-2573,60,80.59854126
,,
mp-862781,231,234.4407959
,,
mp-1014261,188,182.9770508
,,
mp-19156,80,99.42162323
,,
mp-28,37,47.46084976
,,
mp-1018126,28,16.32595825
,,
mp-29463,94,102.8891449
,,
mp-22268,208,202.5451355
,,
mp-973325,44,40.15151596
,,
mp-21017,76,86.14753723
,,
mp-21158,93,102.0426788
,,
mp-2918,114,103.4337692
,,
mp-468,45,79.75520325
,,
mp-604318,4,-8.580421448
,,
mp-1114,171,162.6183167
,,
mp-769111,107,130.6383209
,,
mp-21883,225,214.5510101
,,
mp-11492,104,120.0059204
,,
mp-979935,12,6.131340027
,,
mp-6961,70,62.2257843
,,
mp-12700,250,250.4643707
,,
mp-569482,164,152.9992523
,,
mp-11454,137,150.9528656
,,
mp-28336,24,33.7077713
,,
mp-542,81,30.12137604
,,
mp-631379,93,130.813324
,,
mvc-8959,132,126.8982468
,,
mp-16290,190,180.1154022
,,
mp-864617,3,10.38769531
,,
mp-1868,147,104.9211807
,,
mp-158,19,41.37241364
,,
mp-862870,223,136.0175476
,,
mp-389,149,155.9354553
,,
mp-865607,111,112.3574753
,,
mp-11536,210,193.0024109
,,
mp-556927,36,42.56147003
,,
mp-7298,91,65.25028229
,,
mp-30161,128,128.8740692
,,
mp-689940,17,35.26461029
,,
mp-4495,23,21.26358032
,,
mp-4251,100,92.93682098
,,
mp-8896,148,142.4696503
,,
mp-1008491,71,138.6433411
,,
mp-2019,143,131.0367584
,,
mp-22912,52,53.4814415
,,
mp-3315,166,120.3838272
,,
mp-976008,37,35.40501404
,,
mp-866820,12,13.12590027
,,
mp-640708,125,122.6216049
,,
mp-568748,173,214.7581177
,,
mp-24668,19,16.94288635
,,
mp-5670,132,139.0989532
,,
mp-997012,156,118.4740143
,,
mp-13175,221,226.051178
,,
mp-15322,112,103.4607697
,,
mp-5058,58,42.85308456
,,
mp-12414,33,35.61026764
,,
mp-867293,169,157.2278748
,,
mp-555359,59,41.70131302
,,
mp-754605,113,105.4696198
,,
mp-18903,107,114.5160599
,,
mp-571599,60,54.40223312
,,
mp-551685,58,29.57371521
,,
mp-16497,108,98.2815094
,,
mp-867158,57,52.4486618
,,
mp-2880,260,262.1506348
,,
mp-1019508,178,151.3553619
,,
mp-542316,270,260.4014893
,,
mp-998908,222,153.922348
,,
mp-13513,70,60.06646347
,,
mp-10455,84,85.98999786
,,
mp-13853,170,151.8303223
,,
mp-1008881,131,78.9529953
,,
mp-1260,108,96.77967834
,,
mp-865733,288,300.4120483
,,
mp-22522,147,136.6236267
,,
mp-34078,12,16.50475311
,,
mp-975814,174,228.0271912
,,
mp-5693,60,48.32997131
,,
mp-27639,2,-7.49810791
,,
mp-4666,75,48.32512283
,,
mp-2404,56,43.62739563
,,
mp-4860,143,129.0591125
,,
mp-985280,129,139.5323792
,,
mp-22882,20,16.59170532
,,
mp-31330,89,89.11144257
,,
mp-20549,60,58.91379166
,,
mp-2234,69,78.79484558
,,
mp-631329,133,139.6781921
,,
mp-14625,82,84.84196472
,,
mp-12553,65,72.62155914
,,
mp-23176,1,-5.339225769
,,
mp-604914,24,39.04288483
,,
mp-865990,88,76.55247498
,,
mp-34169,30,20.94367218
,,
mp-866650,56,171.7991943
,,
mp-568595,210,225.8643188
,,
mp-5068,83,71.55404663
,,
mp-999257,115,127.6978302
,,
mp-20760,72,39.07744217
,,
mp-977546,56,56.01522827
,,
mp-9946,70,60.60753632
,,
mp-7753,140,129.9891052
,,
mp-1008866,59,52.51475906
,,
mp-865538,192,188.2998657
,,
mp-1902,138,124.6990204
,,
mp-1025338,26,72.46671295
,,
mp-977418,80,65.38537598
,,
mp-12781,107,94.63207245
,,
mp-1111,148,168.1551971
,,
mp-40143,13,33.68534088
,,
mp-1009008,51,46.78119278
,,
mp-11572,255,255.5748596
,,
mp-5566,67,61.63123322
,,
mp-15254,48,52.91053391
,,
mp-9881,8,11.13691711
,,
mp-631505,57,57.22545624
,,
mp-22907,53,48.58903122
,,
mvc-14626,124,131.207016
,,
mp-10133,79,84.47323608
,,
mp-123,34,35.4383316
,,
mp-580287,99,110.3570938
,,
mp-30872,70,84.78910828
,,
mp-561033,46,63.85596848
,,
mp-1013704,69,39.46643066
,,
mp-2852,416,412.5900879
,,
mp-11023,134,130.8940735
,,
mp-3402,36,85.53323364
,,
mp-8583,88,85.21185303
,,
mp-753722,42,41.60673141
,,
mp-561877,65,128.2187195
,,
mp-861910,66,63.85401154
,,
mp-569152,6,5.249176025
,,
mp-1019541,83,60.23375702
,,
mp-19052,34,17.27658844
,,
mp-568607,121,108.4377594
,,
mp-10326,15,44.38147736
,,
mp-981,65,59.70381927
,,
mp-19358,152,137.8852692
,,
mp-1002221,61,88.35214233
,,
mp-27838,17,1.463722229
,,
mp-8048,148,146.2607117
,,
mp-643718,35,25.61513519
,,
mp-27768,339,340.4121704
,,
mp-776896,56,91.66021729
,,
mp-7777,46,40.63373184
,,
mp-755225,94,70.33506012
,,
mp-8874,83,78.15439606
,,
mp-867822,50,61.74761963
,,
mp-999269,26,26.50283051
,,
mp-971757,30,32.25637817
,,
mp-867821,217,212.2088928
,,
mp-30501,91,103.9571381
,,
mp-20753,144,160.6208344
,,
mp-675402,105,114.1281128
,,
mp-18,38,37.63709641
,,
mp-1008282,38,229.4623566
,,
mp-18943,78,80.62251282
,,
mp-978652,15,54.66662979
,,
mp-633538,195,212.5487671
,,
mp-552185,35,39.43107224
,,
mp-13155,111,112.2619553
,,
mp-2077,45,38.50930023
,,
mp-865857,164,169.8930359
,,
mp-571648,13,17.30549622
,,
mp-20887,98,79.05560303
,,
mp-540839,10,3.290939331
,,
mp-867169,42,32.70511627
,,
mp-977997,239,246.0716553
,,
mp-38843,174,183.0388794
,,
mp-30366,26,23.28300476
,,
mp-1013716,19,9.543403625
,,
mp-14568,57,52.33893585
,,
mp-999439,123,210.9823761
,,
mp-14006,50,35.17060089
,,
mp-27677,47,59.10647202
,,
mp-1402,94,115.0671692
,,
mp-972635,60,59.14418411
,,
mp-867234,60,51.68870544
,,
mp-772856,44,79.76382446
,,
mvc-15945,161,156.0777588
,,
mp-3698,52,50.1512413
,,
mp-27835,13,9.58530426
,,
mp-8176,115,70.62670898
,,
mp-978853,109,99.86030579
,,
mp-981313,55,59.88331604
,,
mp-11534,171,128.2394409
,,
mvc-12823,38,125.0899353
,,
mp-862445,272,271.8360596
,,
mp-2874,152,141.7445374
,,
mp-862886,89,92.69854736
,,
mp-36592,60,52.157444
,,
mp-417,182,181.1405029
,,
mp-54,212,202.5049744
,,
mp-1434,27,37.46089554
,,
mp-31442,28,63.34202576
,,
mp-29665,28,72.34527588
,,
mp-976838,173,188.1018677
,,
mp-11283,126,128.8660431
,,
mp-23514,7,-4.397636414
,,
mp-978987,55,69.15940857
,,
mp-865400,181,167.8414917
,,
mp-23918,16,18.64573669
,,
mp-13202,76,72.38620758
,,
mp-10714,207,178.2123871
,,
mp-10667,56,44.35578156
,,
mp-29342,40,24.90678406
,,
mp-27904,112,92.99325562
,,
mp-11519,194,178.6440735
,,
mp-1547,124,98.9066925
,,
mp-1008472,63,63.71315384
,,
mp-558078,57,36.30020523
,,
mp-2434,106,45.48323059
,,
mp-6914,35,32.15048981
,,
mp-6953,87,66.52597046
,,
mp-865898,190,165.5527802
,,
mp-985554,28,26.6817627
,,
mp-977415,87,91.37703705
,,
mp-20847,107,121.4140549
,,
mp-616440,436,415.2664795
,,
mp-27409,17,16.73654938
,,
mp-5528,25,91.60527802
,,
mp-644483,125,142.7263184
,,
mp-999378,233,183.2535248
,,
mp-760375,13,11.22025299
,,
mp-10135,117,126.1072617
,,
mp-867869,87,74.89263153
,,
mp-649774,21,39.27190399
,,
mp-13610,21,41.09716797
,,
mp-1018080,120,138.4263306
,,
mp-29520,7,-3.149795532
,,
mp-1476,101,93.41226959
,,
mp-862610,172,174.387146
,,
mp-1016928,209,205.7129517
,,
mp-8435,4,49.42451477
,,
mp-8122,80,98.72782135
,,
mp-978529,64,60.48027802
,,
mp-2961,72,47.83101654
,,
mp-7936,83,58.6219902
,,
mp-567698,10,12.25089264
,,
mp-862339,80,76.83555603
,,
mp-866141,229,219.9311829
,,
mp-1009829,105,111.0448227
,,
mp-636273,38,52.75247955
,,
mp-18724,113,134.0790253
,,
mp-4415,127,110.819313
,,
mp-979459,38,34.64493561
,,
mp-1008527,324,334.8085938
,,
mp-8996,180,169.6878815
,,
mp-979074,163,184.7903442
,,
mp-983358,166,190.4208374
,,
mp-864620,42,31.31736755
,,
mp-693,40,44.31352997
,,
mp-15607,125,117.3429642
,,
mp-558137,67,115.6499557
,,
mp-7974,70,75.10510254
,,
mp-1002105,264,375.7245483
,,
mp-30353,205,205.8394928
,,
mp-10629,57,81.32672119
,,
mp-1,2,-12.00512695
,,
mp-406,35,20.04158783
,,
mp-2263,220,207.989563
,,
mp-4634,133,143.8125
,,
mp-19970,78,61.17722702
,,
mp-555064,44,67.47027588
,,
mp-1018115,26,33.03471375
,,
mp-4529,29,21.70878601
,,
mp-4678,142,136.2943726
,,
mp-974341,242,245.6709442
,,
mp-1085,238,359.9581299
,,
mp-976943,286,194.4257965
,,
mp-1002109,207,206.8453064
,,
mp-11798,128,173.2077026
,,
mp-864939,167,166.9888306
,,
mp-997024,26,30.15719604
,,
mp-21286,144,151.7605591
,,
mp-29596,93,85.53481293
,,
mp-9567,36,29.8898468
,,
mp-13983,36,56.79949951
,,
mp-863677,79,80.57212067
,,
mp-639662,8,16.28813934
,,
mp-11667,72,76.22639465
,,
mp-19729,61,57.92925262
,,
mp-1963,220,219.2539215
,,
mp-9929,137,120.8428802
,,
mp-994,100,65.63963318
,,
mvc-15694,30,35.16819763
,,
mp-29658,151,146.4737091
,,
mp-1017516,76,85.18816376
,,
mp-865521,3,6.975791931
,,
mp-761563,148,124.3652954
,,
mp-3556,128,122.746933
,,
mp-762391,95,130.673584
,,
mp-1025353,178,193.9299774
,,
mp-604516,89,90.76502991
,,
mp-1025219,44,41.14291382
,,
mp-867266,38,45.04122162
,,
mp-10044,128,100.8683014
,,
mp-866193,56,38.84621811
,,
mp-9923,152,151.0233917
,,
mp-5699,43,44.93054199
,,
mp-631418,164,186.6523895
,,
mp-567332,40,47.48474503
,,
mp-865785,159,171.8384094
,,
mvc-15448,175,190.7817078
,,
mp-1016836,194,184.9124451
,,
mp-974584,195,168.1882019
,,
mp-570286,3,14.53451538
,,
mp-1017580,21,23.5452652
,,
mp-865999,82,87.66788483
,,
mp-849459,95,84.7278595
,,
mp-7083,66,65.20659637
,,
mp-23164,17,4.183166504
,,
mp-30404,53,37.92382813
,,
mp-973614,9,9.073783875
,,
mp-20690,59,99.50591278
,,
mp-7575,116,105.4678497
,,
mp-758371,171,197.9523315
,,
mp-30040,33,33.0646286
,,
mp-12669,125,107.2677917
,,
mp-4126,130,89.00976563
,,
mp-16329,102,100.8891068
,,
mp-715,246,239.4531555
,,
mp-4,33,31.32409668
,,
mp-16751,75,69.44148254
,,
mp-2119,106,130.7840881
,,
mp-20872,25,65.16275787
,,
mp-2145,82,99.73432922
,,
mp-11288,30,28.31560516
,,
mp-570632,58,47.05063629
,,
mp-974370,273,232.1552734
,,
mp-11275,242,215.7313232
,,
mp-1018649,378,395.6430054
,,
mp-862890,61,56.73978424
,,
mp-605790,8,-26.5723877
,,
mp-19722,66,47.28377914
,,
mp-551918,128,157.9737701
,,
mp-971960,153,151.7399445
,,
mp-7170,64,64.10168457
,,
mp-2449,249,231.3611603
,,
mp-20840,168,162.3934021
,,
mp-974270,17,-1.324211121
,,
mp-569662,23,47.0398941
,,
mp-14205,24,19.50390625
,,
mp-16314,100,103.5818253
,,
mp-1025409,114,132.1124725
,,
mp-11411,76,69.66520691
,,
mp-10904,184,175.8039093
,,
mp-5920,61,44.25034714
,,
mp-1001012,64,60.1703186
,,
mp-18750,158,142.9018097
,,
mp-3579,81,83.54632568
,,
mp-864937,43,27.74103546
,,
mp-567747,264,254.6445465
,,
mp-866170,174,194.5800171
,,
mp-11560,202,210.6141663
,,
mp-982725,200,246.192688
,,
mp-973653,87,67.13693237
,,
mp-13178,205,183.7446289
,,
mp-976106,99,144.2945557
,,
mp-1009837,308,292.8850403
,,
mp-865914,233,226.5652771
,,
mp-567818,124,97.1277771
,,
mp-22253,34,40.81466293
,,
mp-973024,39,42.22330856
,,
mp-7390,27,39.34616089
,,
mp-11132,24,26.77148438
,,
mp-865708,64,60.78664398
,,
mp-862918,39,37.04508209
,,
mp-16528,113,97.02365875
,,
mp-867182,86,82.50259399
,,
mp-951,190,141.2646637
,,
mp-1444,34,26.08409119
,,
mp-867116,210,230.8411102
,,
mp-862923,73,60.71152115
,,
mp-12951,125,124.1034851
,,
mp-1008223,38,-0.064422607
,,
mvc-14941,38,91.92255402
,,
mp-2367,92,83.87672424
,,
mp-20565,162,166.7706146
,,
mp-7581,22,9.970451355
,,
mp-11487,100,146.968277
,,
mvc-11012,151,151.2806549
,,
mp-973271,5,-4.879707336
,,
mp-3503,85,74.17428589
,,
mp-3159,33,20.21302795
,,
mp-19921,11,60.84549332
,,
mp-1025140,81,90.73239899
,,
mp-554107,46,38.31082916
,,
mp-866180,29,41.40532303
,,
mp-505249,153,141.4547729
,,
mp-21425,109,102.2239685
,,
mp-10519,66,51.57506561
,,
mp-22735,29,26.94139862
,,
mp-13010,58,51.49562073
,,
mp-569125,42,25.82497406
,,
mp-5621,40,57.22154617
,,
mp-1009640,123,117.7000427
,,
mp-644504,43,43.56370163
,,
mp-1164,139,140.2668762
,,
mp-867878,216,192.2469025
,,
mp-11266,25,27.64311218
,,
mp-1039293,60,27.93669128
,,
mp-861918,64,71.23280334
,,
mp-22896,32,29.15037537
,,
mp-13815,31,33.55137634
,,
mp-3138,18,9.850700378
,,
mp-24082,202,189.7328796
,,
mp-1008490,36,15.57600403
,,
mp-867225,44,62.86616135
,,
mp-761873,36,29.60289001
,,
mp-505782,22,18.5629425
,,
mp-977552,149,203.2324982
,,
mp-20484,46,64.76817322
,,
mp-3589,60,68.11343384
,,
mp-867224,42,26.24739838
,,
mp-15651,104,78.2269516
,,
mp-1008634,135,155.5553436
,,
mp-864953,231,229.5609894
,,
mp-999192,189,162.7122803
,,
mp-2838,207,154.7465363
,,
mp-862629,140,135.7935638
,,
mp-1549,173,169.0447388
,,
mp-21847,55,20.58565521
,,
mp-989554,130,130.3283997
,,
mp-865183,66,72.54774475
,,
mp-30581,123,119.3440704
,,
mp-1367,53,44.13301849
,,
mp-1014229,96,124.0510406
,,
mp-31235,23,15.5639801
,,
mp-865547,76,67.20291138
,,
mvc-6921,139,125.3826599
,,
mp-30507,108,228.8022919
,,
mp-823,163,161.739212
,,
mp-631548,64,91.1554718
,,
mp-961660,140,171.8274841
,,
mp-22377,73,97.70568848
,,
mp-865756,88,100.9998779
,,
mp-784630,233,232.1953278
,,
mp-1025151,75,51.79024124
,,
mp-21359,169,168.2286682
,,
mp-754672,68,93.27359009
,,
mp-22315,140,150.6515808
,,
mp-604496,101,124.2956543
,,
mp-6969,120,111.573349
,,
mp-11583,159,153.3249969
,,
mp-788,110,93.40970612
,,
mp-4323,124,130.5859375
,,
mp-31147,44,32.41663361
,,
mp-21374,21,21.8921051
,,
mp-571339,57,56.2388916
,,
mp-22966,2,8.686416626
,,
mp-631553,51,69.79714966
,,
mp-10213,58,72.14624786
,,
mp-30835,205,215.642868
,,
mp-1002222,186,121.7176743
,,
mp-636056,8,10.50301361
,,
mp-568390,39,42.17141724
,,
mp-27834,11,18.29803467
,,
mp-30449,57,50.44114685
,,
mp-977403,8,2.46635437
,,
mp-13138,106,118.4067993
,,
mvc-13997,188,149.6945496
,,
mp-5451,126,109.5058975
,,
mp-978269,63,63.40815735
,,
mp-1025180,47,38.40072632
,,
mp-1029420,43,63.78278351
,,
mp-2422,72,68.24456787
,,
mp-23709,14,31.74261475
,,
mp-28017,74,88.30828857
,,
mp-570558,10,10.62329865
,,
mp-5163,173,163.5961456
,,
mp-12628,3,-2.08316803
,,
mp-1018699,47,55.56503677
,,
mp-5090,59,59.68358612
,,
mp-1025503,243,242.2836609
,,
mp-12892,59,59.02753067
,,
mp-754718,62,40.9596405
,,
mp-974799,15,-4.603187561
,,
mp-22909,7,15.77248383
,,
mp-5063,113,110.8530273
,,
mp-7926,23,26.55300903
,,
mp-558645,1,4.076545715
,,
mp-21096,45,63.89541626
,,
mp-641923,8,11.34174347
,,
mp-1066,94,111.9036484
,,
mp-864761,260,254.7764282
,,
mp-900,136,133.3398285
,,
mp-972722,70,58.88627243
,,
mp-30885,79,80.87994385
,,
mp-864614,72,65.15013123
,,
mvc-5863,163,151.2339325
,,
mp-754349,110,118.8573456
,,
mp-531611,190,203.378891
,,
mp-975896,51,52.96285629
,,
mp-795,52,43.51147079
,,
mp-989536,2,32.63503265
,,
mp-999133,204,206.7970886
,,
mp-983567,23,27.14611816
,,
mp-1008986,215,308.8280945
,,
mp-569385,96,105.5801315
,,
mp-13164,142,143.7747345
,,
mp-22508,151,173.5378418
,,
mp-29308,34,28.05263519
,,
mp-861619,180,175.9099731
,,
mp-10849,94,74.7747879
,,
mp-971712,47,49.11717606
,,
mp-22787,237,201.3373718
,,
mp-1860,69,66.38774109
,,
mp-2547,53,74.04452515
,,
mp-11269,55,40.92457962
,,
mp-31043,29,27.87792206
,,
mp-631412,198,178.5864258
,,
mp-5346,118,110.3862762
,,
mp-2134,79,77.28577423
,,
mp-644500,102,107.2609863
,,
mp-15805,195,150.4632568
,,
mp-767,26,36.98340225
,,
mp-974372,168,204.6317139
,,
mp-23021,12,7.914672852
,,
mp-755974,66,52.04527283
,,
mp-1008554,126,110.1877747
,,
mp-865812,52,44.37660599
,,
mp-9814,58,45.54618454
,,
mp-999189,169,167.2083893
,,
mp-30773,110,110.301712
,,
mp-436,95,95.19384766
,,
mp-3553,26,18.25386047
,,
mp-2825,134,139.8943481
,,
mp-604908,16,52.36725235
,,
mp-4768,104,102.5864029
,,
mp-568705,109,124.5293274
,,
mp-558781,177,191.502655
,,
mp-1016876,257,213.7420197
,,
mp-865473,6,10.1638031
,,
mp-752401,34,52.90577698
,,
mp-5126,68,65.26719666
,,
mp-2987,29,31.68331909
,,
mp-4248,167,163.3504791
,,
mp-7557,162,164.5820923
,,
mp-1635,41,39.53425217
,,
mp-12777,131,122.1999664
,,
mp-24151,83,94.43687439
,,
mp-977553,67,78.93838501
,,
mp-2222,113,66.16330719
,,
mp-866004,69,62.12691116
,,
mp-864977,104,100.5496521
,,
mp-22914,48,46.82975769
,,
mp-976727,104,93.09910583
,,
mp-1029699,18,12.89363861
,,
mp-1009832,225,200.1536407
,,
mp-2116,180,155.3765411
,,
mp-20526,7,24.61882019
,,
mp-6959,20,36.38859177
,,
mp-989555,96,56.69701767
,,
mp-2371,14,23.47032928
,,
mp-606393,8,2.995864868
,,
mp-1782,81,68.50062561
,,
mp-978995,152,135.7396393
,,
mp-19138,85,107.0238571
,,
mp-22779,81,76.1992569
,,
mp-866072,186,173.2032776
,,
mvc-13158,167,138.1452179
,,
mp-1224,24,62.99227524
,,
mp-1001916,197,147.3084106
,,
mp-867812,120,120.892395
,,
mp-952,272,278.0610352
,,
mp-569523,77,85.83392334
,,
mvc-13442,101,83.38195801
,,
mp-629015,101,129.2602386
,,
mp-752426,39,27.19606018
,,
mp-756490,44,24.03363037
,,
mp-543024,15,12.98683929
,,
mp-4405,16,16.22535706
,,
mp-9503,37,44.61798859
,,
mp-13156,117,106.7544632
,,
mp-1008226,200,167.3764954
,,
mp-1681,50,37.24452209
,,
mp-865119,41,38.13071823
,,
mp-13496,143,135.2592773
,,
mp-29153,152,147.3568268
,,
mp-22412,41,45.99155426
,,
mp-10636,25,35.62004852
,,
mp-31153,90,81.27900696
,,
mp-31468,70,45.49374771
,,
mp-22044,88,83.50083923
,,
mp-865800,44,35.39545441
,,
mp-865044,166,156.0261688
,,
mp-861499,82,71.36010742
,,
mp-11452,229,235.1831512
,,
mp-28480,26,53.52541351
,,
mp-12599,51,54.24406433
,,
mp-862849,87,91.38114166
,,
mp-976588,54,58.26929092
,,
mp-2478,175,164.632843
,,
mp-569610,5,2.85622406
,,
mp-12736,199,171.9893951
,,
mp-571428,192,182.5602112
,,
mp-865255,184,187.9761353
,,
mp-6927,193,182.4443054
,,
mp-867923,148,154.6201324
,,
mp-7572,70,61.61963272
,,
mp-4200,150,140.969223
,,
mp-22739,51,55.72602844
,,
mp-2786,27,21.57107544
,,
mp-4953,52,43.58553314
,,
mp-865531,157,164.7833557
,,
mp-753371,34,29.87984467
,,
mp-22556,44,40.63618851
,,
mp-962074,83,65.78919983
,,
mp-22510,136,144.7276917
,,
mp-22811,53,36.80295181
,,
mp-21003,124,149.3483276
,,
mp-867873,54,49.97024918
,,
mp-30433,60,44.58244324
,,
mp-10728,136,144.0880127
,,
mp-862990,62,50.40743256
,,
mp-865604,17,22.77709961
,,
mp-569558,118,136.823349
,,
mp-978624,73,74.45284271
,,
mp-865600,111,107.9444427
,,
mp-13051,31,26.15733337
,,
mp-867143,61,65.92403412
,,
mp-561664,11,3.480735779
,,
mp-11229,65,56.20700836
,,
mp-756134,143,150.4801941
,,
mp-977143,103,101.2841339
,,
mvc-11730,205,187.2513733
,,
mp-690542,58,82.18643951
,,
mp-9010,14,12.94246674
,,
mp-755323,65,80.28435516
,,
mp-1683,16,35.2844696
,,
mp-961712,71,209.2183075
,,
mp-555296,103,159.4092712
,,
mp-865987,56,54.97408295
,,
mp-11607,252,191.6415863
,,
mp-865353,3,2.198974609
,,
mvc-13900,120,165.1170197
,,
mp-567220,124,115.6069794
,,
mp-12058,158,160.742218
,,
mp-20889,52,118.7322693
,,
mp-22925,20,10.57881165
,,
mp-861932,91,82.22904968
,,
mp-672299,86,87.07322693
,,
mp-999484,29,60.43062973
,,
mp-613523,180,206.5840454
,,
mp-12072,109,143.1421051
,,
mp-1018026,44,52.88631058
,,
mp-983590,155,166.3565979
,,
mp-998418,74,81.78294373
,,
mp-862902,35,37.31403351
,,
mp-19717,40,31.18891144
,,
mp-631383,151,221.673645
,,
mp-1016903,182,160.649231
,,
mp-4385,91,73.06815338
,,
mp-972071,189,228.3736725
,,
mp-828,215,199.5838013
,,
mp-975347,144,162.7175293
,,
mp-862862,106,99.44969177
,,
mp-977128,172,186.5820618
,,
mp-19948,97,130.4121399
,,
mp-1025346,144,144.5610046
,,
mp-22889,7,13.41252136
,,
mp-978881,59,56.89699173
,,
mp-866051,179,187.8023987
,,
mp-865933,295,191.052887
,,
mp-981214,31,21.45301056
,,
mp-625150,78,102.6984482
,,
mp-1009538,178,164.8427734
,,
mp-557373,16,43.09496689
,,
mp-1025182,60,63.4565239
,,
mp-1029269,138,144.757843
,,
mp-999388,216,250.6298676
,,
mp-999188,208,208.9683228
,,
mp-1018150,18,22.39645386
,,
mp-985300,37,42.44958115
,,
mp-1475,141,145.4486694
,,
mp-865878,177,178.9523926
,,
mp-6962,64,61.92502213
,,
mp-8939,221,209.397583
,,
mp-945,213,247.3365479
,,
mp-1748,81,78.67771912
,,
mp-1008826,390,375.4386597
,,
mp-1937,40,51.81937027
,,
mp-20227,47,50.81015015
,,
mp-975292,159,150.3222504
,,
mp-570837,34,80.85047913
,,
mp-997085,126,77.59960175
,,
mp-18427,161,162.7308502
,,
mvc-14334,80,64.2300415
,,
mp-10729,155,91.30381775
,,
mp-7599,171,137.3908386
,,
mp-8291,49,39.35273743
,,
mp-7921,32,56.25767517
,,
mp-980059,105,102.7489548
,,
mp-21399,84,76.09738922
,,
mp-2173,38,45.27383804
,,
mp-567771,152,156.7112427
,,
mp-863704,45,46.74097824
,,
mp-777595,49,40.65238953
,,
mp-10092,40,48.4799614
,,
mp-961689,72,98.57215118
,,
mp-989544,52,15.06113434
,,
mp-30796,48,150.5786743
,,
mp-1025379,162,158.8243256
,,
mp-972048,69,101.8063736
,,
mp-10165,16,18.33100891
,,
mp-864935,112,110.9849091
,,
mp-11107,103,99.1499176
,,
mp-780880,32,44.88559341
,,
mp-557233,45,67.16503906
,,
mp-864670,247,246.0316162
,,
mp-10054,116,109.5749435
,,
mp-22306,123,112.4281158
,,
mp-29621,23,24.76856232
,,
mp-1029566,111,76.92008972
,,
mp-14105,100,67.09176636
,,
mp-20832,24,19.63596344
,,
mp-30427,32,33.5908432
,,
mp-1008926,35,27.42996979
,,
mp-642855,23,47.52407455
,,
mp-1102,179,174.398941
,,
mp-982388,39,40.10041428
,,
mp-1018786,31,34.16119385
,,
mp-41219,104,117.1733704
,,
mp-1018067,184,196.5396576
,,
mp-567617,213,229.4133759
,,
mp-626680,44,85.63967896
,,
mp-776952,47,35.17372894
,,
mp-1008528,151,123.6908493
,,
mp-1147,171,182.0449524
,,
mp-984791,45,39.70132065
,,
mp-30337,124,107.6714935
,,
mp-3163,134,118.2826691
,,
mp-866227,82,80.72338104
,,
mp-762,21,52.04460526
,,
mp-81,137,153.7287445
,,
mp-28692,16,17.40771484
,,
mp-13682,22,38.01729965
,,
mp-28593,36,37.033535
,,
mp-7482,51,37.1757431
,,
mp-31160,46,46.70217896
,,
mp-5782,63,44.48789978
,,
mp-568516,32,3.847351074
,,
mp-19816,45,41.25275421
,,
mp-3032,17,16.4691925
,,
mp-13649,34,22.77365112
,,
mp-1024994,101,109.3984528
,,
mp-982393,54,53.42950821
,,
mp-28945,105,67.39292908
,,
mp-1025168,19,-4.036705017
,,
mp-981530,72,69.08286285
,,
mp-11235,45,45.43572998
,,
mp-1431,210,189.2841949
,,
mp-676117,41,54.07862473
,,
mp-1025571,19,64.43489075
,,
mp-622209,113,102.8072662
,,
mp-2935,42,54.54244232
,,
mp-374,252,284.9997559
,,
mp-546,158,146.5707703
,,
mp-1009834,155,161.0589142
,,
mp-30877,13,49.14891815
,,
mp-15776,37,26.23806
,,
mp-3821,26,39.95868683
,,
mp-9247,57,47.69088745
,,
mp-974400,31,-32.23414612
,,
mp-11816,26,32.98345947
,,
mp-20363,98,101.4181061
,,
mp-865048,225,206.9866486
,,
mp-19331,175,147.2643127
,,
mp-2857,200,158.4263
,,
mp-16732,100,65.32368469
,,
mp-989513,102,123.3848953
,,
mp-1023936,9,32.67362976
,,
mp-8843,68,60.92260742
,,
mp-865982,102,103.631218
,,
mp-867107,286,273.980011
,,
mp-29950,14,1.344573975
,,
mp-1018124,157,164.2762451
,,
mp-634105,10,1.514602661
,,
mp-1007992,196,213.1355591
,,
mp-16522,112,92.32106781
,,
mp-22919,32,6.291595459
,,
mp-30836,214,212.4906464
,,
mp-753459,214,185.3936768
,,
mp-11984,54,46.89710999
,,
mp-11752,61,65.75534058
,,
mp-20481,133,123.923317
,,
mp-5486,93,82.62072754
,,
mp-1025473,45,46.55108643
,,
mp-9486,26,42.26071167
,,
mp-973983,173,184.7279663
,,
mp-5878,69,56.98034286
,,
mp-28567,72,46.20332718
,,
mp-11274,171,168.2926331
,,
mp-20067,65,60.59545898
,,
mp-428,36,27.33081818
,,
mp-11507,223,212.5372467
,,
mp-30571,21,104.6309128
,,
mp-9351,107,89.55718231
,,
mp-1201,18,39.31779099
,,
mp-34139,153,123.8604965
,,
mp-4730,32,22.20920563
,,
mp-11658,55,41.38457489
,,
mp-985059,27,27.69511414
,,
mp-999303,212,222.9197388
,,
mp-999357,247,279.0002441
,,
mp-4250,124,132.3143158
,,
mp-9577,50,47.59641647
,,
mp-865299,134,133.6044617
,,
mp-961670,125,177.8339691
,,
mp-1009213,37,33.16333008
,,
mp-864651,225,218.642334
,,
mp-973767,54,44.21577835
,,
mp-1008785,281,249.0850983
,,
mp-1076,137,107.82267
,,
mp-1580,305,266.4232483
,,
mp-569752,123,168.0629883
,,
mp-20320,20,25.19565582
,,
mp-11947,69,70.57304382
,,
mp-2385,242,264.5102539
,,
mp-1025437,98,87.34776306
,,
mp-6204,19,33.60902405
,,
mp-867875,4,16.43156433
,,
mp-568901,196,224.8255463
,,
mp-542103,197,177.8580933
,,
mp-20503,61,66.56555939
,,
mp-30560,134,136.4520264
,,
mp-7542,47,56.6934967
,,
mp-4305,108,112.2928238
,,
mp-865138,196,191.3228455
,,
mp-27276,199,186.7198181
,,
mp-10015,295,257.2009888
,,
mp-865768,206,216.9953003
,,
mp-867317,141,150.372345
,,
mp-570454,237,266.2014771
,,
mp-2466,104,101.4837494
,,
mp-1029458,152,138.4130249
,,
mp-1234,82,71.83438873
,,
mp-10654,52,54.25564957
,,
mp-865602,55,47.69201279
,,
mp-1006883,192,180.7333984
,,
mp-864990,236,211.1923828
,,
mp-11917,185,171.4553986
,,
mp-545598,109,115.8228683
,,
mp-18793,148,101.3330612
,,
mp-9371,72,115.5179214
,,
mp-6950,27,35.25424194
,,
mp-4367,37,133.7533264
,,
mp-1039447,23,24.42314911
,,
mp-3437,135,123.2402649
,,
mp-973443,130,221.3131714
,,
mp-754008,79,69.24217224
,,
mp-9562,54,50.32647324
,,
mp-790,184,182.7324829
,,
mp-863076,76,81.03320313
,,
mp-973626,40,52.7216568
,,
mp-541014,8,2.154678345
,,
mp-7829,209,214.660614
,,
mp-866005,56,60.808918
,,
mp-978862,150,164.7994843
,,
mp-866125,172,197.5032349
,,
mp-568002,4,-0.225776672
,,
mp-1018009,51,40.25145721
,,
mp-975394,187,118.0968246
,,
mp-13501,173,185.3465118
,,
mp-976239,26,24.87583923
,,
mp-984627,68,57.88050461
,,
mp-976341,54,50.51609802
,,
mp-7543,66,40.06314468
,,
mp-1016842,144,168.5765228
,,
mp-867829,179,162.7093353
,,
mp-20145,185,173.4082947
,,
mp-973353,201,182.7690735
,,
mp-571651,105,99.5414505
,,
mp-22498,62,63.38472366
,,
mp-24409,13,3.781272888
,,
mp-754678,166,147.352951
,,
mp-982261,8,21.43776703
,,
mp-12527,21,48.94199753
,,
mp-20119,164,41.250103
,,
mp-6951,68,25.69828033
,,
mp-604321,3,-1.689880371
,,
mp-983359,86,77.88134766
,,
mp-978501,97,95.38092041
,,
mp-996987,80,82.95014191
,,
mp-571071,185,175.6497498
,,
mp-11342,14,18.02458191
,,
mp-862364,155,147.3337708
,,
mp-9912,55,42.15570068
,,
mp-34857,17,18.20210266
,,
mp-961684,49,16.47429657
,,
mp-977582,174,163.0014648
,,
mp-21289,96,114.2436066
,,
mp-5986,104,127.3236771
,,
mp-1994,251,240.9061127
,,
mp-977428,68,62.24823761
,,
mp-989405,16,19.16342163
,,
mp-865185,76,68.61233521
,,
mp-16370,77,88.16598511
,,
mp-1018154,99,123.4106293
,,
mp-28250,23,13.2559433
,,
mp-11237,82,83.46109009
,,
mp-2247,16,73.41394806
,,
mp-12884,76,86.16330719
,,
mp-1263,250,245.0174713
,,
mp-867356,314,297.2735291
,,
mp-10597,88,82.86108398
,,
mp-997037,119,108.8351288
,,
mp-675271,12,17.90400696
,,
mp-1500,41,25.9189682
,,
mp-20025,32,31.20891571
,,
mp-22229,90,97.53978729
,,
mp-567841,92,95.74625397
,,
mp-567655,45,26.76771545
,,
mp-8145,95,104.6622696
,,
mp-985551,40,43.36218262
,,
mp-5618,104,82.06916809
,,
mp-1013527,72,53.87669373
,,
mp-995191,23,93.37960052
,,
mp-30465,94,94.65292358
,,
mp-2749,124,132.4115906
,,
mp-22287,224,219.8408508
,,
mp-1017511,245,250.5354767
,,
mp-7080,79,77.42385101
,,
mp-10312,155,158.5228882
,,
mp-636698,49,84.29971313
,,
mp-8132,22,32.94542694
,,
mp-20027,180,146.9614258
,,
mp-7473,104,100.9352264
,,
mp-760492,55,68.62211609
,,
mp-1933,116,123.2023163
,,
mp-3301,126,143.1382446
,,
mp-631495,17,33.46780396
,,
mp-1077,286,294.0082703
,,
mp-31469,118,128.0622711
,,
mp-753712,45,47.33602524
,,
mp-2364,203,203.703186
,,
mp-5022,149,147.3148651
,,
mp-2317,135,129.2220001
,,
mp-505297,168,175.2330933
,,
mp-1018718,246,288.6888123
,,
mp-1342,68,49.08111572
,,
mp-1018636,131,142.4008331
,,
mp-1352,247,201.7552795
,,
mp-7955,28,19.50338745
,,
mp-19740,101,103.4804611
,,
mp-863727,154,152.0385132
,,
mp-580357,146,143.4035187
,,
mp-13450,101,101.0148087
,,
mp-631299,125,179.6182251
,,
mp-19876,103,106.6969299
,,
mp-998554,32,11.89767456
,,
mp-8249,12,0.020729065
,,
mp-976283,239,176.5644836
,,
mp-1025393,121,117.7719345
,,
mp-1848,124,78.07762909
,,
mp-975793,53,56.46418381
,,
mp-28273,28,20.19270325
,,
mp-3102,43,33.19504547
,,
mp-2577,114,236.658371
,,
mp-865168,138,159.9789734
,,
mp-1571,103,122.7406158
,,
mp-6174,122,89.31352234
,,
mp-864733,3,-7.237632751
,,
mp-867263,67,61.26422501
,,
mp-7275,51,37.84540176
,,
mp-20466,135,124.2822342
,,
mp-865592,87,85.3968811
,,
mp-997616,38,32.9921875
,,
mp-2316,47,64.41710663
,,
mp-974616,223,237.371994
,,
mp-30245,48,71.088974
,,
mp-1798,38,28.04290009
,,
mp-776911,115,73.99357605
,,
mp-569661,87,90.20921326
,,
mp-636368,102,102.0049667
,,
mp-976751,39,36.79013443
,,
mp-982017,53,57.75119019
,,
mp-30840,157,160.310318
,,
mp-1925,131,127.3103104
,,
mp-4531,27,27.05675507
,,
mp-19412,72,51.65343094
,,
mp-2558,44,32.90710449
,,
mp-4441,78,64.91537476
,,
mvc-5816,143,164.5999603
,,
mp-1025356,185,200.277359
,,
mp-862980,66,63.59326172
,,
mp-975312,93,34.39179993
,,
mp-19764,36,44.80392456
,,
mp-1009014,110,83.51716614
,,
mp-999197,156,158.1041565
,,
mp-16033,72,73.20437622
,,
mp-23154,4,-1.170722961
,,
mp-567967,2,7.386993408
,,
mp-31455,164,165.2997589
,,
mp-1017552,117,67.35752869
,,
mp-13,182,167.3564148
,,
mp-17783,57,48.42492294
,,
mp-1018079,80,69.22846222
,,
mp-866107,77,101.7729721
,,
mp-5213,57,40.04215622
,,
mp-631543,35,84.362854
,,
mp-14549,178,147.1027527
,,
mp-567278,148,159.8769226
,,
mp-1025267,16,9.422775269
,,
mp-865282,97,102.0401917
,,
mp-866376,195,185.1987305
,,
mp-10872,139,136.0296326
,,
mp-30083,34,51.93507004
,,
mp-979436,203,219.0911255
,,
mp-733,38,47.50848389
,,
mp-3433,123,120.8312988
,,
mp-865869,171,169.5722656
,,
mp-684709,96,105.0153503
,,
mp-972021,73,123.8325806
,,
mp-510380,160,148.9687653
,,
mp-542112,209,144.3717804
,,
mp-1009894,135,130.1009674
,,
mp-38605,18,24.14759827
,,
mp-865896,53,42.10033417
,,
mp-631572,89,119.6439667
,,
mp-1025517,137,165.3425903
,,
mp-865730,135,131.997467
,,
mp-1018012,220,188.2292786
,,
mp-1179,147,144.6419067
,,
mp-864962,41,31.63356018
,,
mp-622990,143,160.3655853
,,
mp-1903,51,39.89938736
,,
mp-865096,35,41.59935379
,,
mp-11719,18,8.438156128
,,
mp-753,48,50.84144974
,,
mp-1023127,93,78.95755768
,,
mp-571262,123,105.0997009
,,
mp-977138,193,166.9052734
,,
mp-582034,213,204.6098938
,,
mp-13868,35,46.21767044
,,
mp-11469,56,46.94762039
,,
mp-4454,227,175.0426178
,,
mp-675766,21,19.4641571
,,
mp-866082,90,74.78662872
,,
mp-754588,123,146.065155
,,
mp-1025309,165,221.3900757
,,
mp-36775,89,90.23822784
,,
mp-37214,84,155.1674042
,,
mp-16250,103,154.8222656
,,
mp-1009831,355,318.5151367
,,
mp-1025285,121,145.2926941
,,
mp-27689,13,7.024459839
,,
mp-1029457,98,88.17656708
,,
mp-10856,178,202.1447906
,,
mp-30004,18,14.4627533
,,
mp-863671,81,80.28092957
,,
mp-21340,177,180.3670349
,,
mp-972954,43,33.55791473
,,
mp-18728,120,125.2732391
,,
mp-19871,76,93.15135193
,,
mp-1025192,296,263.1056519
,,
mp-865780,160,159.5254822
,,
mp-20279,44,41.04922104
,,
mp-29208,35,29.08818054
,,
mp-560588,69,60.57826233
,,
mp-1269,91,80.8633728
,,
mp-8373,65,44.87015533
,,
mp-2011,96,94.14996338
,,
mp-36779,51,76.46452332
,,
mp-862259,64,59.88802719
,,
mp-30338,49,69.21363831
,,
mp-2931,110,96.62839508
,,
mp-3838,71,74.56581116
,,
mp-11277,108,121.9200287
,,
mp-1016881,165,168.9894714
,,
mp-4559,45,51.17655182
,,
mp-7421,31,16.55847931
,,
mp-768,77,74.57876587
,,
mp-962063,86,53.85484314
,,
mp-28395,199,188.8542328
,,
mp-568747,40,30.45761108
,,
mp-615314,201,189.4910889
,,
mp-865433,74,63.58555984
,,
mp-23260,15,7.247406006
,,
mp-9951,180,187.2886963
,,
mp-20112,164,171.905304
,,
mp-2333,115,121.8375244
,,
mp-21194,79,104.8170471
,,
mp-867130,35,35.82318878
,,
mp-862563,108,106.6806717
,,
mp-1018628,145,165.0990753
,,
mp-865162,161,156.203064
,,
mp-974430,371,353.7993774
,,
mp-3349,140,153.2876434
,,
mp-1894,385,383.2097168
,,
mp-345,175,174.6080627
,,
mp-1672,57,49.13842392
,,
mp-975368,24,11.95841217
,,
mp-25469,9,24.05797577
,,
mp-12972,119,114.0752029
,,
mp-979294,112,128.4712372
,,
mp-24201,79,77.91194153
,,
mp-19765,20,24.16706848
,,
mp-2507,16,27.54203033
,,
mp-669,87,86.48248291
,,
mp-755544,104,116.2577438
,,
mp-984772,44,51.25931549
,,
mp-979263,49,42.77778244
,,
mp-1029442,122,118.2767181
,,
mp-7463,123,124.3654556
,,
mp-998323,21,24.45831299
,,
mp-15885,42,40.48555756
,,
mp-21765,97,64.49349976
,,
mp-23856,14,29.77983856
,,
mp-18765,59,55.23225403
,,
mp-21035,97,89.30322266
,,
mp-979967,29,42.1652298
,,
mp-20521,140,131.8211517
,,
mp-10598,77,74.4076767
,,
mp-989642,88,24.31787872
,,
mp-754352,50,38.43232346
,,
mp-545999,86,98.81176758
,,
mp-3955,29,35.61466217
,,
mp-1025274,45,75.42002869
,,
mvc-3525,49,67.27944946
,,
mp-8037,111,89.83005524
,,
mp-643265,6,19.16327667
,,
mp-867348,58,54.17168427
,,
mp-865789,56,56.0764389
,,
mp-865496,320,307.4604492
,,
mp-570960,274,285.4701233
,,
mp-865011,190,190.8825073
,,
mp-1326,164,160.0485687
,,
mp-1025377,20,0.759063721
,,
mp-979422,78,92.7119751
,,
mp-556536,45,49.56182098
,,
mp-21345,64,56.46331024
,,
mp-764648,142,133.0173492
,,
mp-541840,116,139.6973572
,,
mp-1008642,195,206.3399353
,,
mp-631502,124,138.0160675
,,
mvc-11226,456,168.2445679
,,
mp-23712,61,64.66921997
,,
mp-569017,6,-0.076400757
,,
mp-9523,39,50.75762558
,,
mp-24834,22,28.52416229
,,
mp-568446,79,82.31965637
,,
mp-631479,61,49.79764175
,,
mp-1674,72,53.97845459
,,
mp-978100,51,52.25215912
,,
mp-27897,29,31.02571106
,,
mp-4051,9,35.40272522
,,
mp-3210,101,104.2430954
,,
mp-9437,166,148.2086487
,,
mp-4488,78,63.72299957
,,
mp-862983,6,8.952766418
,,
mp-997098,155,136.7148285
,,
mp-10527,84,81.11154175
,,
mp-12961,93,86.28327942
,,
mp-22792,84,68.85410309
,,
mp-866285,149,151.5572052
,,
mp-863739,125,122.0397568
,,
mp-569007,47,45.61151505
,,
mp-30242,79,102.1870728
,,
mp-27512,112,87.86585236
,,
mp-3637,131,143.5604248
,,
mp-815,180,179.1686707
,,
mp-975439,165,194.1452026
,,
mp-23210,10,16.19015503
,,
mp-631404,154,225.0678711
,,
mp-556094,36,17.84385681
,,
mp-21007,104,95.17034149
,,
mp-1023924,12,37.58935547
,,
mp-5175,90,93.67243958
,,
mp-19726,79,71.99380493
,,
mp-981935,17,23.0440979
,,
mp-1008610,172,193.0747681
,,
mp-982385,74,115.2439804
,,
mp-4697,69,35.2117157
,,
mp-1565,235,201.8101196
,,
mp-10497,46,59.3035965
,,
mp-27226,93,117.5800552
,,
mp-980053,65,54.29872894
,,
mp-567551,214,204.6017761
,,
mp-570690,213,204.651535
,,
mp-631473,52,53.38371658
,,
mp-1943,13,18.03627777
,,
mp-973834,142,145.7472382
,,
mp-865536,127,124.9302444
,,
mp-1222,196,185.7993317
,,
mp-30875,115,124.6419373
,,
mp-126,247,239.6041107
,,
mp-632219,113,85.40289307
,,
mp-862549,35,44.7274704
,,
mp-21276,52,37.42852783
,,
mp-505825,33,22.92736816
,,
mp-864742,31,16.72563171
,,
mp-9208,280,299.1946411
,,
mp-551,42,35.67716217
,,
mp-613327,319,335.9171753
,,
mp-10784,36,36.19910431
,,
mp-8277,53,34.21059418
,,
mp-864758,24,5.616783142
,,
mp-862887,97,88.30568695
,,
mp-27393,20,86.42488098
,,
mp-972692,43,69.40373993
,,
mp-30477,33,26.4907074
,,
mp-3998,120,161.4388123
,,
mvc-3672,125,121.4599152
,,
mp-984523,4,-5.752807617
,,
mp-31458,141,158.9217834
,,
mp-7104,117,41.17108917
,,
mp-570155,273,230.4098663
,,
mp-1584,166,200.1754761
,,
mp-12015,50,49.74226761
,,
mp-10187,176,118.8669739
,,
mp-22633,40,69.2883606
,,
mp-567712,74,81.56161499
,,
mp-19127,161,164.5487061
,,
mp-10132,297,301.5691833
,,
mp-11190,175,179.6816101
,,
mp-570771,38,35.31933594
,,
mp-982070,262,278.7631226
,,
mp-5784,53,45.72568893
,,
mp-976122,79,42.78557968
,,
mp-977425,258,251.8459473
,,
mp-1553,135,146.4391937
,,
mp-2130,109,128.4171448
,,
mp-3385,105,90.09323883
,,
mp-8267,9,0.421195984
,,
mp-961706,165,171.9405212
,,
mp-2097,32,72.75802612
,,
mp-761034,241,227.8795013
,,
mp-37657,95,93.88621521
,,
mp-3498,165,168.2883606
,,
mp-862431,124,124.2140198
,,
mp-865460,20,46.29032898
,,
mp-754165,179,154.6531372
,,
mp-979270,101,96.60910034
,,
mp-5836,170,138.8749847
,,
mp-28980,12,9.204742432
,,
mp-631323,191,93.1942215
,,
mp-11620,11,113.1340637
,,
mp-20438,75,103.5332413
,,
mp-811,148,165.3404236
,,
mp-1649,180,176.875885
,,
mp-541037,20,23.44926453
,,
mp-1029726,82,76.72324371
,,
mp-19904,137,140.5415344
,,
mp-13132,118,122.1755524
,,
mp-973535,25,1.059547424
,,
mp-496,58,47.72413254
,,
mp-3595,66,62.7869339
,,
mp-1429,144,128.085907
,,
mp-1025224,84,59.88730621
,,
mp-23072,16,20.17987061
,,
mp-1014316,185,268.7288208
,,
mp-865262,180,195.6174927
,,
mp-29145,8,11.39227295
,,
mp-1811,65,36.22380829
,,
mp-4262,141,159.286499
,,
mp-16506,39,30.82498169
,,
mp-20695,97,105.4722519
,,
mp-570910,19,23.63568115
,,
mp-1017629,139,94.32115173
,,
mp-567996,191,182.8181458
,,
mp-867267,79,74.80731201
,,
mp-11313,77,78.50595093
,,
mp-971922,67,63.93385696
,,
mp-29771,78,83.66166687
,,
mp-1029633,95,79.30384827
,,
mp-8306,33,39.23339462
,,
mp-753541,43,51.80109024
,,
mp-1028698,18,32.36791229
,,
mp-861876,39,44.00122833
,,
mp-23870,22,11.30016327
,,
mp-15964,114,119.2595596
,,
mp-7142,384,410.0655518
,,
mp-669546,150,132.832428
,,
mp-9391,18,66.63371277
,,
mp-755472,88,76.62065125
,,
mp-696114,11,24.56898499
,,
mp-775331,134,122.3382111
,,
mp-21873,113,107.5830841
,,
mp-1018851,247,292.5959473
,,
mp-570886,2,8.574783325
,,
mp-953,119,133.3383331
,,
mp-29898,18,69.9901886
,,
mp-27827,11,9.582397461
,,
mp-862938,57,47.29916
,,
mp-1011376,54,59.25485229
,,
mp-11113,83,65.96466064
,,
mp-705519,169,156.0973511
,,
mp-1869,149,144.4300537
,,
mp-867353,97,97.93634033
,,
mp-1014462,32,22.74047852
,,
mp-567695,219,156.3720398
,,
mp-3103,216,225.4112396
,,
mp-1208,82,74.58885193
,,
mp-1021667,150,87.0186615
,,
mp-866140,164,146.9552002
,,
mp-16115,128,114.0102844
,,
mp-1008928,79,44.23090363
,,
mp-20590,76,45.17471313
,,
mp-20563,69,62.0515213
,,
mp-27478,40,56.27576828
,,
mp-998899,142,146.0345306
,,
mp-30457,78,77.01324463
,,
mp-3534,23,40.09550095
,,
mp-1021668,37,64.22921753
,,
mp-19009,204,154.675827
,,
mp-862864,107,105.1957321
,,
mp-30347,83,82.24685669
,,
mp-865563,105,112.5623398
,,
mp-30406,67,39.22302246
,,
mp-2716,152,163.956543
,,
mp-557266,40,44.46998215
,,
mvc-7194,77,100.9079742
,,
mp-13094,91,89.05596161
,,
mp-1211,67,65.87509918
,,
mp-1009017,63,56.05286026
,,
mp-566131,33,43.5684166
,,
mp-941221,16,57.66934204
,,
mp-616378,16,6.911689758
,,
mp-978009,193,203.1832581
,,
mp-68,35,35.55160522
,,
mp-2700,63,54.08411407
,,
mp-2676,168,175.7523804
,,
mp-862884,69,66.43234253
,,
mp-754823,91,111.3118286
,,
mp-5268,98,137.8495636
,,
mp-22483,28,30.66539001
,,
mp-974842,158,123.7310791
,,
mp-863715,103,112.7908783
,,
mp-29484,15,11.67131805
,,
mp-761036,54,40.90395737
,,
mp-37381,131,129.0147858
,,
mp-999470,41,46.18703079
,,
mp-867881,142,134.7500153
,,
mp-580236,25,24.93377686
,,
mp-685036,146,164.3410797
,,
mp-631482,128,157.2593384
,,
mp-30365,148,141.3553619
,,
mp-18778,92,66.04753113
,,
mp-5260,122,124.2910156
,,
mp-867820,129,106.3416595
,,
mp-8487,82,70.63188171
,,
mp-7962,68,71.24565887
,,
mp-983430,212,180.04599
,,
mp-11734,159,154.5378571
,,
mp-37153,32,23.98747253
,,
mp-12778,284,287.7521973
,,
mp-1029595,41,38.79198074
,,
mp-553310,29,31.95059204
,,
mp-972244,70,66.06178284
,,
mp-1018020,72,52.8422966
,,
mp-754483,29,51.0737648
,,
mp-556424,65,54.05639267
,,
mp-984552,136,183.0983276
,,
mp-862369,157,147.6869202
,,
mp-919,65,59.57862473
,,
mp-5503,158,183.7071533
,,
mp-1017581,125,126.1233673
,,
mp-1986,127,78.68647766
,,
mp-865577,37,40.79117203
,,
mp-1358,191,182.4155426
,,
mp-4478,84,74.82312012
,,
mp-758594,175,166.4199524
,,
mp-2349,56,55.3319397
,,
mp-890,180,157.5546265
,,
mp-989613,168,169.3124084
,,
mp-5933,140,130.4865112
,,
mp-2693,50,33.20736694
,,
mp-979038,70,83.57846069
,,
mp-865899,157,192.9228516
,,
mp-2611,36,27.56560516
,,
mp-17481,149,151.9738922
,,
mp-30091,209,175.6407776
,,
mp-14038,68,34.23603058
,,
mp-865929,137,123.4176483
,,
mp-867171,32,26.1002655
,,
mp-864943,220,195.8432922
,,
mp-19006,143,113.8768692
,,
mp-672287,32,24.42539215
,,
mp-866177,91,93.54984283
,,
mp-979258,69,64.58177948
,,
mp-865006,51,53.23326874
,,
mp-998913,14,9.509811401
,,
mp-972205,241,271.9136658
,,
mp-19260,69,85.6294632
,,
mp-603347,103,172.1569824
,,
mp-997004,119,90.7024231
,,
mp-1018161,85,110.609848
,,
mp-28270,17,14.55391693
,,
mp-7947,186,160.7016449
,,
mp-982873,18,0.137664795
,,
mp-542065,70,55.69714355
,,
mp-1018643,192,138.1472168
,,
mp-867255,83,70.87136841
,,
mp-10498,157,121.7870941
,,
mp-540572,2,3.362068176
,,
mp-3732,180,160.1072998
,,
mp-10903,186,177.3798828
,,
mp-2548,66,95.08763123
,,
mp-11562,188,176.1000061
,,
mp-21409,11,38.10345459
,,
mp-772,87,91.1292038
,,
mp-11555,175,180.901886
,,
mp-999390,167,262.5888062
,,
mp-972653,51,56.98057556
,,
mp-30738,243,227.3130188
,,
mp-866109,192,204.135788
,,
mp-20465,107,92.29521179
,,
mp-989545,19,15.62167358
,,
mp-861953,193,183.5223694
,,
mp-1334,61,84.86985779
,,
mp-545481,21,35.3553009
,,
mp-31116,154,151.5308228
,,
mp-23004,13,15.29322052
,,
mp-4471,206,189.2145386
,,
mp-11364,128,130.5555878
,,
mp-510198,131,119.5233154
,,
mp-1690,17,19.93704224
,,
mp-2163,120,112.8783798
,,
mp-581733,120,116.3858337
,,
mp-862903,68,68.14474487
,,
mp-1529,139,133.2706909
,,
mp-8338,102,65.94952393
,,
mp-972156,42,37.47476578
,,
mp-9487,102,144.5266724
,,
mp-1021323,125,154.8503418
,,
mp-631508,102,158.3261414
,,
mp-867838,77,78.98486328
,,
mp-16516,83,96.47027588
,,
mp-6754,195,164.2496338
,,
mp-18717,195,166.7125854
,,
mp-17862,65,52.20721436
,,
mp-989535,111,28.35973358
,,
mp-677335,27,40.50121689
,,
mp-19836,40,43.44012833
,,
mp-11302,53,59.00491714
,,
mp-16726,42,42.00767517
,,
mp-972,36,46.89639282
,,
mp-8020,187,177.7835236
,,
mp-866228,49,50.11032486
,,
mp-11513,209,210.0310211
,,
mp-978564,49,56.41305161
,,
mp-973343,34,31.2649765
,,
mp-976414,18,21.26579285
,,
mp-27367,7,-8.973228455
,,
mp-22320,201,213.5332031
,,
mp-8110,205,150.4929047
,,
mp-571467,38,24.01491547
,,
mp-644751,303,341.1322021
,,
mp-12814,27,24.30110931
,,
mp-7725,70,74.64215088
,,
mp-971701,101,54.38814163
,,
mp-608366,13,66.20858765
,,
mp-631536,160,149.0443115
,,
mp-13085,169,140.2902374
,,
mp-27757,138,144.5025787
,,
mp-11573,207,203.7062683
,,
mp-20757,114,129.4653931
,,
mp-1029522,75,65.60133362
,,
mp-550008,124,177.3040009
,,
mp-975207,58,62.35904312
,,
mp-15777,28,24.95544434
,,
mp-22866,53,49.42885971
,,
mp-3605,149,125.7421417
,,
mp-755435,77,86.84165192
,,
mp-21076,150,153.8800507
,,
mp-571343,41,35.01228333
,,
mp-867133,106,101.3139343
,,
mp-1009878,191,223.8109741
,,
mp-135,14,9.382423401
,,
mp-4913,125,102.4313507
,,
mp-22894,25,10.81938171
,,
mp-973875,53,48.4136467
,,
mp-22639,190,146.9627838
,,
mp-1007821,189,173.1462708
,,
mp-28145,11,15.54468536
,,
mp-146,179,192.29599
,,
mp-866154,241,230.674881
,,
mp-676290,28,7.445625305
,,
mp-5491,120,126.9541092
,,
mp-8161,74,66.67975616
,,
mp-752463,178,148.67099
,,
mp-10026,63,57.58700562
,,
mp-24237,97,90.34155273
,,
mp-2731,100,93.38754272
,,
mp-976856,23,11.83547974
,,
mp-9813,27,64.45324707
,,
mp-10485,29,22.78450775
,,
mp-578606,69,96.92153931
,,
mp-12565,129,134.9961853
,,
mp-27438,29,22.34686279
,,
mp-2806,41,36.44597626
,,
mp-977369,63,56.8010025
,,
mp-865608,162,157.4140778
,,
mp-980192,222,259.4402161
,,
mp-553243,66,71.98603821
,,
mp-4628,85,100.8982773
,,
mp-2866,115,89.72261047
,,
mp-631535,207,193.9145508
,,
mp-989579,20,12.81378937
,,
mp-973396,112,95.85163116
,,
mp-2098,198,171.0542145
,,
mp-9056,9,49.49846268
,,
mp-21382,78,90.19430542
,,
mp-10614,43,26.7355423
,,
mp-23558,100,66.72885132
,,
mp-989609,144,163.075592
,,
mp-14208,62,56.57022858
,,
mp-618309,121,80.41079712
,,
mp-30409,114,116.8044739
,,
mp-1025225,100,77.67991638
,,
mp-556953,7,-1.146781921
,,
mp-865995,71,72.77697754
,,
mp-973352,22,77.15733337
,,
mp-556605,190,202.7375183
,,
mp-1008630,358,375.1378784
,,
mp-568095,112,128.3503876
,,
mp-37514,110,108.9694672
,,
mp-865594,101,92.20962524
,,
mp-7931,45,34.48679352
,,
mp-753490,132,136.2783051
,,
mp-865357,112,113.6956253
,,
mp-9615,68,52.38623047
,,
mp-3881,57,51.86220169
,,
mp-995147,378,29.08438873
,,
mp-974452,301,317.7984619
,,
mp-977372,65,56.90711975
,,
mp-567484,8,18.79441833
,,
mp-23056,43,37.89613342
,,
mp-20554,45,19.73329926
,,
mp-1029368,128,117.0580139
,,
mp-22276,118,145.6735535
,,
mp-20552,165,174.9881439
,,
mp-1018088,255,219.0476227
,,
mvc-6281,103,125.0834351
,,
mp-21163,198,204.9954376
,,
mp-8085,57,46.93123627
,,
mp-628,107,118.7719116
,,
mp-10159,14,2.431503296
,,
mp-568411,73,73.05519104
,,
mp-1068,77,57.37506104
,,
mp-3635,60,49.05920029
,,
mp-10255,274,272.3309326
,,
mp-569785,132,134.2076111
,,
mp-972914,84,70.94726563
,,
mp-20147,175,157.7205505
,,
mp-20822,79,95.82874298
,,
mp-6606,171,144.0936279
,,
mp-21090,131,143.8092194
,,
mp-24289,174,128.4527283
,,
mp-20965,45,47.29358292
,,
mp-2580,264,261.4737854
,,
mp-984717,63,188.9816437
,,
mp-4359,96,98.13018799
,,
mp-2567,196,201.4525757
,,
mp-752415,136,121.387413
,,
mp-570578,72,79.16156006
,,
mp-24722,217,182.9512329
,,
mp-4192,60,41.0355835
,,
mp-5505,77,119.5799026
,,
mp-2090,189,183.5384827
,,
mp-862619,51,44.79766846
,,
mp-541487,24,66.34104919
,,
mp-982558,138,168.0887146
,,
mp-1029520,123,122.2238007
,,
mp-27263,21,16.68972778
,,
mp-220,107,119.2430191
,,
mp-27839,12,10.74604034
,,
mp-19946,81,84.10450745
,,
mp-833,94,75.82440948
,,
mp-568931,69,60.55669022
,,
mp-9985,239,243.4336548
,,
mp-4744,83,74.87866974
,,
mp-27848,24,41.13674164
,,
mp-554252,79,40.13062668
,,
mp-867357,284,277.8218384
,,
mp-978833,61,54.78806686
,,
mp-2452,40,33.61580658
,,
mvc-13303,308,279.8847046
,,
mp-553303,17,38.277771
,,
mp-571335,66,47.94152451
,,
mp-450,287,286.2004395
,,
mp-864896,164,154.8297424
,,
mp-864597,34,39.92808151
,,
mp-20083,111,102.0932465
,,
mp-867303,126,139.5764008
,,
mp-22027,80,85.0617981
,,
mp-755959,38,29.25787354
,,
mp-1025331,21,13.12065125
,,
mp-980942,45,36.31285477
,,
mp-20868,259,246.7331848
,,
mp-573316,23,33.00165558
,,
mp-2495,82,78.39933014
,,
mp-445,119,91.34706116
,,
mp-7577,210,188.4955292
,,
mp-17275,112,122.0774307
,,
mp-562102,16,11.91944885
,,
mp-861994,58,61.59212875
,,
mp-571440,14,13.67207336
,,
mp-9399,10,55.09223175
,,
mp-1016882,135,199.7811127
,,
mp-510456,22,44.30290985
,,
mp-20487,44,49.4723587
,,
mp-867195,187,179.959259
,,
mp-486,102,109.2578201
,,
mp-22917,7,44.0341835
,,
mp-1019740,329,260.5200195
,,
mp-3676,100,94.26300049
,,
mp-20485,10,23.24859619
,,
mp-168,83,72.93789673
,,
mp-1024067,30,22.34647369
,,
mp-754826,63,24.95279694
,,
mp-567395,28,20.24276733
,,
mp-19962,93,86.63593292
,,
mp-631320,244,273.3157349
,,
mp-22435,172,168.4186707
,,
mp-5594,159,144.553833
,,
mp-865786,155,177.1314392
,,
mp-28782,24,20.0381546
,,
mp-6586,52,44.30025482
,,
mp-865362,145,134.798584
,,
mp-4828,152,160.4929504
,,
mp-985,76,82.61296082
,,
mp-334,101,103.1828995
,,
mp-8557,96,96.32735443
,,
mp-865402,91,78.30387878
,,
mp-2979,163,142.2715149
,,
mp-179,46,56.53643417
,,
mp-9919,47,35.7061615
,,
mp-9479,15,26.57292938
,,
mp-8281,44,25.33827972
,,
mp-568661,25,15.69120789
,,
mp-30234,8,11.62155151
,,
mp-862623,154,146.9041901
,,
mp-6098,162,163.0686951
,,
mp-1152,230,217.3334808
,,
mp-5498,60,49.04300308
,,
mp-6945,16,82.12941742
,,
mp-1029267,162,147.5710907
,,
mp-4779,41,73.60731506
,,
mp-562100,18,29.97922516
,,
mp-556125,46,43.18209457
,,
mp-569451,128,130.9453888
,,
mp-7851,247,225.0184631
,,
mp-3829,47,22.71044159
,,
mp-978917,58,48.45590591
,,
mp-557772,25,42.67630386
,,
mp-685941,42,32.68340302
,,
mp-8742,112,119.3509979
,,
mp-31182,96,99.99138641
,,
mp-1620,218,211.0112152
,,
mp-1019266,54,41.10281754
,,
mp-867761,132,125.2150574
,,
mp-1330,255,210.1908875
,,
mp-9961,112,144.7934113
,,
mp-11808,152,136.9795227
,,
mp-866134,193,205.8552551
,,
mp-441,30,23.07357788
,,
mp-976411,14,10.32372284
,,
mp-862565,33,21.11222076
,,
mp-862586,297,323.5875244
,,
mp-867193,35,41.71827698
,,
mp-1007961,89,124.2905121
,,
mp-756034,70,78.10075378
,,
mp-989533,129,58.33385086
,,
mp-983586,49,52.44886017
,,
mp-570691,114,117.2370911
,,
mp-23050,63,71.40652466
,,
mp-9925,32,28.03446198
,,
mp-996992,74,71.99315643
,,
mp-2597,84,30.19010162
,,
mp-1013588,98,77.91136169
,,
mp-865050,156,155.6779327
,,
mp-556609,11,2.370735168
,,
mp-1731,133,119.0374298
,,
mp-865029,153,146.5368652
,,
mp-48,122,159.9254913
,,
mp-11230,55,50.74481583
,,
mp-539,31,22.34499359
,,
mp-19417,166,177.1381226
,,
mp-978964,57,58.33476639
,,
mp-973004,206,230.0352478
,,
mp-5692,186,183.4615173
,,
mp-542903,113,143.5369415
,,
mp-5983,130,111.998024
,,
mp-865747,72,65.37469482
,,
mp-20194,177,171.9348602
,,
mp-2395,89,68.60219574
,,
mp-1016884,157,151.439682
,,
mp-631633,123,157.605896
,,
mp-754777,90,69.26351166
,,
mp-568404,31,23.07160187
,,
mp-11582,35,13.29753113
,,
mp-755581,67,77.85922241
,,
mp-22389,89,131.7160339
,,
mp-1039229,24,5.033843994
,,
mp-569567,435,415.6390991
,,
mp-864966,245,229.4865417
,,
mp-985292,179,196.0015869
,,
mp-1009827,18,24.64289856
,,
mp-754553,132,118.9888153
,,
mp-754711,145,140.651825
,,
mp-1016902,55,149.0713959
,,
mp-12910,27,36.25276947
,,
mp-775761,32,16.89500427
,,
mp-173,104,91.39550781
,,
mp-2735,193,170.5942383
,,
mp-8922,114,116.2534714
,,
mp-1029550,94,87.01667786
,,
mp-31059,42,45.35476685
,,
mp-12651,115,132.0625305
,,
mp-21493,99,81.720047
,,
mp-8096,93,62.93932724
,,
mp-7387,27,10.57344818
,,
mp-776475,216,175.5250854
,,
mp-865030,178,185.3748932
,,
mp-569289,10,17.14125824
,,
mp-28306,8,17.58702087
,,
mp-864997,138,126.8462524
,,
mp-610972,127,127.3798218
,,
mp-2634,313,280.6795654
,,
mp-754327,158,141.1387939
,,
mp-2794,233,232.71875
,,
mp-865467,75,60.51576614
,,
mp-31138,151,153.3023987
,,
mp-20181,116,115.6120605
,,
mp-1024954,72,78.82717896
,,
mp-1135,200,202.5220642
,,
mp-865588,93,85.71126556
,,
mp-979962,41,28.89421082
,,
mp-1025354,139,127.6964264
,,
mp-618991,93,91.55847168
,,
mp-20133,280,276.2572632
,,
mp-631515,35,54.48773193
,,
mp-3953,76,58.86140823
,,
mp-20814,180,181.7638245
,,
mp-30358,74,71.42321014
,,
mp-13797,35,40.17460632
,,
mp-973155,88,87.98088837
,,
mp-865916,255,263.0008545
,,
mp-631518,74,69.02238464
,,
mp-568055,120,138.8301392
,,
mp-8578,97,76.99754333
,,
mp-76,12,7.679862976
,,
mp-756132,21,66.92709351
,,
mp-30764,136,124.0094986
,,
mp-977566,97,102.3831863
,,
mp-5238,75,50.85278702
,,
mp-974426,261,295.893219
,,
mp-510488,59,71.12560272
,,
mp-19442,160,151.0731812
,,
mp-1008820,219,247.9252472
,,
mp-861991,145,120.024765
,,
mp-15778,86,77.6319046
,,
mp-7977,69,69.32782745
,,
mp-4593,215,191.7829895
,,
mp-978851,117,136.7636871
,,
mp-7903,21,31.67068481
,,
mp-11233,108,92.88323975
,,
mp-10343,138,127.8075714
,,
mp-979044,92,88.05192566
,,
mp-1513,130,98.98318481
,,
mp-396,48,42.15746307
,,
mp-675283,6,27.7455368
,,
mp-631523,251,228.53685
,,
mp-2301,115,105.187706
,,
mp-865895,211,212.752594
,,
mp-1018683,78,68.26611328
,,
mp-977570,70,61.60578156
,,
mp-12427,151,164.2466431
,,
mp-984553,287,268.9741821
,,
mp-5967,142,132.684433
,,
mp-28884,44,61.57297897
,,
mp-18966,131,131.8983459
,,
mp-977407,150,207.1042175
,,
mp-8289,47,17.45852661
,,
mp-864633,57,51.61139679
,,
mp-568556,209,197.2753601
,,
mp-11472,20,39.98860931
,,
mp-865027,190,168.2509766
,,
mp-1009835,291,295.8927612
,,
mp-11565,178,176.3080139
,,
mp-28683,4,-18.95367432
,,
mp-2672,32,22.86682892
,,
mp-10314,60,49.5342598
,,
mp-16260,83,86.26711273
,,
mp-14827,82,71.84898376
,,
mp-29551,22,2.68422699
,,
mp-31467,149,147.2575989
,,
mp-567912,78,77.58779907
,,
mp-2056,105,89.85431671
,,
mp-999543,70,224.611145
,,
mp-570097,42,27.27534485
,,
mp-22958,15,15.36802673
,,
mp-10674,32,58.09866714
,,
mp-862805,76,73.55293274
,,
mp-605028,34,63.76365662
,,
mp-8789,53,40.63161087
,,
mp-7506,224,214.3470459
,,
mp-867922,163,150.4222717
,,
mp-972907,79,74.99292755
,,
mvc-7058,7,-6.218933105
,,
mp-13108,165,155.4625854
,,
mp-4181,129,113.2863007
,,
mp-19746,69,53.00039673
,,
mp-556093,35,52.14004517
,,
mp-22033,111,116.9939804
,,
mp-569304,113,161.6416168
,,
mp-5229,173,172.0676727
,,
mp-3148,131,150.119339
,,
mp-864622,101,97.2347641
,,
mp-12979,260,159.8570557
,,
mp-22962,15,16.67051697
,,
mp-961695,72,69.96496582
,,
mp-22514,95,101.0590973
,,
mp-27718,7,23.55626678
,,
mp-20750,39,39.77113342
,,
mp-894,172,168.5771637
,,
mp-861656,190,201.0423737
,,
mp-8023,134,129.4672089
,,
mp-1229,59,67.83978271
,,
mp-1057,130,124.1756897
,,
mp-36029,52,79.35594177
,,
mp-30273,67,54.37133026
,,
mp-19400,188,148.6672974
,,
mp-864982,4,14.27923584
,,
mp-867788,273,270.5817871
,,
mp-1058,94,54.98793411
,,
mp-11521,110,102.0186234
,,
mp-2520,61,58.92819977
,,
mp-9776,50,50.88959885
,,
mp-11416,106,130.1613617
,,
mp-11360,106,99.77045441
,,
mp-22965,7,14.11795807
,,
mp-995196,191,200.2675323
,,
mp-866024,153,165.3571625
,,
mp-20698,54,69.63783264
,,
mp-2361,111,121.8472443
,,
mp-571211,132,154.7142792
,,
mvc-11780,65,37.51286316
,,
mp-1018828,106,131.9858856
,,
mp-999068,119,135.1077271
,,
mp-29826,73,64.03608704
,,
mp-571059,55,55.11980438
,,
mp-12863,42,49.48911285
,,
mp-977545,198,235.3668365
,,
mp-17518,68,82.99546814
,,
mp-1016875,135,157.6797028
,,
mp-862813,49,97.69411469
,,
mp-20730,164,162.9195099
,,
mp-30426,28,35.61300659
,,
mp-8013,4,23.58524323
,,
mp-30360,74,77.2713623
,,
mp-1403,77,74.90802002
,,
mp-1025448,108,117.3680344
,,
mp-866229,3,36.4667778
,,
mp-570506,9,8.915916443
,,
mp-2117,149,150.4280548
,,
mp-22947,12,13.07439423
,,
mp-1029349,69,74.36141968
,,
mp-4767,161,152.58992
,,
mp-11539,105,110.7206268
,,
mp-2809,16,13.93759918
,,
mp-24422,4,20.93264008
,,
mp-27974,11,10.03614044
,,
mp-610917,2,5.187385559
,,
mp-11276,207,198.6280212
,,
mp-8697,161,134.855835
,,
mp-978911,63,60.43953705
,,
mp-589,103,70.70387268
,,
mp-865858,126,123.4540863
,,
mp-672374,98,119.0073547
,,
mp-10931,103,110.287796
,,
mp-861955,54,44.74131393
,,
mp-19170,144,156.4524384
,,
mp-7283,173,159.2840118
,,
mp-1009264,154,204.5266113
,,
mp-9810,18,19.60202789
,,
mvc-678,26,92.86354065
,,
mp-554678,116,116.54702
,,
mp-1018040,31,29.53781128
,,
mp-862300,125,111.6319046
,,
mvc-16021,80,74.8506012
,,
mp-28843,18,8.39289856
,,
mp-867172,32,44.62500381
,,
mp-865338,88,96.00061798
,,
mp-9561,20,28.46669769
,,
mp-2085,117,79.80105591
,,
mp-1029656,55,47.68777847
,,
mp-20440,146,138.2319336
,,
mp-862698,62,53.52674484
,,
mp-4429,93,85.30667114
,,
mp-1019277,40,57.82370377
,,
mp-30876,103,110.1518402
,,
mp-13200,70,74.2719574
,,
mp-1002187,324,277.1139526
,,
mp-156,23,31.3609848
,,
mp-864951,258,255.6604919
,,
mp-8790,81,66.01470947
,,
mp-8093,14,12.31056976
,,
mp-1019109,92,109.4441605
,,
mp-7285,181,195.9712219
,,
mp-982010,49,45.47507858
,,
mp-976125,78,73.503479
,,
mp-30882,106,110.0480423
,,
mp-865281,97,101.1896973
,,
mp-504543,116,103.0191498
,,
mp-864923,111,112.4185944
,,
mp-1009820,121,96.59100342
,,
mp-16646,67,68.66648102
,,
mp-593,129,122.6025772
,,
mp-1139,260,236.5879364
,,
mp-21117,120,116.3249969
,,
mp-22159,112,104.8789749
,,
mp-581707,121,120.0624084
,,
mp-1025524,44,135.2466125
,,
mp-27972,24,15.75833893
,,
mp-4842,84,48.92407608
,,
mp-23255,31,16.03987885
,,
mp-381,248,215.4290009
,,
mp-867114,221,246.204834
,,
mp-5853,159,145.979126
,,
mp-999336,69,80.47976685
,,
mp-631573,207,161.9824982
,,
mp-1029655,57,63.71589279
,,
mp-866080,55,57.30046844
,,
mp-570554,151,152.22435
,,
mp-580226,23,56.86746216
,,
mp-971673,23,8.407440186
,,
mp-504723,122,115.0041351
,,
mp-23729,63,49.70445251
,,
mp-7723,68,54.37496185
,,
mp-8632,179,191.3828278
,,
mp-2557,103,93.84757233
,,
mp-1018024,170,177.6943665
,,
mp-9564,50,33.57735443
,,
mp-770107,159,153.4947662
,,
mp-4492,219,199.2413025
,,
mp-961681,106,124.9669571
,,
mp-1356,84,74.65737915
,,
mp-1018123,130,143.5135803
,,
mp-101,346,294.4250183
,,
mp-91,304,348.6047974
,,
mp-570018,47,53.40645218
,,
mp-2831,162,178.1159973
,,
mp-25587,71,105.627182
,,
mp-1029605,48,39.33058167
,,
mp-5733,92,85.30876923
,,
mp-1021666,88,93.40750122
,,
mp-22662,163,174.1229553
,,
mp-22396,191,186.6453552
,,
mp-31120,165,166.1395111
,,
mp-864927,218,228.1544495
,,
mp-20158,282,129.6253204
,,
mp-561428,44,63.28589249
,,
mp-4574,59,147.1860352
,,
mp-971928,58,89.6254425
,,
mp-30808,133,142.7999115
,,
mp-20661,118,139.3200684
,,
mp-1936,176,158.0318909
,,
mp-377,137,118.9042358
,,
mp-865677,120,123.5726013
,,
mp-19835,158,169.3077393
,,
mp-929,164,170.2006836
,,
mp-20012,35,34.98536682
,,
mp-9771,151,160.677536
,,
mp-7914,104,103.7526016
,,
mp-570845,132,138.9255066
,,
mp-961699,24,25.97673798
,,
mp-11500,73,129.6940613
,,
mp-23562,20,8.312644958
,,
mp-31368,12,10.93883514
,,
mp-1018140,149,100.88871
,,
mp-30566,128,139.6344452
,,
mp-979234,38,34.35135651
,,
mp-569,118,122.6020126
,,
mp-73,105,112.1267014
,,
mp-554201,92,58.01857758
,,
mp-865583,41,36.24773026
,,
mp-3183,175,169.1265259
,,
mp-7502,75,33.27898407
,,
mp-1011860,42,62.86260986
,,
mp-864895,194,190.6643372
,,
mp-10521,71,75.86282349
,,
mp-12734,106,103.9263
,,
mp-684580,28,10.00238037
,,
mp-1025155,92,73.98417664
,,
mp-13964,95,70.10748291
,,
mp-755175,189,184.8178406
,,
mp-864970,254,243.1143646
,,
mp-27705,33,29.00862885
,,
mp-971859,95,114.8977661
,,
mp-865867,129,37.78042221
,,
mp-979014,22,73.12926483
,,
mp-862930,41,35.51837921
,,
mp-999060,140,175.2318115
,,
mp-1006887,101,105.6417465
,,
mp-974387,55,53.05185699
,,
mp-18927,147,133.0163727
,,
mp-1018685,70,74.5658493
,,
mp-8579,50,38.0093956
,,
mp-22309,99,97.85455322
,,
mp-1029334,132,113.6199951
,,
mp-1001023,83,127.8603363
,,
mp-23002,15,15.35348511
,,
mp-754759,138,137.2078857
,,
mp-555506,74,59.16637802
,,
mp-1411,14,38.86906815
,,
mp-999496,20,9.525245667
,,
mp-1020118,90,127.8306427
,,
mp-7086,16,13.85054016
,,
mp-774873,24,15.91083527
,,
mp-14090,47,27.42920685
,,
mp-754363,110,103.3915405
,,
mp-634751,49,51.61450195
,,
mp-971948,116,127.0015717
,,
mp-998973,155,167.0363312
,,
mp-2034,334,350.3812256
,,
mp-1086,324,274.5082397
,,
mp-3822,60,61.38225937
,,
mp-357,123,125.9880142
,,
mp-865652,207,208.4591064
,,
mp-646,47,35.96041107
,,
mp-552265,88,58.688797
,,
mp-971950,52,74.47840881
,,
mp-568624,151,155.8299866
,,
mp-1009131,42,54.40749359
,,
mp-19353,168,166.6149139
,,
mp-557483,52,60.62646866
,,
mp-20601,47,58.99674606
,,
mp-7422,86,80.47077942
,,
mp-3164,52,47.58994293
,,
mp-1039508,27,35.00895691
,,
mp-32539,24,40.81180191
,,
mp-20944,92,89.16404724
,,
mp-11971,107,110.7456741
,,
mp-31172,30,31.2060318
,,
mp-961682,118,123.1073227
,,
mp-10752,42,48.5498848
,,
mp-825,252,252.072876
,,
mp-20663,69,68.93281555
,,
mp-583030,87,122.4127274
,,
mp-437,79,80.31608582
,,
mp-567431,25,8.529220581
,,
mp-989608,21,11.74131012
,,
mp-3804,79,96.51660919
,,
mp-753799,85,89.08361816
,,
mp-865356,57,58.40111923
,,
mp-7114,41,49.10810471
,,
mp-2071,65,64.58096313
,,
mp-866187,157,155.9321899
,,
mp-9687,21,9.622184753
,,
mp-640024,144,174.0264282
,,
mp-603640,67,54.40730667
,,
mp-1025575,16,25.60072327
,,
mp-979712,60,59.74436188
,,
mp-759877,53,30.84651947
,,
mp-1025241,77,91.05181885
,,
mp-31173,62,61.54018784
,,
mp-2133,130,79.27467346
,,
mp-622041,103,95.65863037
,,
mp-754403,174,144.9042053
,,
mp-11736,222,208.7197876
,,
mp-863654,64,61.51947403
,,
mp-569875,194,176.6768188
,,
mp-862680,62,67.69306946
,,
mp-362,127,109.8648987
,,
mp-765499,54,61.00971222
,,
mp-20860,209,184.0834656
,,
mp-1025123,209,169.8078918
,,
mp-570528,66,87.88326263
,,
mvc-3988,96,112.9980469
,,
mp-865582,52,50.29595947
,,
mp-861956,80,75.42427063
,,
mp-862261,109,102.1936035
,,
mp-754157,184,150.3063965
,,
mp-865666,32,38.54349518
,,
mp-865926,123,115.3382034
,,
mp-677105,60,44.06838226
,,
mp-865713,32,35.65756226
,,
mp-572283,90,114.9472809
,,
mp-2646,42,36.77013397
,,
mp-3055,202,182.3551025
,,
mp-1025525,116,128.5358276
,,
mp-862761,74,64.60964203
,,
mp-974337,116,200.7209625
,,
mp-754542,64,39.04042816
,,
mp-865863,50,52.11631775
,,
mp-1029878,92,89.29811096
,,
mp-675477,31,29.6312027
,,
mp-20491,71,74.108078
,,
mp-570707,63,47.52682114
,,
mp-867290,59,49.374897
,,
mp-574438,169,176.6516418
,,
mp-975512,41,38.63598251
,,
mp-867253,114,105.2545166
,,
mp-580886,22,45.59596252
,,
mp-7859,119,128.1429749
,,
mp-605034,16,30.80820465
,,
mp-972970,195,175.2049255
,,
mp-18848,179,145.3345184
,,
mp-2678,243,247.3829956
,,
mp-20144,212,222.3053436
,,
mp-753226,105,86.99455261
,,
mp-2490,76,59.05664063
,,
mp-561511,143,116.1473312
,,
mp-22887,26,24.31674194
,,
mp-8943,39,52.03321075
,,
mp-977427,193,156.8364868
,,
mp-1357,151,120.9897842
,,
mp-11919,83,110.7653961
,,
mp-978534,74,67.9081192
,,
mp-669347,75,57.45079803
,,
mp-7818,139,121.1484299
,,
mp-3277,46,55.10041428
,,
mp-266,123,118.1460648
,,
mp-864647,195,196.3015442
,,
mp-23046,44,17.49308777
,,
mp-2343,41,34.43425751
,,
mp-1008498,47,9.474250793
,,
mp-976129,50,49.43222427
,,
mp-11259,137,135.9891663
,,
mp-1025134,127,109.7384033
,,
mp-505332,38,96.72250366
,,
mp-999130,64,88.00016785
,,
mp-862759,51,48.14907074
,,
mp-971911,126,119.8093109
,,
mp-864640,237,238.2262115
,,
mp-1016849,133,192.2597656
,,
mp-865738,49,46.61828613
,,
mp-570822,36,72.91803741
,,
mp-1008488,86,79.91520691
,,
mp-22691,11,21.03765106
,,
mp-1441,18,4.900230408
,,
mp-865854,59,68.35023499
,,
mp-865485,265,265.1102905
,,
mp-576,222,193.3529358
,,
mp-11155,52,44.5196991
,,
mp-977189,19,4.655418396
,,
mp-553946,134,106.5538864
,,
mp-1007660,281,302.5251465
,,
mp-22956,13,12.11256409
,,
mp-553961,167,175.8275909
,,
mp-867287,56,70.87573242
,,
mvc-15272,70,88.33024597
,,
mp-1008556,184,152.0922699
,,
mp-30403,58,49.14307785
,,
mp-1840,191,174.9177094
,,
mp-1016872,174,147.5617065
,,
mp-33104,85,71.24887085
,,
mp-867794,125,120.0858154
,,
mp-862977,96,97.39417267
,,
mp-723,291,288.2087402
,,
mp-16529,112,102.0982208
,,
mp-864941,49,38.39674759
,,
mp-15661,112,118.6405182
,,
mp-974221,53,58.29036331
,,
mp-10140,74,76.4831543
,,
mp-5025,165,149.0056763
,,
mvc-15683,49,47.19178391
,,
mp-972767,81,123.8143921
,,
mp-697111,16,-7.459861755
,,
mp-819,191,216.3913269
,,
mp-12118,92,103.0744247
,,
mp-2808,165,156.028595
,,
mp-19279,104,75.77277374
,,
mp-972326,265,254.9989929
,,
mp-1025340,1,34.13059235
,,
mp-5910,52,45.69141388
,,
mp-984719,100,105.8910141
,,
mp-729,249,232.3955383
,,
mp-1093,79,61.39874649
,,
mp-11431,85,83.53399658
,,
mp-5492,79,84.02433777
,,
mp-2747,126,131.9228821
,,
mp-4302,102,97.04923248
,,
mp-643945,186,183.6296997
,,
mp-1006057,55,56.84272385
,,
mp-631316,17,30.23146057
,,
mp-979945,21,32.83738708
,,
mp-971833,55,66.45028687
,,
mp-865449,84,74.51280212
,,
mp-16376,101,100.2160416
,,
mp-754262,104,89.20864105
,,
mp-976598,106,134.7732697
,,
mp-865653,254,259.1411133
,,
mp-20265,78,76.46276093
,,
mp-1548,35,34.4227829
,,
mp-22921,52,49.25404739
,,
mp-510536,219,160.4390411
,,
mp-1008965,94,124.5040436
,,
mp-7754,168,161.5700836
,,
mp-571461,15,10.5239563
,,
mp-3054,55,38.69542313
,,
mp-615141,13,2.66583252
,,
mp-1948,53,53.96808243
,,
mp-865376,40,27.24835968
,,
mp-30437,67,63.18209076
,,
mp-776165,126,115.8700562
,,
mp-5396,150,145.5122375
,,
mp-3432,104,87.58320618
,,
mp-19198,73,63.79151535
,,
mp-18922,136,136.3482361
,,
mp-13798,35,39.17087936
,,
mp-9839,51,56.10382843
,,
mp-29057,13,8.813049316
,,
mp-14024,132,113.3105621
,,
mp-8499,167,174.010437
,,
mp-864743,34,38.73212433
,,
mp-973957,52,49.35392761
,,
mp-570683,71,68.22854614
,,
mp-505527,142,156.3178101
,,
mp-755552,66,51.10461426
,,
mp-13475,183,185.322403
,,
mp-973847,55,49.02116013
,,
mp-992,43,43.61715317
,,
mp-9212,81,59.571064
,,
mp-4182,77,53.29021454
,,
mp-865714,57,41.29670334
,,
mp-861733,96,78.4835968
,,
mp-862989,84,77.3714447
,,
mp-1670,168,167.141449
,,
mp-571039,62,61.4184227
,,
mp-28254,197,191.3824768
,,
mp-862732,64,59.29191589
,,
mp-30726,59,64.86000061
,,
mp-13126,200,132.6516418
,,
mp-974335,243,245.922821
,,
mp-865163,213,194.2224121
,,
mp-989585,115,35.60617065
,,
mp-13456,70,60.60896301
,,
mp-10069,167,136.5715332
,,
mp-2172,70,54.53987122
,,
mp-754084,26,61.0827179
,,
mp-11270,163,158.5237122
,,
mp-1025315,29,29.19013977
,,
mvc-14006,170,139.774231
,,
mp-1029309,38,80.28346252
,,
mp-30611,126,135.0635834
,,
mp-865155,157,146.9482422
,,
mp-8643,408,380.6228027
,,
mp-2815,26,37.25233841
,,
mp-864770,215,260.6569214
,,
mp-151,31,62.3473053
,,
mp-540284,32,63.73411942
,,
mp-9258,320,244.4339447
,,
mp-1009488,259,209.0038147
,,
mp-972845,199,208.8118896
,,
mp-862662,48,46.55176163
,,
mp-976262,25,25.03551483
,,
mp-8320,70,65.77219391
,,
mp-13079,158,173.3270111
,,
mp-430,152,204.1457062
,,
mp-16253,31,22.83679962
,,
mp-19252,29,21.29811859
,,
mp-1146,90,86.8111496
,,
mp-15053,154,146.3397217
,,
mp-13907,15,26.35619354
,,
mp-977578,156,151.2597656
,,
mp-11294,56,56.37342453
,,
mp-975909,95,89.06855011
,,
mp-865165,130,144.8508301
,,
mp-865158,47,46.81048584
,,
mp-978504,188,169.4143219
,,
mp-865790,43,50.31092072
,,
mp-10037,234,213.5413666
,,
mp-2413,39,72.6150589
,,
mp-19862,61,70.00122833
,,
mp-557133,74,34.2303009
,,
mp-1018652,33,15.34300232
