material_id,NK_VRH,K_VRH
mp-23072,16,33.52550507
,,
mvc-15683,49,51.4041748
,,
mp-30726,59,57.4621315
,,
mp-21017,76,76.04146576
,,
mp-761563,148,136.7450867
,,
mp-571566,46,40.27555084
,,
mp-867317,141,140.1543579
,,
mp-984722,279,174.7767029
,,
mp-9399,10,54.33985138
,,
mp-864602,40,45.10571289
,,
mp-23210,10,18.81252289
,,
mp-2222,113,47.46190643
,,
mp-11472,20,39.61613464
,,
mp-558674,99,44.9213295
,,
mp-975292,159,136.7411804
,,
mp-6945,16,23.66696167
,,
mp-1222,196,174.6233368
,,
mp-1025225,100,79.85139465
,,
mp-430,152,191.7203674
,,
mp-675283,6,51.44869614
,,
mp-17518,68,80.57939148
,,
mp-866650,56,156.968338
,,
mp-569289,10,0.044586182
,,
mp-10069,167,157.3313599
,,
mp-862813,49,94.49932861
,,
mp-29771,78,60.24373245
,,
mp-7170,64,71.55725861
,,
mp-1025203,67,49.32077026
,,
mp-4529,29,21.04931641
,,
mp-1431,210,178.8587952
,,
mp-4744,83,82.46220398
,,
mp-20847,107,109.841713
,,
mp-27972,24,23.74437714
,,
mp-998323,21,20.15077972
,,
mp-849459,95,89.74874878
,,
mp-11947,69,71.03474426
,,
mp-865926,123,110.5665359
,,
mp-8093,14,13.31694794
,,
mp-20730,164,157.8565674
,,
mp-867922,163,164.1923523
,,
mp-2634,313,283.7733765
,,
mp-570632,58,51.99718094
,,
mp-763051,95,97.58526611
,,
mp-754826,63,24.13263702
,,
mp-11719,18,11.95645142
,,
mp-865898,190,170.7971802
,,
mp-1025219,44,35.29800415
,,
mp-862619,51,51.19572449
,,
mp-3210,101,113.6260757
,,
mp-11360,106,100.6176987
,,
mp-865357,112,100.5564575
,,
mp-11266,25,27.30769348
,,
mp-11560,202,203.3058472
,,
mp-2098,198,202.0591736
,,
mp-754165,179,145.9174957
,,
mp-8037,111,104.7301559
,,
mp-997098,155,146.230957
,,
mp-30426,28,29.48953247
,,
mp-788,110,114.0674286
,,
mp-8267,9,-8.779518127
,,
mp-19069,127,117.4052124
,,
mp-29665,28,57.38887787
,,
mp-1548,35,32.88327026
,,
mp-571059,55,58.4728508
,,
mp-1038837,20,33.81837463
,,
mp-1029442,122,125.9711914
,,
mp-984873,125,137.3796692
,,
mp-863654,64,54.72541809
,,
mp-13190,15,30.13015747
,,
mp-865594,101,104.738739
,,
mp-975793,53,48.12621689
,,
mp-571339,57,58.92520142
,,
mp-8996,180,176.3862457
,,
mp-754262,104,73.34475708
,,
mp-981367,247,117.606987
,,
mp-999388,216,238.1583099
,,
mp-7723,68,50.25686646
,,
mp-23729,63,17.51992035
,,
mp-1260,108,110.8186646
,,
mp-861979,168,157.9153137
,,
mp-979294,112,110.5349274
,,
mp-567332,40,52.31455994
,,
mp-3595,66,60.58684921
,,
mp-5784,53,40.03644943
,,
mp-865731,52,51.68964386
,,
mp-593,129,126.3116074
,,
mp-582034,213,180.9063416
,,
mp-982388,39,40.57349014
,,
mp-784630,233,239.162735
,,
mp-865027,190,168.8905029
,,
mp-11565,178,189.5054321
,,
mp-35841,61,46.79764938
,,
mp-12700,250,235.9332428
,,
mp-733,38,12.71617126
,,
mp-555064,44,47.47413635
,,
mp-31235,23,30.0984726
,,
mp-389,149,153.6592865
,,
mp-972914,84,68.80312347
,,
mp-978833,61,80.43093109
,,
mp-1076,137,113.8099442
,,
mp-866082,90,88.20491791
,,
mp-3804,79,111.9127731
,,
mp-4454,227,209.0619965
,,
mp-979945,21,29.62935638
,,
mp-1013546,31,28.75149536
,,
mp-29463,94,101.243866
,,
mp-2434,106,46.8965683
,,
mp-11736,222,183.824295
,,
mp-3829,47,30.43083191
,,
mp-16646,67,74.99093628
,,
mp-3821,26,51.16001892
,,
mp-23021,12,9.468818665
,,
mp-23514,7,8.534645081
,,
mp-2333,115,126.2333603
,,
mp-8557,96,102.1263351
,,
mp-20554,45,11.23987579
,,
mp-7027,139,94.3767395
,,
mp-862431,124,133.4643097
,,
mp-864647,195,184.4829254
,,
mp-3515,146,189.93396
,,
mp-945,213,234.4766998
,,
mp-608366,13,42.7672348
,,
mp-21076,150,173.2097778
,,
mp-865362,145,130.7567139
,,
mp-22514,95,85.96967316
,,
mp-864617,3,17.89893341
,,
mp-11023,134,130.4281006
,,
mp-10873,114,118.2810516
,,
mp-4828,152,147.1259613
,,
mp-867348,58,63.82629776
,,
mp-977403,8,18.57621002
,,
mp-567431,25,17.5187912
,,
mp-12565,129,130.7729034
,,
mp-3349,140,136.9727325
,,
mp-2866,115,96.1031189
,,
mp-11816,26,32.34971619
,,
mp-20698,54,72.24223328
,,
mp-16290,190,181.0762634
,,
mp-864951,258,249.2953186
,,
mp-2548,66,78.16744995
,,
mp-8896,148,150.4333191
,,
mp-5063,113,118.3963318
,,
mp-983358,166,202.6878357
,,
mp-13178,205,185.2277527
,,
mvc-16021,80,78.08865356
,,
mp-556094,36,22.26198578
,,
mp-862698,62,55.2422142
,,
mp-2413,39,64.7071228
,,
mp-11582,35,18.4773407
,,
mp-1009130,239,139.1849365
,,
mp-22276,118,134.3704376
,,
mp-20119,164,12.89528656
,,
mp-13126,200,142.1491089
,,
mp-865916,255,266.0444946
,,
mp-20944,92,84.79696655
,,
mp-978986,62,84.12281036
,,
mp-557772,25,43.33157349
,,
mp-24834,22,25.18398285
,,
mp-1021667,150,88.00244141
,,
mp-1868,147,115.3636856
,,
mp-4666,75,63.58872986
,,
mp-9929,137,119.5488358
,,
mp-558781,177,172.7348328
,,
mp-28843,18,0.113319397
,,
mp-13456,70,46.68356323
,,
mp-865929,137,126.9600601
,,
mp-510380,160,157.7378693
,,
mp-1018040,31,29.91195679
,,
mp-997005,98,83.55040741
,,
mp-1014316,185,248.9477386
,,
mp-20147,175,155.2963257
,,
mp-753459,214,163.8443604
,,
mp-8110,205,116.350174
,,
mp-631561,97,141.0217285
,,
mp-862903,68,66.63627625
,,
mp-1007992,196,206.4169922
,,
mp-18778,92,52.10161972
,,
mp-865338,88,93.73943329
,,
mp-865577,37,45.33546066
,,
mp-864997,138,131.6321869
,,
mp-866109,192,203.0753784
,,
mp-864943,220,196.6221771
,,
mp-468,45,86.78824615
,,
mp-761036,54,23.67704773
,,
mp-973834,142,155.8421021
,,
mp-20521,140,146.0740662
,,
mp-1008634,135,180.793396
,,
mp-973614,9,8.379333496
,,
mp-864927,218,228.8716583
,,
mp-5491,120,120.8597412
,,
mp-8161,74,74.22212219
,,
mp-16732,100,69.23486328
,,
mp-11521,110,106.7725067
,,
mp-16528,113,110.8052216
,,
mp-2490,76,65.4715271
,,
mp-552265,88,57.87984085
,,
mp-5175,90,99.37139893
,,
mp-11919,83,116.2220078
,,
mp-989544,52,23.04963684
,,
mp-861619,180,178.0133667
,,
mp-30437,67,63.67712402
,,
mp-22508,151,173.9239807
,,
mp-2747,126,132.3670807
,,
mp-11269,55,45.15431213
,,
mp-3432,104,91.87474823
,,
mp-7974,70,77.04570007
,,
mp-5229,173,151.9992523
,,
mp-862886,89,84.42532349
,,
mp-27409,17,15.55206299
,,
mp-21289,96,85.22076416
,,
mp-30507,108,246.8747406
,,
mp-971833,55,53.13535309
,,
mp-569017,6,14.70573425
,,
mp-30409,114,111.4694366
,,
mp-7298,91,72.62771606
,,
mp-22483,28,10.31681061
,,
mp-1547,124,103.0440674
,,
mp-30404,53,49.45078278
,,
mp-19862,61,77.18615723
,,
mp-983123,110,112.4645462
,,
mp-867171,32,31.45143127
,,
mp-29621,23,28.53459167
,,
mp-977428,68,68.81719208
,,
mvc-13303,308,288.1118164
,,
mp-4200,150,120.8106537
,,
mp-28884,44,61.68372345
,,
mp-643265,6,42.24567413
,,
mp-977372,65,51.59582138
,,
mp-2090,189,191.1108093
,,
mp-3759,164,135.253479
,,
mp-1024994,101,101.7893372
,,
mp-631329,133,152.0465698
,,
mp-9951,180,192.4846497
,,
mp-1008809,119,129.1110229
,,
mp-10497,46,40.88806915
,,
mp-486,102,150.4724579
,,
mp-14024,132,135.0159607
,,
mp-12427,151,145.3782959
,,
mp-976283,239,161.3185272
,,
mp-828,215,200.668808
,,
mp-30610,73,78.64559174
,,
mp-10132,297,302.756134
,,
mp-862549,35,49.94323349
,,
mp-30353,205,204.4510193
,,
mp-12599,51,57.03387833
,,
mp-12537,139,148.8452759
,,
mp-1986,127,87.45687103
,,
mp-11576,33,31.65288544
,,
mp-20067,65,65.15421295
,,
mp-11519,194,178.416748
,,
mp-1018652,33,28.41352081
,,
mp-865814,43,41.68818283
,,
mp-604516,89,91.53993225
,,
mp-12651,115,141.2808228
,,
mp-3102,43,19.31987762
,,
mp-867107,286,282.0182495
,,
mp-21359,169,181.7878418
,,
mp-7506,224,210.9539795
,,
mp-1008498,47,9.773406982
,,
mp-10187,176,133.6361389
,,
mp-1139,260,234.7205353
,,
mp-12571,148,154.3516846
,,
mp-998554,32,20.39041138
,,
mp-21409,11,29.50548553
,,
mp-1029420,43,66.86373138
,,
mp-38843,174,165.3123779
,,
mp-982010,49,46.1174202
,,
mp-7701,47,48.3242836
,,
mp-19962,93,97.76702118
,,
mp-569875,194,195.1887512
,,
mp-4824,44,46.17564392
,,
mp-7168,118,121.6869507
,,
mp-9387,75,81.01999664
,,
mp-972071,189,203.0142517
,,
mp-31120,165,159.2774353
,,
mp-11237,82,90.32135773
,,
mp-715,246,239.2262115
,,
mp-755472,88,73.82598114
,,
mp-977128,172,213.5700073
,,
mp-29342,40,29.27536774
,,
mp-4779,41,72.38952637
,,
mp-12527,21,61.82643127
,,
mp-569871,62,55.36870575
,,
mp-31502,53,51.48212433
,,
mp-31468,70,57.50572586
,,
mp-29026,288,256.5857544
,,
mp-571039,62,72.2543869
,,
mp-504580,138,125.0986481
,,
mp-760492,55,71.81463623
,,
mp-1039229,24,29.99110413
,,
mp-7114,41,40.7608757
,,
mp-2085,117,119.9410629
,,
mp-3159,33,24.6235733
,,
mp-2676,168,158.6185913
,,
mp-27705,33,30.9081192
,,
mp-15777,28,14.57621765
,,
mp-1018026,44,53.90118027
,,
mp-20194,177,150.9393463
,,
mp-11572,255,244.1192627
,,
mp-22320,201,210.9536438
,,
mp-3881,57,61.4612236
,,
mp-570886,2,16.74468231
,,
mp-568901,196,227.6341248
,,
mp-981,65,72.10279846
,,
mp-989586,123,79.98867035
,,
mp-1009017,63,51.19923401
,,
mp-1023936,9,3.396202087
,,
mp-540839,10,12.54325104
,,
mp-1811,65,52.13011169
,,
mp-1017629,139,75.92544556
,,
mp-975368,24,10.02052307
,,
mp-1029878,92,80.66690063
,,
mp-569523,77,84.50431824
,,
mp-2786,27,25.79314423
,,
mp-1111,148,165.821228
,,
mp-1848,124,75.70738983
,,
mp-1018020,72,47.59360123
,,
mp-866229,3,35.01248169
,,
mp-568595,210,231.4133453
,,
mp-30427,32,31.6754837
,,
mp-784631,228,200.8480835
,,
mp-505517,185,157.2546082
,,
mp-753799,85,89.2876358
,,
mp-29950,14,17.39907837
,,
mp-753371,34,29.65621185
,,
mp-3553,26,26.57753754
,,
mp-961682,118,109.074585
,,
mp-1008488,86,76.24609375
,,
mp-978624,73,76.36776733
,,
mp-31498,50,46.64365768
,,
mp-867875,4,8.100906372
,,
mp-1008986,215,298.7213745
,,
mp-542903,113,133.3865814
,,
mp-31455,164,165.8252716
,,
mp-21286,144,152.6943054
,,
mp-1949,210,173.0349731
,,
mp-568827,144,148.0782776
,,
mp-862781,231,233.8518219
,,
mp-867253,114,111.995491
,,
mp-168,83,65.51316833
,,
mvc-11780,65,1.607650757
,,
mp-1016842,144,149.3024139
,,
mp-9564,50,45.76253128
,,
mp-3433,123,122.1314316
,,
mp-568177,52,58.38245392
,,
mp-10667,56,57.77197647
,,
mp-10165,16,21.52053833
,,
mp-865858,126,127.151947
,,
mp-10904,184,182.427597
,,
mp-972692,43,50.90864182
,,
mp-10903,186,188.1367493
,,
mp-1016884,157,130.4430847
,,
mp-971712,47,41.13849258
,,
mp-556911,97,87.71804047
,,
mp-30490,40,40.79374313
,,
mp-997012,156,119.4662704
,,
mp-1024954,72,74.35144806
,,
mp-441,30,17.52863312
,,
mp-30872,70,82.59042358
,,
mp-19970,78,56.3698349
,,
mp-862586,297,301.6464844
,,
mp-976122,79,56.26838303
,,
mp-5920,61,49.24699783
,,
mp-865607,111,117.1430435
,,
mp-867881,142,143.5504303
,,
mp-622990,143,166.544632
,,
mp-3163,134,109.2457123
,,
mp-979263,49,41.86372757
,,
mp-631553,51,68.34775543
,,
mvc-13997,188,154.9525452
,,
mvc-8959,132,121.968605
,,
mp-20027,180,174.5050354
,,
mp-551,42,39.55733109
,,
mp-30091,209,186.5846405
,,
mp-572283,90,54.55574799
,,
mp-18927,147,149.8730621
,,
mp-23154,4,-2.305595398
,,
mp-20887,98,78.84033203
,,
mp-972845,199,221.0649414
,,
mp-1086,324,273.9485474
,,
mp-2011,96,110.7485199
,,
mp-14600,74,83.25579071
,,
mp-29596,93,89.83082581
,,
mp-971960,153,142.8067932
,,
mp-974341,242,265.1038818
,,
mp-570837,34,87.93426514
,,
mp-1620,218,202.5240326
,,
mp-14006,50,41.41376495
,,
mp-861932,91,83.07918549
,,
mp-569204,31,28.78899384
,,
mp-23171,48,48.04287338
,,
mp-13983,36,63.53356552
,,
mp-754352,50,42.59215164
,,
mp-864622,101,95.35671234
,,
mp-1025393,121,116.5577469
,,
mp-1008826,390,400.4827271
,,
mp-1025155,92,81.25572968
,,
mp-1007961,89,113.3789749
,,
mp-3830,109,95.52973175
,,
mp-972722,70,70.21276093
,,
mp-867923,148,160.3021851
,,
mp-649774,21,24.09822845
,,
mp-865110,24,34.06548309
,,
mp-862565,33,18.8348999
,,
mp-12265,66,53.836586
,,
mp-10135,117,131.1281281
,,
mp-504543,116,83.28902435
,,
mp-1029699,18,17.67996216
,,
mp-976411,14,13.49645996
,,
mp-12910,27,36.24588776
,,
mp-1018079,80,76.09464264
,,
mp-23037,21,26.54373932
,,
mp-705519,169,157.924118
,,
mp-865299,134,140.0227051
,,
mp-126,247,266.4613953
,,
mp-578606,69,91.65581512
,,
mp-976106,99,125.6878128
,,
mp-30242,79,97.49126434
,,
mp-979014,22,48.90107346
,,
mp-973443,130,213.8881531
,,
mp-984719,100,92.93135071
,,
mp-774873,24,-1.238105774
,,
mp-972965,138,119.7039795
,,
mp-21007,104,101.0938263
,,
mp-11270,163,155.2766418
,,
mp-867130,35,40.91638184
,,
mp-1681,50,49.71444702
,,
mp-3589,60,50.32706833
,,
mp-865206,136,129.5821381
,,
mp-977546,56,50.15003967
,,
mp-864977,104,106.224762
,,
mp-16342,82,71.97981262
,,
mp-1565,235,192.9111023
,,
mp-8291,49,38.78427887
,,
mp-8338,102,86.02734375
,,
mvc-678,26,79.89997101
,,
mp-1009014,110,90.764328
,,
mp-20563,69,71.81678009
,,
mp-2466,104,104.7792892
,,
mp-570554,151,155.7644653
,,
mp-23002,15,62.5598259
,,
mp-7142,384,403.8292236
,,
mp-1925,131,116.6392822
,,
mp-643101,14,16.13198853
,,
mp-976727,104,91.71214294
,,
mp-1018123,130,120.7690887
,,
mp-976239,26,30.93260956
,,
mp-9577,50,50.46270752
,,
mp-972970,195,177.9893036
,,
mp-973004,206,217.1287231
,,
mp-20566,40,43.64161301
,,
mp-995122,19,-3.093826294
,,
mp-29826,73,71.29029846
,,
mp-754672,68,74.28808594
,,
mp-22965,7,25.26114655
,,
mp-18793,148,110.5330353
,,
mp-1077,286,273.3284912
,,
mp-2794,233,240.0496521
,,
mp-4385,91,63.08841705
,,
mp-28593,36,42.25851822
,,
mp-19400,188,132.0473785
,,
mp-754483,29,54.5730896
,,
mp-985300,37,39.1400795
,,
mp-622041,103,95.06921387
,,
mp-762391,95,119.7484055
,,
mp-2019,143,147.3037872
,,
mp-1018851,247,293.489624
,,
mp-20265,78,82.69149017
,,
mp-23051,42,25.64639282
,,
mp-669,87,95.65377045
,,
mvc-14334,80,66.1208725
,,
mp-14105,100,39.72452164
,,
mp-978269,63,55.85930252
,,
mp-989405,16,16.68856812
,,
mp-4559,45,37.49919891
,,
mp-11411,76,64.05569458
,,
mp-510589,112,92.63179016
,,
mp-557483,52,55.94858551
,,
mvc-14941,38,58.43291855
,,
mp-1549,173,158.021637
,,
mp-12972,119,116.9690628
,,
mp-754403,174,139.5985413
,,
mp-555506,74,70.32751465
,,
mp-9562,54,54.68558121
,,
mp-5498,60,58.36396027
,,
mp-865592,87,87.40555573
,,
mp-567580,172,136.7794189
,,
mp-867356,314,307.3110962
,,
mp-10714,207,193.7584534
,,
mp-754711,145,127.0911331
,,
mp-989579,20,26.87062073
,,
mp-22253,34,33.43562317
,,
mp-768572,51,88.31719971
,,
mp-996992,74,69.33473969
,,
mp-14205,24,25.76338959
,,
mp-866285,149,153.3996124
,,
mp-570558,10,22.00411987
,,
mp-962063,86,57.13127899
,,
mp-4628,85,78.11508942
,,
mp-20338,121,123.5873489
,,
mp-19279,104,74.75350952
,,
mp-19946,81,85.99612427
,,
mp-496,58,58.94879532
,,
mp-156,23,33.26953888
,,
mp-13202,76,73.87717438
,,
mp-2034,334,331.1359863
,,
mp-864770,215,244.5039063
,,
mp-3103,216,216.3888245
,,
mp-10849,94,63.67427063
,,
mp-2716,152,162.1498566
,,
mp-961654,101,129.6828461
,,
mp-9208,280,295.6088867
,,
mp-989585,115,32.48265839
,,
mp-862364,155,159.5866699
,,
mp-27848,24,57.72917175
,,
mp-862261,109,106.3385696
,,
mp-998973,155,166.5956879
,,
mp-10443,75,70.5569458
,,
mp-971761,37,83.08263397
,,
mp-867133,106,103.8459778
,,
mp-8499,167,157.7658081
,,
mp-865448,211,225.9649353
,,
mp-30796,48,144.5241394
,,
mp-1093,79,77.94335938
,,
mp-961689,72,111.719223
,,
mp-23004,13,21.29362488
,,
mp-18903,107,107.7857285
,,
mp-505297,168,170.9341125
,,
mp-690542,58,85.85719299
,,
mp-615314,201,195.5052795
,,
mp-1860,69,68.86593628
,,
mp-999192,189,169.0909119
,,
mp-6174,122,58.99938965
,,
mp-19836,40,41.31432724
,,
mp-975882,11,28.98497009
,,
mp-23704,19,16.38639832
,,
mp-11734,159,137.2978668
,,
mp-16314,100,104.4118652
,,
mp-1018012,220,181.0533752
,,
mp-1020059,125,119.1157761
,,
mp-1021666,88,89.4414978
,,
mp-541014,8,12.922966
,,
mp-568983,174,121.3410873
,,
mp-13164,142,155.5023041
,,
mp-22896,32,30.11442566
,,
mp-13542,13,16.30982208
,,
mp-7977,69,74.14273071
,,
mp-18943,78,76.67301941
,,
mvc-13158,167,120.0411835
,,
mp-571648,13,24.12749481
,,
mp-551918,128,138.356308
,,
mp-30040,33,35.54983521
,,
mp-976943,286,269.7803955
,,
mp-10133,79,78.93429565
,,
mp-13682,22,22.05779266
,,
mp-2935,42,51.43401718
,,
mp-631502,124,129.7913818
,,
mp-571262,123,111.1113281
,,
mp-568705,109,123.3768997
,,
mp-570578,72,70.90893555
,,
mp-867878,216,205.3938904
,,
mp-567695,219,131.1884308
,,
mp-2735,193,157.2283783
,,
mp-866141,229,212.4258728
,,
mp-989513,102,113.2977142
,,
mp-13725,70,42.35271454
,,
mp-7473,104,89.45794678
,,
mp-29153,152,153.3013611
,,
mp-8023,134,150.2089233
,,
mp-13010,58,66.25990295
,,
mp-984553,287,264.7298279
,,
mp-795,52,41.24603271
,,
mp-3164,52,41.95801163
,,
mp-570097,42,36.17839432
,,
mp-19722,66,43.44613647
,,
mp-865733,288,303.3036194
,,
mp-974270,17,15.12445068
,,
mp-9985,239,256.4624023
,,
mp-862884,69,64.74708557
,,
mp-13868,35,55.71498108
,,
mp-862990,62,54.15345383
,,
mp-979967,29,38.24237442
,,
mp-576,222,204.125061
,,
mp-21374,21,16.5789566
,,
mp-865768,206,211.4567719
,,
mp-568002,4,8.254318237
,,
mp-15776,37,20.85579681
,,
mp-979935,12,10.28495789
,,
mp-10260,165,152.3414154
,,
mp-864614,72,69.97097778
,,
mp-445,119,104.8116684
,,
mp-17862,65,56.7987442
,,
mp-554678,116,100.0738907
,,
mp-1402,94,118.7802277
,,
mp-571343,41,46.85000229
,,
mp-22287,224,241.6069336
,,
mp-613523,180,203.907608
,,
mp-615141,13,-22.90979767
,,
mp-20601,47,51.84268951
,,
mp-985059,27,41.38527679
,,
mp-27834,11,28.26284027
,,
mp-865863,50,58.1794014
,,
mp-4593,215,179.9018707
,,
mp-16516,83,99.30966187
,,
mp-570845,132,140.5507507
,,
mp-865473,6,12.57227325
,,
mp-569120,156,145.3473358
,,
mp-11235,45,54.57344818
,,
mp-3315,166,124.9201202
,,
mp-1029595,41,40.45737839
,,
mp-31116,154,145.8764648
,,
mp-12781,107,108.5416718
,,
mp-865895,211,214.595459
,,
mp-865785,159,177.964325
,,
mp-8943,39,68.42501068
,,
mp-569007,47,45.31359482
,,
mp-10455,84,87.1840744
,,
mp-1894,385,363.6138916
,,
mp-995191,23,86.00913239
,,
mp-755959,38,31.17009735
,,
mp-561664,11,11.49166107
,,
mp-865790,43,49.72344208
,,
mp-1021668,37,60.7994957
,,
mp-867287,56,73.59729767
,,
mp-5976,145,133.1738892
,,
mp-14549,178,135.6139069
,,
mp-998899,142,164.4971924
,,
mp-8724,28,20.24976349
,,
mp-9839,51,53.11742401
,,
mp-20868,259,257.7792358
,,
mp-27839,12,21.15394592
,,
mp-7572,70,60.36899185
,,
mp-2931,110,99.68026733
,,
mp-865262,180,187.5543518
,,
mp-22914,48,47.85159302
,,
mp-13964,95,64.13056946
,,
mp-10629,57,71.96981812
,,
mp-7851,247,212.1793976
,,
mp-37153,32,30.50091553
,,
mp-982393,54,53.37997818
,,
mp-1007730,105,105.8863754
,,
mp-754349,110,113.9269409
,,
mp-2119,106,101.2957458
,,
mp-1008926,35,49.3959198
,,
mp-22779,81,80.75587463
,,
mp-977138,193,191.2414246
,,
mp-9010,14,13.98563385
,,
mp-8874,83,65.13311768
,,
mp-1011860,42,50.84689331
,,
mp-1057,130,136.3457947
,,
mp-644483,125,140.35672
,,
mp-5692,186,168.4182434
,,
mp-979234,38,46.79554749
,,
mp-30773,110,112.1549835
,,
mp-941221,16,75.27679443
,,
mp-862369,157,162.3681946
,,
mp-632808,17,29.54469299
,,
mp-5503,158,163.1982422
,,
mp-975312,93,46.4865799
,,
mp-10519,66,45.15619659
,,
mp-15254,48,57.66683578
,,
mp-27974,11,10.27755737
,,
mp-1008556,184,161.0073395
,,
mp-11984,54,54.29236984
,,
mp-1025575,16,-0.916221619
,,
mp-2557,103,105.536232
,,
mp-2133,130,87.60430145
,,
mp-20438,75,72.72903442
,,
mp-2831,162,173.5497284
,,
mp-33667,54,48.27757263
,,
mp-631548,64,96.92884827
,,
mp-2460,152,143.680481
,,
mp-758594,175,181.8457642
,,
mp-605,11,10.09456635
,,
mp-1016928,209,181.9421539
,,
mp-2646,42,44.91777039
,,
mp-21873,113,114.5054092
,,
mp-625150,78,97.42392731
,,
mp-989545,19,20.19097137
,,
mp-975814,174,247.4179535
,,
mp-339,135,125.7218628
,,
mp-1429,144,154.8553772
,,
mp-978088,41,41.76415253
,,
mp-10316,74,78.72879791
,,
mp-5670,132,130.8360748
,,
mp-11431,85,83.38574219
,,
mp-1018150,18,20.38224792
,,
mp-1025044,185,170.8244324
,,
mp-11469,56,43.92436981
,,
mp-1085,238,371.1026001
,,
mp-999439,123,185.125885
,,
mp-8277,53,42.96657181
,,
mp-768358,152,136.4981384
,,
mp-976598,106,135.0331726
,,
mp-560588,69,46.45967484
,,
mp-1014261,188,184.7016907
,,
mp-567747,264,239.5319214
,,
mp-5839,100,73.86721039
,,
mp-865995,71,71.90222168
,,
mp-2852,416,362.1790771
,,
mp-672299,86,85.46916199
,,
mp-790,184,176.0892334
,,
mp-28306,8,12.85876465
,,
mp-570910,19,27.44020844
,,
mp-13815,31,43.61248016
,,
mp-12863,42,53.19577408
,,
mp-604914,24,58.03286743
,,
mp-1009829,105,112.5726624
,,
mp-2979,163,147.3433838
,,
mp-12118,92,101.8812943
,,
mp-865127,51,35.38414001
,,
mp-19331,175,133.9266968
,,
mp-2672,32,21.24327087
,,
mp-567395,28,29.8057785
,,
mp-2547,53,67.73344421
,,
mp-961660,140,141.4723206
,,
mp-12961,93,98.95025635
,,
mp-20481,133,121.6313553
,,
mp-5594,159,122.1936493
,,
mp-30365,148,133.9330292
,,
mp-567617,213,238.9528656
,,
mp-570454,237,266.6614075
,,
mp-1039447,23,25.97490692
,,
mp-436,95,101.1080246
,,
mp-1963,220,212.013031
,,
mp-3503,85,72.08029175
,,
mp-555359,59,48.23714066
,,
mp-22033,111,114.5275269
,,
mp-10750,41,38.27311325
,,
mp-1403,77,69.98177338
,,
mp-684709,96,108.4205322
,,
mp-4429,93,67.05021667
,,
mp-1025154,39,100.5535583
,,
mp-755225,94,75.64532471
,,
mp-982017,53,62.01114273
,,
mp-867794,125,124.7556305
,,
mp-23046,44,34.76959229
,,
mp-11487,100,147.9812927
,,
mp-569661,87,89.09249115
,,
mp-22787,237,216.7897034
,,
mp-862680,62,68.88199615
,,
mp-28069,39,30.74911499
,,
mp-865587,89,87.35060883
,,
mp-861918,64,64.27272797
,,
mp-2987,29,38.75700378
,,
mp-20663,69,66.42875671
,,
mvc-7058,7,3.289932251
,,
mp-1674,72,66.81903076
,,
mp-772856,44,76.90381622
,,
mp-5260,122,139.2583771
,,
mp-865353,3,2.176048279
,,
mp-865713,32,40.90810776
,,
mp-22522,147,140.1299744
,,
mp-31184,117,170.0063171
,,
mp-631495,17,32.62597656
,,
mp-11283,126,129.4589844
,,
mp-9615,68,56.48840714
,,
mp-972156,42,47.98483658
,,
mp-4492,219,203.5538025
,,
mp-23558,100,65.92414856
,,
mp-2051,83,70.89056396
,,
mp-862339,80,81.51123047
,,
mp-1018126,28,18.78292847
,,
mp-1014251,185,180.5083923
,,
mp-21276,52,29.97614288
,,
mp-2088,76,82.94972229
,,
mp-2893,163,145.7973175
,,
mp-553303,17,36.34281158
,,
mp-2367,92,74.29039764
,,
mp-865531,157,160.0886536
,,
mp-20526,7,23.32384491
,,
mp-919,65,63.29388428
,,
mp-1936,176,189.662384
,,
mp-1018828,106,113.1089325
,,
mp-13649,34,29.1115036
,,
mp-1326,164,144.2387695
,,
mp-1025315,29,21.35890198
,,
mp-561877,65,111.9657974
,,
mp-20552,165,182.6296387
,,
mp-865999,82,94.91804504
,,
mp-1006883,192,182.5657959
,,
mp-7283,173,170.2307892
,,
mp-20440,146,133.3179932
,,
mp-21168,34,46.54860306
,,
mp-1025353,178,209.737915
,,
mp-972877,112,117.5980835
,,
mp-4,33,36.9510498
,,
mp-2597,84,7.00831604
,,
mp-2825,134,136.3500977
,,
mp-644500,102,83.49254608
,,
mp-27276,199,187.6716919
,,
mp-30337,124,119.9647675
,,
mp-865460,20,50.5995903
,,
mp-22229,90,98.40444183
,,
mp-18728,120,121.7378082
,,
mp-866107,77,98.61414337
,,
mp-1025123,209,194.7416077
,,
mp-545999,86,77.43109131
,,
mp-5986,104,117.5404053
,,
mp-345,175,192.1768951
,,
mp-10527,84,87.05360413
,,
mp-22498,62,63.10881805
,,
mp-450,287,334.2440186
,,
mp-1025267,16,16.04193115
,,
mp-974799,15,6.819877625
,,
mp-20503,61,50.48698044
,,
mp-25469,9,28.11043549
,,
mp-1002229,155,181.2748718
,,
mp-16376,101,96.93663025
,,
mp-30449,57,43.00828171
,,
mp-20279,44,22.8114624
,,
mp-2874,152,110.6234131
,,
mp-27835,13,13.93981934
,,
mp-11513,209,209.1669312
,,
mp-11620,11,120.7065125
,,
mp-8643,408,429.125
,,
mp-9212,81,64.02481842
,,
mp-31160,46,46.06278992
,,
mp-4604,83,77.93559265
,,
mp-631564,90,123.835556
,,
mp-2507,16,26.06880188
,,
mp-553310,29,31.51764679
,,
mp-979038,70,69.26228333
,,
mp-8289,47,27.03073883
,,
mp-27718,7,10.38365173
,,
mp-3498,165,164.9468689
,,
mp-28782,24,17.49934387
,,
mp-27438,29,16.80380249
,,
mp-21847,55,26.99269867
,,
mp-3579,81,72.811203
,,
mp-1002109,207,207.8034973
,,
mp-8632,179,194.6377258
,,
mp-7921,32,63.85157776
,,
mp-569304,113,102.5331421
,,
mp-3437,135,132.5587006
,,
mp-1358,191,204.0393677
,,
mp-27677,47,52.86169434
,,
mp-570691,114,122.2942963
,,
mp-5346,118,106.1737747
,,
mp-12979,260,151.8351288
,,
mp-604496,101,125.8177185
,,
mp-19746,69,31.24291992
,,
mp-21883,225,203.3974609
,,
mp-22389,89,106.279808
,,
mp-865857,164,173.878479
,,
mp-973343,34,33.52597809
,,
mp-978987,55,59.16433334
,,
mp-7285,181,184.7240753
,,
mp-23260,15,20.44865417
,,
mp-569152,6,27.44841003
,,
mp-1001783,42,34.10674286
,,
mp-867978,121,134.7992859
,,
mp-1008226,200,145.9841614
,,
mp-541487,24,49.42259598
,,
mp-1029458,152,135.048996
,,
mp-2611,36,41.07540131
,,
mp-8789,53,44.18419266
,,
mp-754777,90,67.81793976
,,
mp-558078,57,46.26442337
,,
mp-1025140,81,75.88082886
,,
mp-971911,126,121.3170242
,,
mp-5967,142,125.9964066
,,
mp-31138,151,136.955719
,,
mp-11364,128,127.0736542
,,
mp-554201,92,75.10918427
,,
mp-30840,157,160.6914978
,,
mp-867169,42,32.84857941
,,
mp-16253,31,26.00270844
,,
mp-10919,37,30.60626984
,,
mp-863076,76,80.97982788
,,
mp-19765,20,24.58460999
,,
mp-999484,29,79.43830872
,,
mp-6586,52,44.68559647
,,
mp-10872,139,149.4433136
,,
mp-982873,18,3.420570374
,,
mp-7366,40,42.25013733
,,
mp-6939,167,157.4050598
,,
mp-1016902,55,129.7165833
,,
mp-12778,284,290.8255615
,,
mp-1016903,182,143.7363892
,,
mp-867812,120,119.9559784
,,
mp-6953,87,71.34507751
,,
mp-618991,93,79.13731384
,,
mp-636698,49,78.14809418
,,
mp-989535,111,30.40538788
,,
mp-761315,152,142.8337097
,,
mp-971859,95,100.2463074
,,
mp-864982,4,14.71148682
,,
mp-2317,135,142.5384064
,,
mp-1234,82,85.97124481
,,
mp-755013,93,85.37857056
,,
mp-6654,31,41.7004509
,,
mp-1025285,121,139.9003906
,,
mp-639662,8,26.06523895
,,
mp-9771,151,144.8435822
,,
mp-6962,64,77.39676666
,,
mp-1029605,48,42.40906525
,,
mp-22639,190,172.9462585
,,
mp-32539,24,44.3456955
,,
mp-2857,200,192.7759094
,,
mp-863715,103,103.7290192
,,
mp-28,37,51.91133881
,,
mp-862977,96,94.96282959
,,
mp-867263,67,61.30899429
,,
mp-865582,52,54.01922607
,,
mp-11275,242,224.6673737
,,
mp-16522,112,104.0544968
,,
mp-862629,140,136.4292145
,,
mp-865604,17,24.12908173
,,
mp-29551,22,7.173324585
,,
mp-631473,52,36.72925949
,,
mp-864923,111,112.7280273
,,
mp-1571,103,126.2785645
,,
mp-23176,1,0.282798767
,,
mp-21035,97,86.2654953
,,
mp-571467,38,14.16840363
,,
mp-1476,101,80.69807434
,,
mp-1013704,69,32.9938736
,,
mp-4730,32,21.2003479
,,
mp-2097,32,69.3926239
,,
mp-616378,16,10.20275879
,,
mp-978534,74,56.39499283
,,
mp-973535,25,7.423538208
,,
mp-3998,120,152.8623657
,,
mp-20181,116,102.8269424
,,
mp-972954,43,42.06159592
,,
mp-863739,125,126.2755127
,,
mp-978917,58,58.13051987
,,
mp-13155,111,109.8187027
,,
mp-7777,46,43.3490715
,,
mp-3635,60,55.0543251
,,
mp-11539,105,118.2301102
,,
mp-567655,45,26.39598083
,,
mp-995147,378,36.65835953
,,
mp-22792,84,72.47129822
,,
mp-862259,64,70.48228455
,,
mp-556093,35,55.79581833
,,
mp-6927,193,161.0975342
,,
mp-546,158,147.5745544
,,
mp-999130,64,86.02970886
,,
mp-4305,108,107.9542847
,,
mp-1029633,95,83.13397217
,,
mp-13501,173,170.2323303
,,
mp-11819,29,30.91414642
,,
mp-1008491,71,126.4103546
,,
mp-865467,75,52.88808823
,,
mp-22907,53,45.35941315
,,
mp-833,94,86.3004837
,,
mp-980200,128,109.9661179
,,
mp-865982,102,102.9362411
,,
mp-973653,87,77.69077301
,,
mp-11233,108,106.7516251
,,
mp-34169,30,10.92081451
,,
mp-2395,89,76.9602356
,,
mp-866820,12,4.484016418
,,
mp-27512,112,95.4938736
,,
mp-16370,77,84.51374054
,,
mp-864937,43,42.97076797
,,
mp-11155,52,49.47663498
,,
mp-761034,241,231.7694702
,,
mp-1029422,139,140.5431976
,,
mp-1798,38,39.63142014
,,
mp-16497,108,104.2497406
,,
mp-23255,31,24.40557861
,,
mp-11113,83,72.11335754
,,
mp-961695,72,72.83894348
,,
mp-568931,69,59.03798676
,,
mp-5621,40,49.52449799
,,
mp-865029,153,154.7676544
,,
mp-11583,159,158.5414276
,,
mp-20690,59,93.25172424
,,
mp-8790,81,60.276371
,,
mp-556953,7,-11.95701599
,,
mp-973155,88,90.50395966
,,
mp-22159,112,116.9853821
,,
mp-631482,128,135.6382599
,,
mp-1025377,20,8.940284729
,,
mp-24409,13,15.66596985
,,
mp-1018699,47,51.03167725
,,
mp-753490,132,120.0149994
,,
mp-1038829,39,42.27883148
,,
mp-1013540,36,46.4224472
,,
mp-11259,137,106.7141266
,,
mvc-15694,30,29.0296402
,,
mp-997024,26,19.8788147
,,
mp-568390,39,48.01224136
,,
mp-20066,5,0.237594604
,,
mp-1025180,47,44.42189407
,,
mp-973626,40,54.55897522
,,
mp-7832,342,365.333313
,,
mp-2422,72,71.08956909
,,
mp-6933,131,181.7926025
,,
mp-865163,213,203.3137207
,,
mp-20083,111,104.9768295
,,
mp-541013,2,5.200111389
,,
mp-1008528,151,144.5882874
,,
mp-13853,170,171.9753418
,,
mp-1018088,255,124.9815674
,,
mp-28254,197,191.951355
,,
mp-862662,48,50.57861328
,,
mp-980059,105,104.3583832
,,
mp-30875,115,120.6519165
,,
mp-20112,164,160.2336426
,,
mp-158,19,55.34823608
,,
mp-1475,141,136.7809448
,,
mp-1016849,133,161.4414215
,,
mp-30161,128,113.8193741
,,
mp-33,308,320.0145874
,,
mp-580886,22,59.43267059
,,
mp-580236,25,32.70309448
,,
mp-1058,94,70.61236572
,,
mp-604318,4,3.767494202
,,
mp-8281,44,33.04217529
,,
mp-19353,168,153.7235413
,,
mp-13797,35,42.35100555
,,
mp-1635,41,40.54734421
,,
mp-864633,57,47.91148376
,,
mp-18,38,44.81096649
,,
mp-1007821,189,181.1982574
,,
mp-631319,96,113.6445618
,,
mp-21003,124,151.3969574
,,
mp-2838,207,165.7358398
,,
mp-569752,123,152.2941895
,,
mp-7951,78,56.79666519
,,
mp-3385,105,101.9826965
,,
mp-985443,75,77.61740875
,,
mp-30611,126,132.1881256
,,
mp-1029349,69,64.0906601
,,
mp-5022,149,155.6413574
,,
mp-6646,175,172.9826965
,,
mp-867193,35,46.81567764
,,
mp-2486,155,160.8622437
,,
mp-1009538,178,175.3866577
,,
mp-1584,166,195.3908539
,,
mp-10312,155,153.5558472
,,
mp-631379,93,121.6547089
,,
mp-867143,61,61.85582733
,,
mp-8583,88,95.99552917
,,
mp-13079,158,177.5932617
,,
mp-540572,2,0.343841553
,,
mp-21163,198,197.7552185
,,
mp-676290,28,11.91990662
,,
mp-568446,79,74.20890808
,,
mp-547125,78,64.13358307
,,
mp-865185,76,73.06461334
,,
mp-24289,174,155.0812683
,,
mp-962074,83,54.26289368
,,
mp-1937,40,46.99557114
,,
mp-1334,61,88.90264893
,,
mp-20753,144,160.4358368
,,
mp-16751,75,65.9030304
,,
mp-8048,148,154.5292206
,,
mp-865896,53,44.45337296
,,
mp-9258,320,235.7281036
,,
mp-19127,161,145.4246826
,,
mp-867829,179,180.502533
,,
mp-568747,40,35.36682892
,,
mp-5566,67,61.22426987
,,
mp-10026,63,41.16704559
,,
mp-867293,169,160.9367218
,,
mp-12628,3,0.723373413
,,
mp-981214,31,28.84423065
,,
mp-28567,72,58.69565201
,,
mp-7482,51,46.44133759
,,
mp-5126,68,65.86681366
,,
mp-1025554,88,90.983284
,,
mp-4192,60,50.41975403
,,
mp-618309,121,76.79685974
,,
mp-977578,156,154.5092163
,,
mp-19871,76,109.2682724
,,
mp-977566,97,108.384201
,,
mp-557233,45,61.48274612
,,
mp-862445,272,278.7471313
,,
mp-974430,371,348.3406067
,,
mp-569708,234,215.6820068
,,
mp-13094,91,97.81884003
,,
mp-31442,28,67.20259094
,,
mp-861930,100,97.83488464
,,
mp-428,36,36.83412933
,,
mp-10092,40,43.5697403
,,
mp-19764,36,51.70118713
,,
mp-2452,40,12.33674622
,,
mp-989635,105,125.8553619
,,
mp-603640,67,65.12521362
,,
mp-570286,3,28.86753845
,,
mp-73,105,127.9438171
,,
mp-776896,56,91.21857452
,,
mp-755974,66,54.24544525
,,
mp-866024,153,170.4955444
,,
mp-569028,1,8.940185547
,,
mp-19442,160,149.8377228
,,
mvc-14006,170,155.2045441
,,
mp-865588,93,89.11746216
,,
mp-980942,45,40.39900589
,,
mp-861645,26,30.7982254
,,
mp-553961,167,162.2646179
,,
mp-539,31,19.29179382
,,
mp-974387,55,49.82759857
,,
mp-23709,14,24.39510345
,,
mp-22956,13,19.80323029
,,
mp-8085,57,54.45497513
,,
mp-334,101,94.49055481
,,
mp-975394,187,108.5220718
,,
mp-975439,165,179.6375732
,,
mp-1018161,85,114.2487946
,,
mp-510198,131,135.8034058
,,
mp-542,81,32.31809235
,,
mp-866170,174,186.7759247
,,
mp-982261,8,-3.043251038
,,
mp-12766,49,54.765625
,,
mp-13108,165,144.9640961
,,
mp-567220,124,135.4098511
,,
mp-1029562,86,73.32887268
,,
mp-866193,56,44.86277008
,,
mp-540284,32,41.91711044
,,
mp-867182,86,86.1257019
,,
mp-861499,82,86.39871216
,,
mp-2731,100,93.5052948
,,
mp-30465,94,91.79634857
,,
mp-568095,112,129.5160217
,,
mp-1009008,51,49.62271118
,,
mp-570506,9,12.75444794
,,
mp-2880,260,276.3974609
,,
mp-1025331,21,3.693237305
,,
mvc-12823,38,116.7453232
,,
mp-631383,151,245.2339783
,,
mp-984523,4,19.06430054
,,
mp-571071,185,169.8826294
,,
mp-554252,79,44.29737091
,,
mp-1008610,172,140.8290405
,,
mp-1008282,38,212.2463074
,,
mp-1018685,70,75.2244873
,,
mp-21765,97,61.94157791
,,
mp-1994,251,282.1500244
,,
mp-1690,17,-6.74697876
,,
mp-567912,78,82.3188858
,,
mp-22739,51,61.10429001
,,
mp-149,83,62.95989609
,,
mp-2691,45,11.88504028
,,
mp-5933,140,122.3448486
,,
mp-976129,50,54.75762558
,,
mp-864758,24,13.92467499
,,
mp-631523,251,250.9673767
,,
mp-36592,60,50.50816345
,,
mp-865708,64,65.91352844
,,
mp-866228,49,50.09013748
,,
mp-865521,3,3.328353882
,,
mp-18966,131,127.0116272
,,
mp-569558,118,152.5235901
,,
mp-765499,54,66.50565338
,,
mp-570528,66,98.47981262
,,
mp-1025338,26,78.57125092
,,
mp-862759,51,49.66731262
,,
mp-8435,4,20.57316589
,,
mp-976414,18,26.29100037
,,
mp-14625,82,85.21838379
,,
mp-7863,24,27.87892151
,,
mp-863704,45,38.8534317
,,
mp-974372,168,180.5467834
,,
mp-1025151,75,59.03648758
,,
mp-1387,159,167.1888885
,,
mp-10647,79,15.0076828
,,
mp-11277,108,122.9743118
,,
mp-1025437,98,82.66391754
,,
mp-29617,99,130.2493439
,,
mp-976588,54,43.89186096
,,
mp-542316,270,251.1513519
,,
mp-979712,60,59.9347229
,,
mp-20965,45,50.76053619
,,
mp-1029656,55,50.61973953
,,
mp-866171,84,80.01488495
,,
mp-862849,87,93.17523956
,,
mp-867224,42,38.61007309
,,
mp-952,272,261.1714478
,,
mp-861876,39,52.09605026
,,
mp-34857,17,4.208389282
,,
mp-864953,231,221.3728027
,,
mp-18765,59,60.21261215
,,
mp-6950,27,34.31246948
,,
mp-634751,49,29.8923111
,,
mp-977582,174,170.203537
,,
mp-146,179,186.979248
,,
mp-4262,141,181.9074402
,,
mvc-11730,205,169.5534515
,,
mp-1016872,174,142.5940399
,,
mp-2700,63,48.1152153
,,
mp-7080,79,71.9901886
,,
mp-976856,23,19.07840729
,,
mp-867195,187,163.6139832
,,
mp-1009131,42,59.58680344
,,
mp-28273,28,25.10757446
,,
mp-865666,32,46.27900696
,,
mp-983586,49,55.21279526
,,
mp-558645,1,1.302062988
,,
mp-8843,68,57.6894455
,,
mp-1002222,186,122.7876282
,,
mp-1029550,94,88.04530334
,,
mp-972244,70,68.09814453
,,
mp-752401,34,48.50626755
,,
mp-867821,217,198.0281525
,,
mp-28692,16,21.85473633
,,
mp-951,190,147.9837952
,,
mp-9523,39,41.29395676
,,
mp-972,36,36.62131119
,,
mp-864878,135,140.530426
,,
mp-972326,265,270.679657
,,
mp-862861,111,107.9284821
,,
mp-983590,155,169.0566559
,,
mp-999496,20,9.867271423
,,
mp-1008785,281,234.5304871
,,
mp-672254,57,61.70086288
,,
mp-865547,76,59.47121429
,,
mp-16329,102,97.52666473
,,
mp-1008527,324,317.9761353
,,
mp-21345,64,58.954422
,,
mp-755018,106,144.001236
,,
mp-30808,133,151.1780396
,,
mp-1782,81,43.25485992
,,
mp-19156,80,97.96629333
,,
mp-867303,126,128.9980621
,,
mp-28683,4,1.32623291
,,
mp-866177,91,94.27722931
,,
mp-4405,16,18.11222076
,,
mp-6914,35,34.34683228
,,
mp-4500,174,162.9228668
,,
mp-173,104,99.18658447
,,
mp-29658,151,134.6557465
,,
mp-20466,135,137.7488403
,,
mp-864966,245,236.9038849
,,
mp-18724,113,116.1260834
,,
mp-974789,1,8.974380493
,,
mp-5025,165,146.0178223
,,
mp-865536,127,136.915329
,,
mp-6959,20,29.40730286
,,
mp-1001916,197,158.3387451
,,
mp-16250,103,137.4656372
,,
mp-10784,36,26.32918549
,,
mp-865402,91,86.09929657
,,
mp-11454,137,138.6580963
,,
mp-1025134,127,108.588089
,,
mp-25587,71,98.03723907
,,
mp-30405,58,48.9904213
,,
mp-11971,107,107.1344986
,,
mp-997616,38,34.80298615
,,
mp-865507,253,247.9068146
,,
mp-604908,16,80.61092377
,,
mp-10597,88,75.17860413
,,
mp-1013911,51,38.24023819
,,
mp-866154,241,243.1295471
,,
mp-866004,69,67.23873901
,,
mp-861955,54,41.38665771
,,
mp-22894,25,4.911834717
,,
mp-20474,70,51.58840561
,,
mp-22919,32,23.31552124
,,
mp-983359,86,76.81751251
,,
mp-776911,115,73.13372803
,,
mp-865500,99,89.68197632
,,
mp-867255,83,71.02658081
,,
mp-985292,179,183.2175293
,,
mp-20750,39,41.26350784
,,
mp-349,53,51.69143295
,,
mp-867290,59,54.56860733
,,
mp-9756,166,129.9461365
,,
mp-866072,186,177.7896423
,,
mp-776331,222,215.8658905
,,
mp-19886,109,118.9709702
,,
mp-22909,7,19.7202301
,,
mp-865756,88,91.60120392
,,
mp-972763,115,127.8717499
,,
mvc-5816,143,144.1825409
,,
mp-1013527,72,64.10067749
,,
mp-4913,125,104.8781586
,,
mp-7574,211,240.6177979
,,
mp-30406,67,52.44481659
,,
mp-7557,162,146.6728973
,,
mp-761873,36,29.58733368
,,
mp-567484,8,27.62701416
,,
mp-753,48,42.9870491
,,
mp-19948,97,139.0115356
,,
mp-30769,30,29.41692352
,,
mp-1025309,165,212.7762909
,,
mp-864733,3,16.62095642
,,
mp-30560,134,130.6021881
,,
mp-1008472,63,73.69733429
,,
mp-865738,49,39.66641235
,,
mp-863671,81,77.46572113
,,
mp-775761,32,17.77718353
,,
mp-1029368,128,124.2541275
,,
mp-865162,161,158.7744751
,,
mp-861953,193,203.9655914
,,
mp-974625,351,331.9627686
,,
mp-971950,52,56.86328506
,,
mvc-3672,125,109.6097031
,,
mp-12015,50,37.63275909
,,
mvc-15603,168,143.7885132
,,
mp-8939,221,199.8213043
,,
mp-22921,52,43.39577484
,,
mvc-14626,124,137.1010437
,,
mp-776097,200,186.3391418
,,
mvc-15272,70,93.64910126
,,
mp-22435,172,175.5836334
,,
mp-1025571,19,39.88319778
,,
mp-997037,119,91.2322464
,,
mp-7754,168,171.5213165
,,
mp-13138,106,101.5061493
,,
mp-1017511,245,234.2723541
,,
mp-562100,18,17.9317627
,,
mp-4953,52,38.98398209
,,
mp-865449,84,76.24848938
,,
mp-17275,112,129.0472412
,,
mp-1029520,123,121.7425842
,,
mp-7914,104,113.4883728
,,
mp-505825,33,21.92111969
,,
mp-866125,172,193.9859009
,,
mp-998913,14,-1.020133972
,,
mp-20661,118,133.6216431
,,
mp-11658,55,36.03554535
,,
mp-975347,144,147.0825043
,,
mp-10213,58,76.94436646
,,
mp-979422,78,90.77461243
,,
mp-1224,24,53.20505524
,,
mp-30004,18,18.57003784
,,
mp-754825,84,97.2468338
,,
mp-30738,243,255.2553558
,,
mp-971757,30,12.80667877
,,
mp-865811,49,48.56373215
,,
mp-864970,254,242.0367737
,,
mp-3637,131,141.0872192
,,
mp-1025241,77,82.98138428
,,
mp-5528,25,72.31453705
,,
mp-866376,195,169.2709503
,,
mp-981749,110,110.447319
,,
mp-6754,195,174.3745422
,,
mp-545598,109,96.52619934
,,
mp-865281,97,102.7712784
,,
mp-862890,61,60.68060303
,,
mvc-6281,103,114.5586395
,,
mp-753541,43,51.05169296
,,
mp-417,182,180.8815002
,,
mp-626680,44,68.29725647
,,
mp-569385,96,100.8238144
,,
mp-574438,169,196.5498657
,,
mp-4359,96,93.35701752
,,
mp-19260,69,85.0214386
,,
mp-505249,153,151.4381104
,,
mp-752415,136,105.7027664
,,
mp-1039293,60,39.17159271
,,
mp-1903,51,37.72594452
,,
mp-4634,133,158.177475
,,
mp-772,87,95.08337402
,,
mp-861956,80,67.8249054
,,
mp-3055,202,193.6712646
,,
mp-3838,71,75.94189453
,,
mp-7926,23,4.329238892
,,
mp-1018124,157,178.5810547
,,
mp-982725,200,227.0385895
,,
mp-1147,171,169.65625
,,
mp-9389,85,81.33360291
,,
mp-2145,82,92.63771057
,,
mp-978652,15,36.84228897
,,
mp-631320,244,293.7574768
,,
mp-975207,58,67.07783508
,,
mp-5163,173,160.5780334
,,
mp-5090,59,57.855896
,,
mp-569610,5,13.78577423
,,
mp-30234,8,12.77352905
,,
mp-179,46,50.73291397
,,
mp-11452,229,229.6969147
,,
mp-978911,63,59.64950943
,,
mp-861733,96,85.27189636
,,
mp-1025503,243,242.7228394
,,
mp-867246,63,63.01767349
,,
mp-865800,44,34.07527924
,,
mp-856,172,134.645813
,,
mp-28270,17,19.7156601
,,
mp-1018024,170,181.0299072
,,
mp-7753,140,136.9977722
,,
mp-865138,196,180.0111694
,,
mp-5238,75,46.17667007
,,
mvc-13442,101,78.89981842
,,
mp-2116,180,133.1637115
,,
mp-6204,19,41.90642548
,,
mp-10343,138,127.5643692
,,
mp-1009894,135,136.7208557
,,
mp-953,119,107.397522
,,
mp-30799,73,74.30010223
,,
mp-151,31,28.4240799
,,
mp-7962,68,46.82090759
,,
mp-21117,120,116.1958618
,,
mp-865583,41,38.33121872
,,
mp-862362,141,147.4469299
,,
mp-11573,207,212.3541565
,,
mp-866180,29,37.11297607
,,
mp-978881,59,86.21003723
,,
mp-9881,8,16.85436249
,,
mp-631573,207,203.342926
,,
mp-1553,135,148.7722321
,,
mp-1029457,98,85.02116394
,,
mp-8132,22,35.90435791
,,
mp-28954,34,36.27995682
,,
mp-971928,58,56.99472427
,,
mp-1025168,19,-0.687637329
,,
mp-5782,63,25.46600342
,,
mp-999060,140,167.7617493
,,
mp-36029,52,63.1015892
,,
mp-10749,48,42.42890167
,,
mp-9946,70,46.67743301
,,
mp-12892,59,68.32209778
,,
mp-30338,49,58.71612167
,,
mp-556536,45,47.086483
,,
mp-7066,124,123.3490143
,,
mp-531611,190,215.3012085
,,
mp-29308,34,33.16602325
,,
mp-2404,56,58.16062546
,,
mp-13436,126,118.2886276
,,
mp-1869,149,141.1134644
,,
mp-7931,45,49.6999588
,,
mp-20822,79,91.29600525
,,
mp-24082,202,181.5979309
,,
mp-644751,303,313.2399902
,,
mp-1020118,90,100.3994293
,,
mp-977553,67,71.98612976
,,
mp-567412,62,61.94935608
,,
mp-10159,14,13.09845734
,,
mp-977552,149,187.1716309
,,
mp-1016876,257,175.5823364
,,
mp-12072,109,139.4260101
,,
mp-30073,88,71.36842346
,,
mp-16529,112,111.6471252
,,
mp-865119,41,34.57872009
,,
mp-31173,62,60.06160355
,,
mp-823,163,168.1638184
,,
mp-27388,52,77.54361725
,,
mp-23164,17,9.369232178
,,
mp-1025356,185,208.2421112
,,
mp-4860,143,130.7015076
,,
mp-569785,132,144.4564667
,,
mp-972455,62,62.10985184
,,
mp-2361,111,122.1937485
,,
mp-569662,23,50.78098679
,,
mp-983567,23,27.33310699
,,
mp-1006057,55,76.92234802
,,
mp-979270,101,102.042923
,,
mp-571335,66,58.09548569
,,
mp-981935,17,24.09009552
,,
mp-30551,191,182.6835327
,,
mp-1068,77,44.43741226
,,
mp-20237,161,138.301239
,,
mp-769111,107,123.486618
,,
mp-583030,87,116.146225
,,
mp-570690,213,180.8760986
,,
mp-999257,115,131.081955
,,
mp-984772,44,53.68064499
,,
mp-20760,72,63.76415253
,,
mp-54,212,219.7185974
,,
mp-19904,137,144.0354919
,,
mp-37381,131,121.7216873
,,
mp-2449,249,236.8140411
,,
mp-3138,18,20.30887604
,,
mp-2478,175,154.503006
,,
mp-864939,167,167.3813477
,,
mp-631316,17,42.40065002
,,
mp-27768,339,353.5097656
,,
mp-2495,82,64.34095764
,,
mp-10729,155,108.2708893
,,
mp-8578,97,84.1308136
,,
mp-776475,216,172.1585083
,,
mp-11132,24,25.89330292
,,
mp-20363,98,101.5742416
,,
mp-976838,173,184.1370544
,,
mp-7463,123,122.8457184
,,
mp-675477,31,22.8152771
,,
mp-973767,54,35.47795868
,,
mp-605028,34,55.84438324
,,
mp-19921,11,57.1228714
,,
mp-756134,143,145.6858978
,,
mp-636056,8,5.597640991
,,
mp-682,48,48.91755295
,,
mp-556125,46,42.50522995
,,
mp-631489,71,96.82162476
,,
mp-1,2,10.42845917
,,
mp-974370,273,244.8266907
,,
mp-983430,212,191.2700195
,,
mp-989608,21,15.56118011
,,
mp-759877,53,33.36536407
,,
mp-5268,98,124.1014557
,,
mp-12414,33,33.71559143
,,
mp-11302,53,54.99534988
,,
mp-980192,222,228.1594849
,,
mp-1698,47,33.51529694
,,
mp-18717,195,143.1122437
,,
mp-551685,58,45.90094376
,,
mp-573316,23,20.91576385
,,
mp-12005,85,91.46846008
,,
mp-865878,177,189.8907776
,,
mp-861656,190,197.6374207
,,
mp-552185,35,31.29903412
,,
mp-1018628,145,172.9546661
,,
mp-995196,191,153.5292664
,,
mp-865608,162,157.4486084
,,
mp-22044,88,88.72438049
,,
mp-999378,233,193.0439148
,,
mp-647924,106,97.3359375
,,
mp-22537,41,41.60443497
,,
mp-696114,11,19.76446533
,,
mp-974426,261,294.8007202
,,
mp-865255,184,189.1307373
,,
mp-16766,85,80.62678528
,,
mp-1025340,1,30.14499664
,,
mp-972021,73,122.6760254
,,
mp-30836,214,189.8035889
,,
mp-756034,70,74.46231842
,,
mvc-3988,96,103.399437
,,
mp-7577,210,200.1286926
,,
mp-7818,139,117.0735931
,,
mp-9919,47,44.07579041
,,
mp-642855,23,45.23116302
,,
mp-20487,44,47.77479935
,,
mp-675271,12,12.27654266
,,
mp-5492,79,73.10900116
,,
mp-2573,60,82.24041748
,,
mp-22958,15,8.525360107
,,
mp-557266,40,21.54585266
,,
mp-998418,74,78.10744476
,,
mp-1008490,36,27.73135376
,,
mp-1028698,18,3.123352051
,,
mp-866051,179,191.0353394
,,
mp-406,35,22.82941437
,,
mp-867267,79,74.44917297
,,
mp-4768,104,104.2391968
,,
mp-7542,47,71.53486633
,,
mp-30358,74,74.07926178
,,
mp-91,304,319.9879761
,,
mp-1444,34,41.37915039
,,
mp-676540,14,9.741500854
,,
mp-1025056,183,199.864563
,,
mp-562102,16,10.22261047
,,
mp-11361,63,56.79957962
,,
mp-1580,305,285.0849609
,,
mp-865356,57,53.2792778
,,
mp-27367,7,-21.7701416
,,
mp-3732,180,155.3832397
,,
mp-12734,106,112.4682693
,,
mp-976356,40,46.67490387
,,
mp-1114,171,170.075119
,,
mp-631633,123,163.0985107
,,
mp-24422,4,29.26546478
,,
mp-754553,132,120.7053528
,,
mp-6951,68,34.21099854
,,
mp-864941,49,44.56210709
,,
mp-3953,76,62.0623703
,,
mp-1070,44,11.8723526
,,
mp-567712,74,97.10270691
,,
mp-999390,167,253.7432098
,,
mp-510536,219,163.4142151
,,
mp-5878,69,59.08812714
,,
mp-22633,40,59.06877518
,,
mp-975909,95,89.88739014
,,
mp-631543,35,86.20443726
,,
mp-571651,105,84.37700653
,,
mp-16033,72,79.62613678
,,
mp-961706,165,157.4342041
,,
mp-977407,150,198.8254395
,,
mp-754008,79,67.05406189
,,
mp-978995,152,132.4144592
,,
mp-3467,214,212.2737732
,,
mp-752463,178,153.9911957
,,
mp-16731,121,85.65651703
,,
mp-634105,10,0.006240845
,,
mp-972205,241,260.6975098
,,
mp-23562,20,4.279930115
,,
mp-982385,74,97.21652222
,,
mp-27478,40,53.080616
,,
mp-30571,21,134.5500641
,,
mp-631505,57,54.81328964
,,
mp-567278,148,154.384201
,,
mp-21090,131,137.6275635
,,
mp-570683,71,67.9019165
,,
mp-865168,138,157.520874
,,
mp-1013588,98,66.69032288
,,
mp-556417,14,27.10059357
,,
mp-754157,184,144.5765381
,,
mp-11313,77,73.55014801
,,
mp-18427,161,141.0510101
,,
mp-20102,152,140.6466675
,,
mp-1009831,355,304.6972046
,,
mp-10856,178,193.4002838
,,
mp-989536,2,42.98605728
,,
mp-30273,67,48.0477562
,,
mp-1018154,99,106.2908783
,,
mp-1434,27,11.09503174
,,
mp-24237,97,85.45999146
,,
mp-1019740,329,240.6755066
,,
mp-2056,105,104.8620377
,,
mp-22556,44,53.31232452
,,
mp-21425,109,108.5666351
,,
mp-999303,212,237.245163
,,
mp-641923,8,8.177864075
,,
mp-862918,39,36.78912735
,,
mp-4355,181,177.637146
,,
mp-636273,38,45.42472839
,,
mp-28017,74,85.43221283
,,
mp-9923,152,168.2031403
,,
mp-20491,71,74.34539795
,,
mp-754678,166,140.0199432
,,
mp-8373,65,54.11790848
,,
mp-977189,19,24.00566101
,,
mp-9351,107,94.24728394
,,
mp-23056,43,40.06053925
,,
mp-22866,53,42.35348892
,,
mp-20227,47,58.34588242
,,
mp-30835,205,190.0122986
,,
mp-556927,36,45.68257904
,,
mp-5733,92,67.05779266
,,
mp-866227,82,81.13241577
,,
mvc-11012,151,147.7882538
,,
mp-862610,172,204.5699463
,,
mp-900,136,123.1040649
,,
mp-22052,66,39.68610001
,,
mp-974616,223,237.7471466
,,
mp-1025346,144,144.615448
,,
mp-13496,143,138.5732422
,,
mp-999124,78,89.93872833
,,
mp-16115,128,118.8833771
,,
mp-567818,124,103.6888657
,,
mp-27904,112,102.9031982
,,
mp-978493,43,177.1210327
,,
mp-19358,152,119.9619751
,,
mp-570018,47,54.8446312
,,
mp-865799,55,51.06097412
,,
mp-30408,111,120.7891235
,,
mp-19740,101,105.2049561
,,
mp-975512,41,48.12392426
,,
mp-2806,41,35.82486725
,,
mp-510488,59,68.45666504
,,
mp-974221,53,55.73873138
,,
mvc-14940,38,73.45644379
,,
mp-4182,77,50.73250198
,,
mp-613327,319,343.3496704
,,
mp-9248,79,53.31106949
,,
mp-7575,116,114.9626007
,,
mp-976893,140,163.3952789
,,
mp-1200,148,158.5155029
,,
mp-1007660,281,288.8634338
,,
mp-865400,181,158.7688751
,,
mp-20549,60,48.91274261
,,
mp-862902,35,36.89073944
,,
mvc-7194,77,103.4419327
,,
mp-999336,69,78.08734131
,,
mp-978853,109,106.4215851
,,
mp-10485,29,27.56949615
,,
mp-30245,48,58.52692413
,,
mp-16726,42,42.23830795
,,
mp-2364,203,163.0911865
,,
mp-865789,56,55.37382507
,,
mp-20695,97,93.44138336
,,
mp-1009878,191,216.6011353
,,
mp-23856,14,28.07249451
,,
mp-985554,28,36.29154205
,,
mp-5058,58,33.51586151
,,
mp-1018636,131,146.9890442
,,
mp-13,182,177.846817
,,
mp-633538,195,231.1674957
,,
mp-19138,85,104.2433624
,,
mp-977425,258,238.9741669
,,
mp-7581,22,-10.9773407
,,
mp-19876,103,107.6601791
,,
mp-19817,77,82.38598633
,,
mp-865652,207,188.1519012
,,
mp-867748,171,176.7749939
,,
mp-1009837,308,324.8057861
,,
mp-866222,80,79.10907745
,,
mp-979962,41,42.025177
,,
mp-2117,149,164.0441437
,,
mp-978529,64,52.00847626
,,
mp-1263,250,222.4468689
,,
mp-2071,65,72.88581085
,,
mp-21382,78,81.74305725
,,
mp-2301,115,137.8922119
,,
mp-22412,41,56.05554962
,,
mp-1009835,291,259.9146729
,,
mp-974337,116,154.6772156
,,
mp-567313,22,54.78900146
,,
mp-776952,47,46.55692291
,,
mp-976125,78,79.99662781
,,
mp-972653,51,56.32610703
,,
mp-631535,207,226.3310852
,,
mp-971922,67,61.53052139
,,
mp-569125,42,42.15402603
,,
mp-861994,58,57.21103668
,,
mp-31182,96,100.3424149
,,
mp-11536,210,193.8056946
,,
mp-1025517,137,170.6522827
,,
mp-11288,30,25.12828827
,,
mp-669382,199,207.4312134
,,
mp-510456,22,29.41637421
,,
mp-865011,190,187.3562012
,,
mp-867234,60,49.40621567
,,
mp-567771,152,151.0953674
,,
mp-754759,138,143.1173096
,,
mp-999470,41,35.97900391
,,
mp-755581,67,74.1197052
,,
mp-755175,189,179.6745911
,,
mp-266,123,126.2473297
,,
mp-12777,131,125.9580612
,,
mp-27689,13,14.07131958
,,
mp-867867,78,71.57460785
,,
mp-30566,128,147.9664307
,,
mp-973325,44,40.30768204
,,
mp-760375,13,-1.192756653
,,
mp-5693,60,44.59892273
,,
mp-569,118,145.2633667
,,
mp-979258,69,54.92951584
,,
mp-19170,144,149.5802917
,,
mp-863727,154,163.8938446
,,
mp-3277,46,29.31372833
,,
mp-1025397,162,173.7958679
,,
mp-21313,208,180.7309723
,,
mp-8487,82,77.01391602
,,
mp-4495,23,23.72663116
,,
mp-557133,74,32.62644196
,,
mp-754605,113,108.6122437
,,
mp-9056,9,53.15809631
,,
mp-1367,53,49.05506897
,,
mp-989642,88,25.93826294
,,
mp-1029522,75,65.46974945
,,
mp-862563,108,114.1637344
,,
mp-754823,91,107.5808487
,,
mp-917,56,45.71546936
,,
mp-34139,153,120.7906036
,,
mp-5486,93,81.49552155
,,
mp-14038,68,47.84276962
,,
mp-3148,131,148.1762085
,,
mp-3698,52,58.19122696
,,
mp-1002105,264,370.401001
,,
mp-1008642,195,177.711731
,,
mp-1025379,162,144.8918152
,,
mp-8697,161,119.011673
,,
mp-9567,36,34.47158051
,,
mp-978504,188,157.513916
,,
mp-570081,9,21.79270935
,,
mp-580357,146,152.924408
,,
mp-555296,103,146.3448792
,,
mp-22510,136,146.5291138
,,
mp-865048,225,216.4338531
,,
mp-18848,179,128.641922
,,
mp-972907,79,83.79586029
,,
mp-693,40,39.96802521
,,
mp-977369,63,51.65172958
,,
mp-29145,8,1.184310913
,,
mp-14568,57,61.23256683
,,
mp-22962,15,12.87806702
,,
mp-569451,128,131.0164948
,,
mp-14090,47,27.96757507
,,
mp-999133,204,186.0970154
,,
mp-1009488,259,221.3891907
,,
mp-865780,160,136.2519989
,,
mp-999269,26,27.64271545
,,
mp-864670,247,247.4454041
,,
mp-866187,157,167.4964905
,,
mp-8306,33,41.43077469
,,
mp-4367,37,118.6217117
,,
mp-973983,173,191.2995605
,,
mp-381,248,233.7868958
,,
mp-631508,102,176.1449127
,,
mp-974452,301,347.1967163
,,
mp-31043,29,28.18927002
,,
mp-3532,64,42.30093384
,,
mp-672374,98,132.6815491
,,
mp-2918,114,110.2892456
,,
mp-865869,171,167.8515625
,,
mp-4767,161,171.5282593
,,
mp-9437,166,160.272995
,,
mp-6969,120,116.1037903
,,
mp-984552,136,157.2973938
,,
mp-9479,15,27.19591522
,,
mp-561033,46,55.7908783
,,
mp-7104,117,43.37433624
,,
mp-979074,163,176.9704742
,,
mp-11274,171,171.7985077
,,
mp-865747,72,67.95298767
,,
mp-764648,142,132.2913513
,,
mp-978862,150,144.4769745
,,
mp-7502,75,35.20674896
,,
mp-2173,38,20.74253082
,,
mp-864620,42,39.52263641
,,
mp-22309,99,77.51582336
,,
mp-867820,129,121.7509155
,,
mp-6606,171,142.5529785
,,
mp-984627,68,56.59872818
,,
mp-34078,12,23.49594116
,,
mp-622209,113,114.1726913
,,
mp-1164,139,100.4888763
,,
mp-10636,25,43.23723602
,,
mp-978009,193,134.468811
,,
mp-643718,35,35.16334534
,,
mp-2371,14,18.90274048
,,
mp-978100,51,57.54909897
,,
mp-7955,28,29.09629059
,,
mp-8122,80,90.59899139
,,
mp-767,26,42.10163116
,,
mp-7936,83,53.67002106
,,
mp-553243,66,75.12281036
,,
mp-28250,23,19.25975037
,,
mp-971837,38,29.08107758
,,
mp-8013,4,23.82704926
,,
mp-504723,122,115.3275375
,,
mp-7599,171,143.7471466
,,
mp-19729,61,54.11206818
,,
mp-865030,178,189.1202087
,,
mp-4471,206,177.5947266
,,
mp-867158,57,51.37625122
,,
mp-973538,73,73.8621521
,,
mp-604321,3,0.302963257
,,
mp-41219,104,114.1621475
,,
mp-977427,193,160.935791
,,
mp-865376,40,40.3502388
,,
mp-6916,171,162.3733978
,,
mp-561511,143,118.5651398
,,
mp-999068,119,127.9817352
,,
mp-984791,45,40.55064774
,,
mp-644504,43,51.93023682
,,
mp-2130,109,139.076889
,,
mp-1943,13,29.78604126
,,
mp-632311,202,168.3111572
,,
mp-9371,72,102.2712708
,,
mp-9391,18,53.47738266
,,
mp-1672,57,34.56021881
,,
mp-12743,27,-2.435760498
,,
mp-19252,29,19.65211487
,,
mp-1009834,155,174.3572845
,,
mvc-3525,49,73.77223206
,,
mp-11667,72,61.9361763
,,
mp-864597,34,49.41819
,,
mp-929,164,167.6304321
,,
mp-19009,204,161.1405487
,,
mp-865998,211,236.8397522
,,
mp-754542,64,51.70779037
,,
mp-4051,9,22.68922424
,,
mp-4323,124,134.2591553
,,
mp-19896,42,2.420181274
,,
mp-9385,5,5.326431274
,,
mp-8922,114,97.19681549
,,
mp-973957,52,50.82132721
,,
mp-7725,70,68.88362885
,,
mp-20158,282,113.587326
,,
mp-20757,114,121.8905563
,,
mp-569482,164,162.1392822
,,
mp-1008965,94,128.6948242
,,
mp-8145,95,108.0058441
,,
mp-8579,50,32.1314621
,,
mp-10264,36,38.84062576
,,
mp-636368,102,98.54188538
,,
mp-12585,230,236.9963379
,,
mp-631536,160,167.8183136
,,
mp-865899,157,190.0982208
,,
mp-16886,92,89.2064743
,,
mp-10037,234,235.1109314
,,
mp-996987,80,79.30445862
,,
mp-11342,14,29.74945068
,,
mp-865867,129,45.79454803
,,
mp-8176,115,67.45683289
,,
mp-567629,18,15.35062408
,,
mp-1019277,40,47.2490921
,,
mp-1009820,121,82.60769653
,,
mp-48,122,101.7390747
,,
mp-557373,16,32.38600922
,,
mp-20465,107,108.4095917
,,
mp-38605,18,29.67450714
,,
mp-999207,40,75.66064453
,,
mp-5396,150,147.9997559
,,
mp-10044,128,126.5387802
,,
mp-1009827,18,30.33521271
,,
mp-867788,273,278.6837769
,,
mp-973353,201,189.8414001
,,
mp-867869,87,79.59963989
,,
mp-5699,43,43.94177246
,,
mp-1019266,54,45.5895195
,,
mp-4531,27,34.42832184
,,
mp-1018649,378,394.079834
,,
mp-4250,124,137.6777344
,,
mp-19052,34,9.848564148
,,
mp-1009213,37,28.23570251
,,
mp-21194,79,109.0284805
,,
mp-1016875,135,151.1951447
,,
mp-1357,151,141.7379303
,,
mp-30876,103,107.9128418
,,
mp-985551,40,48.55839539
,,
mp-21158,93,96.98684692
,,
mp-1018786,31,37.38867569
,,
mp-867116,210,250.5437622
,,
mp-7421,31,28.58586884
,,
mp-974584,195,199.7639313
,,
mp-777595,49,46.59932327
,,
mp-21848,148,51.31907654
,,
mp-2039,166,126.991806
,,
mp-11549,190,178.4535065
,,
mp-867225,44,62.61428833
,,
mp-1356,84,76.39539337
,,
mp-780880,32,43.61506653
,,
mp-571428,192,194.067627
,,
mp-1731,133,150.6926727
,,
mp-568661,25,5.693191528
,,
mp-9925,32,30.28722382
,,
mp-566131,33,49.99032593
,,
mp-1029726,82,73.388237
,,
mp-10752,42,40.10071564
,,
mp-11230,55,57.83324432
,,
mp-866117,137,134.6778107
,,
mp-20245,88,103.8698959
,,
mp-27393,20,102.4136963
,,
mp-18922,136,115.2415237
,,
mp-1229,59,64.35847473
,,
mp-5451,126,99.49855804
,,
mp-11562,188,190.5335999
,,
mp-28980,12,11.25736237
,,
mp-28395,199,195.912384
,,
mp-867227,48,48.11177063
,,
mp-10314,60,53.19725037
,,
mp-23208,25,39.11069107
,,
mp-729,249,226.3712006
,,
mp-4574,59,136.8255615
,,
mp-21493,99,78.48858643
,,
mp-568404,31,33.3168869
,,
mp-862930,41,37.00344467
,,
mp-27897,29,10.60379028
,,
mp-865714,57,42.50088501
,,
mp-568516,32,15.44709015
,,
mp-569593,38,30.91561127
,,
mp-865158,47,42.88638306
,,
mp-550008,124,154.0114899
,,
mp-1008568,105,112.4109039
,,
mp-977997,239,228.8242645
,,
mp-571461,15,13.05131531
,,
mp-9486,26,34.81541443
,,
mp-5213,57,59.49671555
,,
mp-568748,173,237.0940857
,,
mp-22887,26,21.86212921
,,
mp-27639,2,-5.227325439
,,
mp-605790,8,-4.880386353
,,
mp-30461,84,79.18280029
,,
mp-976321,19,27.84157562
,,
mp-550437,54,91.54802704
,,
mp-19417,166,160.0467987
,,
mp-864990,236,218.2615051
,,
mp-2172,70,63.60327148
,,
mp-12004,88,88.62085724
,,
mp-865933,295,204.822937
,,
mp-1024067,30,26.20196533
,,
mp-984717,63,189.4171753
,,
mp-570822,36,72.36766052
,,
mp-865653,254,276.5378418
,,
mp-4126,130,89.83927155
,,
mp-866005,56,56.68587494
,,
mp-20012,35,37.03537369
,,
mp-10204,58,46.28935623
,,
mp-15885,42,42.15205002
,,
mp-862862,106,84.84293365
,,
mp-22811,53,29.34516144
,,
mp-626689,44,70.08037567
,,
mp-2749,124,143.3406067
,,
mp-23918,16,12.59453583
,,
mp-8639,309,317.889679
,,
mp-978851,117,125.2054749
,,
mp-1670,168,173.8159637
,,
mp-22396,191,174.0471802
