,material_id,elasticity.K_VRH predicted,elasticity.K_VRH
1564,mp-9580,28.97761428571429,1.0
1229,mp-30954,3.787185714285717,1.0
1331,mp-30139,11.253842857142857,1.0
1497,mp-999274,23.965850649350656,1.0
399,mp-118,34.725092857142826,1.0
2359,mp-23280,5.610907142857147,1.0
364,mvc-7054,35.77780476190478,1.0
780,mp-975380,61.35483333333331,1.0
342,mp-567967,11.678764285714287,2.0
1000,mp-676241,10.89685952380952,2.0
1637,mp-1023923,8.5928126984127,2.0
552,mp-672233,73.26101904761897,2.0
245,mp-568848,5.905602380952383,2.0
1369,mp-29496,5.350300000000002,2.0
1740,mp-973627,7.819933333333334,2.0
2174,mp-22872,4.358130952380953,2.0
244,mp-11832,3.1988769841269766,2.0
169,mp-1014013,34.725092857142826,2.0
1612,mp-23282,4.1210523809523805,3.0
1790,mp-697133,19.729585714285754,3.0
2441,mp-862986,12.422971428571428,3.0
674,mp-568245,4.5701333333333345,3.0
581,mp-867231,4.6073,3.0
12,mp-28722,5.493061904761907,3.0
750,mp-962064,34.62214285714286,4.0
1746,mp-644607,8.734712698412693,4.0
1683,mp-972981,3.9591246031745966,4.0
300,mp-570140,24.056692857142878,4.0
357,mp-23267,39.32926984126985,4.0
139,mp-22908,11.770097619047625,4.0
1543,mp-866214,6.622104761904763,4.0
2101,mp-22883,4.050890476190476,4.0
1496,mp-28319,12.327809523809526,4.0
2140,mp-23264,3.8279095238095255,4.0
2170,mp-570418,9.963352380952394,4.0
708,mp-865301,5.565509523809523,4.0
718,mp-864616,7.3827285714285695,4.0
1077,mp-28683,12.293433333333333,4.0
1929,mp-33107,6.385261904761907,4.0
821,mp-23292,9.90204285714285,4.0
2208,mp-720,82.62271746031745,4.0
1555,mp-557259,25.23017857142857,5.0
1302,mp-571143,7.061519047619051,5.0
1578,mp-753746,23.23250952380952,5.0
2464,mp-571011,7.5655857142857155,5.0
2151,mp-569610,13.079240476190476,5.0
1925,mp-19790,14.088516666666667,5.0
1176,mp-27979,5.4818904761904745,6.0
936,mp-9254,25.3748238095238,6.0
2259,mp-27182,14.926261904761915,6.0
368,mp-540924,4.143052380952384,6.0
2192,mp-29862,8.74235238095238,6.0
2127,mp-22871,7.842676190476189,6.0
2320,mp-867695,20.494535714285718,6.0
152,mp-569152,9.142990476190477,6.0
320,mp-147,35.160571428571444,6.0
228,mp-541785,27.043847619047607,6.0
1982,mp-569066,8.966371428571431,6.0
2249,mp-27718,18.9646380952381,7.0
1469,mp-29419,14.72928571428571,7.0
1153,mp-22909,8.690711904761901,7.0
1506,mp-8224,43.41931904761908,7.0
1367,mp-23309,12.796385714285707,7.0
862,mp-684692,41.389657142857146,7.0
984,mp-571035,11.317361904761903,7.0
1089,mp-3006,26.823083333333322,7.0
1658,mp-973554,8.954278571428572,7.0
5,mp-568986,21.822792857142854,7.0
151,mp-22965,8.698040476190474,7.0
1781,mp-753304,8.632166666666661,7.0
1353,mp-23041,7.241671428571425,7.0
1006,mp-632296,23.93410476190477,8.0
1113,mp-31038,26.78098982683983,8.0
1034,mp-540957,7.109138095238098,8.0
1560,mp-569484,14.774809523809527,8.0
873,mp-636056,21.403514285714323,8.0
2336,mp-975043,8.66953333333333,8.0
613,mp-23205,7.301371428571433,8.0
603,mp-22863,26.599726190476087,8.0
596,mp-561543,41.749883613445355,8.0
370,mp-989523,39.892247619047616,8.0
2013,mp-768368,19.619699999999984,8.0
879,mp-634,36.59533095238093,8.0
744,mp-28233,17.360647619047604,9.0
1061,mp-982370,8.300419047619036,9.0
344,mp-571555,22.617111904761888,9.0
1093,mp-28110,8.876714285714282,9.0
273,mp-27138,16.286985714285706,9.0
1847,mp-9330,23.76175000000001,9.0
998,mp-25469,4.426345238095236,9.0
2015,mp-4051,96.79374365079364,9.0
180,mp-1008752,51.57597619047617,9.0
1591,mp-8262,17.62434761904763,9.0
1181,mp-29362,10.10672380952381,10.0
219,mp-548658,31.028109523809523,10.0
1799,mp-559470,45.26296666666668,10.0
150,mp-760417,18.19436190476189,10.0
331,mp-569289,8.632166666666661,10.0
2360,mp-2667,26.32640476190477,10.0
1623,mp-567698,14.752966666666653,10.0
11,mp-27691,11.20735238095238,10.0
2064,mp-22898,19.441595238095232,10.0
18,mp-29379,21.428271428571428,10.0
942,mp-571636,22.617111904761888,10.0
996,mp-27954,113.65451535947712,10.0
1268,mp-676518,42.847076984127,10.0
1087,mp-10074,25.780066666666674,10.0
1960,mp-23350,10.484219047619048,11.0
1040,mp-22691,15.240023809523807,11.0
1905,mp-21253,34.69965079365079,11.0
440,mp-30033,12.936764285714279,11.0
2022,mp-28753,14.479912698412699,11.0
422,mp-12403,34.36608571428574,11.0
768,mp-23194,15.832412698412707,11.0
1119,mp-867205,57.15505952380953,11.0
1533,mp-23485,16.178576190476193,11.0
557,mp-27827,10.552323809523811,11.0
1831,mp-850275,38.721266666666686,11.0
917,mp-864915,7.123814285714286,11.0
2081,mp-571279,11.71897857142858,11.0
2419,mp-21409,38.353339682539705,11.0
257,mp-753982,34.18643095238096,12.0
1112,mp-1023934,23.236772366522374,12.0
2408,mp-23177,17.13228571428572,12.0
382,mp-979935,10.897014285714278,12.0
10,mp-1018134,14.023180952380937,12.0
2421,mp-1018810,18.107938095238094,12.0
1,mp-6560,26.461133333333336,12.0
1833,mp-28044,7.209633333333333,12.0
1136,mp-23067,12.579657142857151,12.0
2114,mp-23513,13.53139047619048,12.0
463,mp-974558,8.300419047619036,12.0
868,mp-975404,6.727323809523806,12.0
610,mp-571638,22.33041428571431,12.0
1168,mp-568914,12.493842857142859,12.0
1583,mp-613162,19.186285714285734,12.0
1306,mp-567713,20.180466666666668,12.0
2026,mp-989651,18.66723203463201,12.0
1287,mp-541837,14.45840000000001,12.0
926,mp-571102,14.882561904761902,12.0
903,mp-628773,27.126802380952398,12.0
2257,mp-23499,12.297985714285705,12.0
2112,mp-23533,12.03713333333334,13.0
2340,mp-8799,19.21816666666666,13.0
310,mp-615141,57.700329365079384,13.0
159,mp-23752,25.976857142857156,13.0
1019,mp-573658,17.428804761904757,13.0
301,mp-30206,29.907933333333336,13.0
2337,mp-984744,42.10350476190477,14.0
1528,mp-510076,19.870023809523808,14.0
874,mp-560865,59.808438095238074,14.0
941,mp-23709,50.11374285714289,14.0
335,mp-28698,58.34001428571428,14.0
2080,mp-14018,15.271138095238097,14.0
1207,mp-135,14.023180952380937,14.0
2194,mp-4876,38.08229920634921,14.0
1690,mp-29889,22.75457142857141,14.0
1688,mp-28810,45.134792857142855,14.0
350,mp-2371,24.303109523809503,14.0
1224,mp-541899,18.422404761904755,14.0
1996,mp-10173,14.023180952380937,14.0
1245,mp-560959,47.06947857142857,14.0
2270,mp-22867,20.929276190476187,14.0
1604,mp-570099,14.310166666666667,14.0
1796,mp-976075,27.280990476190485,14.0
648,mp-1018107,22.252947546897573,14.0
0,mp-676540,19.25507142857144,14.0
97,mp-29950,14.615014285714285,14.0
1587,mp-9636,31.774826190476183,15.0
1540,mp-568018,26.1937,15.0
1602,mp-9889,18.51106904761903,15.0
1558,mp-162,15.424000000000007,15.0
538,mp-34202,21.467292063492067,15.0
427,mp-24428,28.34388095238093,15.0
2113,mp-976768,27.72479047619048,15.0
1016,mp-14336,20.41315238095238,15.0
418,mp-17524,49.44692936507936,15.0
1735,mp-543024,9.29443333333333,15.0
1636,mp-984765,18.959233333333326,15.0
448,mp-8041,17.652047619047607,15.0
2401,mp-7786,38.52034999999994,15.0
336,mp-22962,15.985161904761902,15.0
956,mp-23471,10.734176190476193,15.0
2427,mp-9262,19.21975238095238,15.0
1380,mp-571594,21.942423809523827,15.0
372,mp-10326,91.04760943043888,15.0
1551,mp-567504,7.326871428571434,16.0
198,mp-2809,16.210228571428562,16.0
1126,mp-6945,104.70749007567892,16.0
792,mp-1039208,27.044485714285717,16.0
558,mp-1879,86.84997142857145,16.0
808,mp-977012,16.192833333333347,16.0
360,mp-2247,126.31389019607842,16.0
2253,mp-4252,17.384371428571416,16.0
2255,mp-556084,21.360252380952385,16.0
62,mp-29327,31.90493571428573,16.0
1251,mp-28736,26.528852380952376,16.0
1012,mp-1018949,36.74967142857143,16.0
1867,mp-2507,18.51106904761903,16.0
1948,mp-14088,21.90601428571429,17.0
2036,mp-23526,35.26547142857143,17.0
2185,mp-29585,16.710280952380938,17.0
589,mp-974270,18.3461,17.0
479,mp-863707,17.38536190476192,17.0
565,mp-567744,20.93338095238099,17.0
473,mp-5158,29.016702380952378,17.0
2024,mp-24292,59.77098095238095,17.0
1114,mp-976061,49.151565079365064,17.0
1100,mp-27838,17.173242857142856,17.0
1078,mp-551758,49.88343831168831,17.0
1676,mp-30057,62.967226984126995,17.0
1617,mp-632808,36.866317460317475,17.0
1666,mp-976408,31.9774,17.0
48,mp-989563,21.067009523809517,17.0
173,mp-29803,97.99796202147525,17.0
128,mp-1028698,15.9086515151515,18.0
1865,mp-1007637,25.652998268398253,18.0
1828,mp-10014,20.525495238095232,18.0
1897,mp-5339,17.92972857142857,18.0
1433,mp-9884,28.197633333333343,18.0
77,mp-545482,60.120782539682544,18.0
1366,mp-571458,10.554304761904767,18.0
1123,mp-23162,12.723923809523807,18.0
2040,mp-567629,15.026338095238097,18.0
747,mp-24081,75.48839761904762,18.0
1258,mp-1009757,35.160571428571444,18.0
1980,mp-567652,18.370600000000007,19.0
2148,mp-9920,20.88475317460316,19.0
2157,mp-626794,47.09320952380957,19.0
2263,mp-570910,19.90592380952382,19.0
102,mp-1023132,33.868747619047625,19.0
1808,mp-21139,45.49986984126985,19.0
2392,mp-20311,88.89744761904763,19.0
1340,mp-2136,84.30324523809526,19.0
622,mp-977189,17.173242857142856,19.0
1294,mp-20422,46.74658095238095,19.0
2364,mp-995122,21.871349206349176,19.0
345,mp-9200,18.404485714285702,19.0
1995,mp-643989,52.76670952380952,19.0
931,mp-22915,20.495288095238095,19.0
327,mp-989545,22.563714285714283,19.0
465,mp-3827,35.01388095238095,19.0
2252,mp-19765,27.3747,20.0
183,mp-9561,15.128904761904769,20.0
807,mp-8995,29.253666666666692,20.0
158,mp-1039368,20.828466666666685,20.0
1596,mp-827,21.403514285714323,20.0
2317,mp-15724,16.628195238095245,20.0
561,mp-976412,19.895988095238096,20.0
699,mp-23562,27.734599999999986,20.0
204,mp-677072,29.553538095238093,20.0
2025,mp-28166,20.41352380952379,20.0
1933,mp-7622,29.568828571428558,20.0
740,mp-1027890,28.110481529581484,20.0
88,mp-9548,52.014718253968255,20.0
683,mp-7582,19.547588095238112,21.0
1381,mp-29009,24.96029047619048,21.0
1407,mp-29873,20.487871428571413,21.0
311,mp-30357,29.929833333333335,21.0
724,mp-1013708,27.15226190476189,21.0
1504,mp-21374,27.99946190476191,21.0
177,mp-28497,15.08295714285715,21.0
2274,mp-962067,21.04578571428571,21.0
263,mp-756132,70.89810476190479,21.0
2291,mp-23195,92.03055952380957,21.0
44,mp-29761,83.28246500721504,21.0
65,mp-977126,31.9774,21.0
2120,mp-1025331,37.828887301587315,21.0
2440,mp-998197,20.704671428571444,21.0
1086,mp-29374,26.162319047619068,21.0
196,mp-29641,25.41758253968255,21.0
1244,mp-974827,22.27351428571429,21.0
323,mp-19,115.2753142857143,22.0
2304,mp-8446,20.813680952380953,22.0
2447,mvc-15843,48.41727619047618,22.0
1947,mp-29551,16.02960952380953,22.0
1977,mp-567313,115.2753142857143,22.0
9,mp-677103,25.536961904761906,22.0
2017,mp-510456,108.68802741702734,22.0
1582,mp-978282,42.01823809523811,22.0
1706,mp-1039124,33.56011111111105,22.0
1701,mp-505782,29.44347142857142,22.0
1249,mp-7581,23.236772366522374,22.0
618,mp-962072,25.88878095238095,22.0
805,mp-8192,20.526747619047626,22.0
1238,mp-569008,16.81348809523809,22.0
2290,mp-13946,24.30230476190476,22.0
1615,mp-22856,15.868119047619045,22.0
774,mp-14168,36.52446428571428,23.0
2355,mp-12609,28.03667142857143,23.0
1924,mp-7812,208.15089047619048,23.0
1574,mp-29621,20.204204761904744,23.0
1873,mp-631339,34.35975476190476,23.0
2418,mp-864898,27.099380952380955,23.0
424,mp-22862,26.654614285714306,23.0
1631,mp-8994,29.878138095238107,23.0
434,mp-22937,22.44143809523809,23.0
518,mp-1802,21.871349206349176,23.0
2294,mp-754954,52.97010339105335,23.0
1653,mp-22232,35.41933809523808,23.0
1669,mp-5414,29.467047619047623,23.0
1759,mp-14790,33.1869126984127,23.0
2324,mp-690785,37.75596428571431,23.0
985,mp-1039447,43.054214285714295,23.0
2103,mp-974972,23.84423333333334,23.0
2316,mp-999139,62.344568037518044,24.0
2032,mp-14205,29.62957857142858,24.0
1955,mp-1013703,38.01698571428571,24.0
645,mp-10018,27.4231285714286,24.0
608,mp-4138,36.83136666666664,24.0
179,mp-1009755,36.30411190476188,24.0
2341,mp-28568,23.466019047619024,24.0
2444,mp-12724,30.918269047619066,24.0
2235,mp-30504,46.63626904761903,24.0
804,mp-760415,38.721266666666686,25.0
944,mp-14797,23.918676190476198,25.0
1214,mp-580236,38.752869047619036,25.0
1989,mp-9579,34.35623333333334,25.0
893,mp-5528,81.9359396825397,25.0
484,mp-29748,31.71245238095237,25.0
703,mp-3963,43.066128571428536,25.0
1531,mp-567666,26.557299999999977,25.0
485,mp-23330,25.689180952380934,25.0
1904,mp-1018809,27.675874819624728,25.0
1648,mp-10402,74.23751559290385,25.0
515,mp-22980,28.74490000000002,25.0
472,mp-23922,24.319623809523826,25.0
1696,mp-985438,50.296533333333386,25.0
704,mp-974866,5.820253174603182,25.0
1561,mp-22894,20.495288095238095,25.0
891,mp-976262,37.585947619047616,25.0
235,mp-557668,48.76584761904761,25.0
1236,mp-1025338,79.55908571428569,26.0
2139,mp-7910,26.11306666666667,26.0
64,mp-2572,24.680538095238102,26.0
1323,mp-1266,24.5647238095238,26.0
1902,mp-4586,33.75621349206349,26.0
1875,mp-1598,19.767419047619065,26.0
1992,mp-28952,43.53170793650793,26.0
1164,mp-962071,57.93653809523806,26.0
831,mp-28480,35.9270619047619,26.0
636,mp-962060,52.01025238095234,26.0
1646,mp-976239,37.585947619047616,26.0
1837,mp-23221,15.665099999999995,26.0
2365,mp-554573,104.70749007567892,26.0
1736,mp-985059,24.98110000000002,27.0
2161,mp-556939,45.78580000000001,27.0
2344,mp-1013553,47.670590476190455,27.0
1003,mp-22607,28.85481904761904,27.0
160,mp-1434,27.675874819624728,27.0
1267,mp-22993,49.88343831168831,27.0
2227,mp-950995,30.803842857142854,27.0
2198,mp-21242,42.59469365079367,27.0
2250,mp-865077,25.14433015873016,28.0
1773,mp-989537,41.93256666666665,28.0
1860,mp-30488,30.755943650793643,28.0
1333,mp-861940,40.51740000000002,28.0
753,mp-1340,26.622226406926398,28.0
2187,mp-1018126,40.78970000000001,28.0
175,mp-7440,31.258166666666693,28.0
1290,mp-11675,19.325711111111108,28.0
549,mp-542090,99.6031261904762,28.0
8,mp-567395,40.977209523809506,28.0
567,mp-8621,29.88772857142857,28.0
431,mp-505244,69.2853071428571,28.0
2179,mp-985554,27.743476190476226,28.0
1321,mp-756187,49.300334920634995,28.0
359,mp-28376,41.74805238095236,28.0
1488,mp-21468,67.17720952380951,28.0
668,mp-21128,33.57310476190475,29.0
1524,mp-27863,63.50262215096568,29.0
572,mp-3955,96.79374365079364,29.0
2377,mp-23227,29.20896269841269,29.0
381,mp-7000,104.70749007567892,29.0
2429,mp-22924,30.339438095238105,29.0
286,mp-553310,36.25020476190475,29.0
650,mp-560676,75.66927619047624,29.0
270,mp-9295,35.324119047619085,29.0
1052,mp-10485,29.164828571428572,29.0
467,mp-985302,27.849985714285733,29.0
1154,mp-23265,19.384466666666654,29.0
117,mp-13949,25.575680952380953,29.0
1954,mp-989562,43.453790476190456,29.0
2188,mp-980947,38.709434920634926,30.0
2215,mp-8399,74.69070476190475,30.0
1027,mp-975650,54.005780952381,30.0
1398,mp-510311,40.93774285714285,30.0
229,mp-865939,31.457119047619077,30.0
279,mp-5309,36.08160238095238,30.0
1049,mp-998196,18.67187619047619,30.0
1868,mp-1730,35.74960952380953,31.0
2424,mp-570213,38.434815873015864,31.0
420,mp-22414,59.13503015873015,31.0
1239,mp-7834,23.06003333333333,31.0
1798,mp-10421,38.151866666666706,31.0
751,mp-10777,35.52489047619045,31.0
1474,mp-675477,16.279997619047624,31.0
2282,mp-865107,35.438271428571404,31.0
1824,mp-569581,79.03103809523812,31.0
1332,mp-4081,45.80956428571432,31.0
1964,mp-20684,50.62847301587301,31.0
123,mp-7911,35.918949999999974,31.0
786,mp-981214,26.35990714285713,31.0
2280,mp-862631,39.04080476190474,31.0
523,mp-1018786,55.39571190476193,31.0
1539,mp-861937,34.43917142857146,31.0
1529,mp-151,29.35882619047621,31.0
2110,mp-672287,30.4697,32.0
1248,mp-9925,33.47782857142857,32.0
1682,mp-553896,43.379457142857134,32.0
904,mp-867171,33.006142857142876,32.0
2395,mp-972257,35.999723809523786,32.0
1795,mp-22961,30.565212337662334,32.0
249,mp-10674,63.978857142857144,32.0
924,mp-865713,41.7964857142857,32.0
1273,mp-780880,91.79397619047623,32.0
669,mp-20025,41.59754365079365,32.0
542,mp-1018089,41.15867380952383,32.0
1861,mp-775761,49.42040735930735,32.0
292,mp-754515,30.896033333333325,33.0
1053,mp-9907,48.622815873015846,33.0
1611,mp-542583,36.3695507936508,33.0
1622,mp-567510,38.077185714285726,33.0
13,mp-976405,38.43460952380956,33.0
1152,mp-10413,76.77135233918136,33.0
2330,mp-976863,37.989690476190525,33.0
99,mp-865897,40.99674761904763,33.0
835,mp-19146,116.22861871657749,33.0
1714,mp-865909,41.552121428571404,33.0
854,mp-4494,37.45184761904764,33.0
2375,mp-2756,55.081538095238095,33.0
1492,mp-1018652,24.96270000000001,33.0
2463,mp-978929,40.76082857142857,33.0
1261,mp-976076,34.21242857142858,33.0
1281,mp-560037,42.76061428571424,33.0
1941,mp-29615,58.69284285714287,33.0
1857,mp-505825,34.50690476190477,33.0
1228,mp-569170,37.85679920634922,33.0
1882,mp-20343,72.39734999999995,33.0
2019,mp-976333,41.17827619047621,33.0
470,mp-23211,30.717076190476174,34.0
791,mp-29308,38.63064285714288,34.0
2273,mp-30528,29.786583333333308,34.0
1537,mp-9490,32.30981428571428,34.0
2354,mp-13314,46.56150952380952,34.0
543,mp-570837,77.05150476190471,34.0
483,mp-35539,41.13783593073594,34.0
2387,mp-9324,46.125795238095215,34.0
1507,mp-8962,28.996280952380967,34.0
1272,mp-567724,23.06003333333333,34.0
1957,mp-2968,48.93887619047618,34.0
2327,mp-22253,38.353339682539705,34.0
1568,mp-567240,50.2792904761905,34.0
1983,mp-19851,25.066266666666664,34.0
1821,mp-979968,34.901747619047626,34.0
1324,mp-685991,48.74404761904764,35.0
374,mp-20716,59.158430158730184,35.0
1026,mp-640095,40.7203238095238,35.0
730,mp-13365,35.13018095238095,35.0
504,mp-1018059,45.349269841269795,35.0
1974,mp-29208,41.014546031746015,35.0
34,mp-20229,55.212685714285726,35.0
720,mp-2686,47.3672658730159,35.0
1786,mp-8700,38.48178412698411,35.0
1936,mp-21521,38.937742857142865,35.0
185,mp-973364,35.66355714285716,35.0
1068,mp-7437,30.17183809523809,36.0
2066,mp-29529,34.65692857142857,36.0
848,mp-10784,33.31783809523808,36.0
766,mp-556927,38.930259523809546,36.0
2149,mp-865578,43.5549285714286,36.0
222,mp-7434,36.71357619047621,36.0
441,mp-21855,56.831445238095256,36.0
637,mp-971920,35.21688333333333,36.0
980,mp-5046,49.572830158730184,36.0
2328,mp-2706,15.615357142857144,36.0
239,mp-977230,34.147116666666676,36.0
1986,mp-10038,48.239814285714324,36.0
1536,mp-861738,46.28863809523808,36.0
760,mp-69,36.30220714285712,37.0
1482,mp-10718,44.07185873015873,37.0
7,mp-1018770,38.735147619047616,37.0
545,mp-865109,37.278885714285714,37.0
1692,mp-28602,38.565609523809535,37.0
1691,mp-777463,44.52674761904768,37.0
1639,mp-985300,41.51761904761905,37.0
1630,mp-557142,34.9241888888889,37.0
2403,mp-569018,44.72249920634921,37.0
1585,mp-865112,38.650909523809524,37.0
811,mp-29151,40.03086984126982,37.0
258,mp-10687,45.799850216450245,37.0
646,mp-755293,46.831723809523794,37.0
1651,mp-557753,33.64657619047617,37.0
60,mp-23714,40.12960714285719,37.0
2070,mvc-11438,100.93708571428586,37.0
2098,mp-1029573,52.237323809523794,37.0
2223,mp-1009213,59.70083095238093,37.0
326,mp-10919,35.363485714285744,37.0
2051,mp-560338,43.604071428571466,37.0
1894,mp-29196,70.906,37.0
216,mp-1560,53.695823809523795,37.0
1922,mp-975797,35.26956666666665,38.0
464,mp-505332,86.94516666666658,38.0
2060,mp-866128,42.06855238095238,38.0
2399,mp-7949,27.21795714285714,38.0
2082,mp-504935,40.769433333333346,38.0
211,mp-19414,49.772290476190484,38.0
1355,mp-733,208.15089047619048,38.0
1316,mp-755646,90.708280952381,38.0
732,mp-643009,44.75908888888889,38.0
963,mvc-11561,109.03865,38.0
734,mp-2673,40.72499206349208,38.0
564,mp-10748,44.01728095238101,38.0
550,mp-36940,105.42384285714287,38.0
1260,mvc-14941,62.71071558441561,38.0
1641,mp-10680,35.5912380952381,38.0
1619,mp-998147,23.91689761904761,39.0
2073,mp-1029491,38.317490476190464,39.0
1293,mp-22513,42.47690476190475,39.0
1906,mp-22446,40.14587142857144,39.0
1836,mp-570377,74.11226666666666,39.0
307,mp-974641,12.298666666666666,39.0
2378,mp-7555,61.78119523809527,39.0
1347,mp-1031,57.06759047619043,39.0
1046,mp-8439,37.318102380952354,39.0
1417,mp-23024,38.77761666666665,39.0
2100,mp-15795,43.46954285714281,39.0
1431,mp-30079,43.4205619047619,39.0
1107,mp-30019,42.323828571428564,39.0
2065,mp-4864,39.30270000000001,40.0
1438,mp-3650,42.208316666666654,40.0
134,mp-559959,41.1739261904762,40.0
2125,mp-571249,39.706068253968255,40.0
982,mp-34579,53.28433809523808,40.0
299,mp-20566,43.06399285714285,40.0
640,mp-21140,50.68268571428571,40.0
1250,mp-867144,44.13675873015874,40.0
953,mp-978273,37.97563095238094,40.0
604,mp-1013734,36.852119047619034,40.0
1525,mp-1039434,37.09383809523808,40.0
743,mp-867751,38.988709523809526,40.0
1575,mp-1029574,49.14117142857146,40.0
1896,mp-9918,47.804846031746074,40.0
1950,mp-1039055,37.97563095238094,40.0
1401,mp-30451,46.705802380952385,40.0
1891,mp-29342,37.58796190476193,40.0
1711,mp-7569,37.23597142857143,40.0
632,mp-559847,39.4482634920635,40.0
685,mp-985551,40.39116666666669,40.0
2394,mp-736,33.694761904761904,40.0
1744,mp-29816,84.2751028388278,40.0
477,mp-27425,35.64461428571432,40.0
54,mp-27478,70.80688809523807,40.0
826,mp-975658,39.19757619047619,40.0
2286,mp-4779,73.44201904761904,41.0
2158,mp-864962,43.352095238095224,41.0
1654,mp-11464,37.49507380952383,41.0
1312,mp-22878,80.08800714285714,41.0
1348,mp-30356,44.047426190476244,41.0
272,mp-975638,42.71459047619045,41.0
2034,mp-999470,42.77169999999999,41.0
1679,mp-865583,44.964419047619046,41.0
684,mp-979339,40.76109761904758,41.0
328,mp-862928,41.368480952380956,41.0
1466,mp-999455,41.97600476190475,41.0
2167,mp-978514,42.3873476190476,41.0
1364,mp-4899,40.059108730158734,41.0
1764,mp-13816,32.47489523809524,41.0
275,mp-864745,54.223761904761865,41.0
1610,mp-22412,63.68968571428571,41.0
597,mp-31059,52.208585714285746,42.0
789,mp-978274,33.56011111111105,42.0
2351,mp-979026,42.3873476190476,42.0
709,mp-675078,44.13328095238095,42.0
2085,mp-505198,40.77265952380952,42.0
1760,mp-945184,48.52731428571428,42.0
237,mp-558928,23.28604523809523,42.0
629,mp-675748,43.588389177489184,42.0
1523,mp-568695,42.67944285714283,42.0
662,mp-775831,134.81029670329679,42.0
973,mp-867134,26.257547619047603,42.0
2141,mp-1001783,43.04564285714283,42.0
1368,mp-864763,51.38806428571426,42.0
1205,mp-250,45.52223333333334,42.0
576,mp-971702,46.096423809523785,42.0
1079,mp-23159,34.57476190476189,42.0
1886,mp-10659,43.72840079365075,42.0
1288,mp-20261,40.53966053391056,42.0
2207,mp-1019564,40.89975714285713,42.0
199,mp-992,48.367428571428576,43.0
355,mp-31503,42.10832619047619,43.0
1966,mp-1019279,43.31126746031745,43.0
1173,mp-7623,49.7571484126984,43.0
2115,mp-22913,29.20896269841269,43.0
1104,mp-29241,30.34852063492065,43.0
908,mp-144,43.72840079365075,43.0
2006,mp-989504,47.553564285714295,43.0
383,mp-1018122,45.587580952380954,43.0
1461,mp-19799,54.635204761904795,43.0
679,mp-11290,40.714671428571435,43.0
1605,mp-9873,38.600192857142844,43.0
2104,mp-1009223,35.97859523809525,43.0
1282,mp-7162,39.380856349206375,44.0
1376,mp-13276,43.142547619047576,44.0
2266,mp-22879,55.86441904761901,44.0
1782,mp-13031,45.71148571428571,44.0
1807,mp-864790,86.5490587301587,44.0
847,mp-13545,43.5319285714286,44.0
1257,mp-862786,55.12078571428571,44.0
284,mp-556194,34.81610714285713,44.0
819,mp-28884,50.002299999999984,44.0
1607,mp-1018026,57.415352380952406,44.0
2119,mp-571172,37.94503253968257,44.0
172,mp-864765,53.54994285714285,45.0
1584,mp-999337,88.01853688141925,45.0
340,mp-861665,51.60173809523807,45.0
2030,mp-557233,66.05407380952377,45.0
1981,mp-11235,44.683832539682534,45.0
2462,mp-20554,48.81902619047626,45.0
509,mp-8290,57.68167380952386,45.0
354,mp-19816,49.51571428571425,45.0
2238,mp-867149,50.63778095238097,45.0
839,mp-468,80.0578666666666,45.0
728,mp-30491,43.186512698412685,45.0
2063,mp-755115,148.64629134199126,45.0
1405,mp-2691,50.878118253968275,45.0
2094,mp-1025274,46.384261904761885,45.0
1358,mp-10274,44.440671428571406,46.0
2234,mp-997054,70.18004523809526,46.0
2362,mp-657,48.90542063492062,46.0
658,mp-675880,43.9457015873016,46.0
1351,mp-27579,48.36696666666667,46.0
218,mp-1199,39.5722761904762,46.0
1225,mp-84,39.380856349206375,46.0
1457,mp-1005727,69.30476428571431,46.0
1779,mp-8911,50.9139000721501,46.0
1707,mp-18762,55.52796190476195,46.0
2156,mp-865871,53.85540476190477,46.0
1106,mp-866018,50.181319047619034,46.0
1704,mp-1017539,143.4535261904762,46.0
1120,mp-865978,45.79486666666666,46.0
492,mp-601257,51.70130317460315,47.0
1698,mp-862747,48.799647619047605,47.0
1601,mp-764233,50.4001666666667,47.0
1360,mp-7882,43.188073809523814,47.0
2384,mp-10764,36.59533095238093,47.0
773,mp-861660,50.71866190476186,47.0
1320,mp-1017467,140.72389285714303,47.0
1552,mp-16238,55.331471428571426,47.0
1013,mp-7542,54.988113492063505,47.0
2288,mp-33322,42.867438095238036,47.0
2071,mp-27677,47.64634761904766,47.0
1055,mp-1008506,55.41267380952384,47.0
378,mp-9721,50.30239682539681,47.0
233,mp-570018,48.122604761904725,47.0
2012,mp-976744,52.29556666666667,47.0
329,mp-862319,48.396285714285746,47.0
1414,mp-3829,50.27641904761901,47.0
858,mp-1029640,48.11017619047617,48.0
2116,mp-2630,55.657024175824134,48.0
276,mp-972536,55.327471428571435,48.0
2450,mp-999396,184.88695714285709,48.0
892,mp-674953,46.099338095238046,48.0
2153,mp-866522,44.03592857142858,48.0
587,mp-866015,46.176485714285725,48.0
512,mp-867222,47.594068253968274,48.0
871,mp-867227,50.57238571428568,48.0
2035,mp-12783,46.39464761904761,48.0
2318,mp-864952,43.87142539682538,48.0
2417,mp-15254,59.07221428571431,48.0
882,mp-4026,47.32061904761904,49.0
2093,mp-7875,47.925273809523794,49.0
919,mp-982010,50.563480952380964,49.0
1724,mp-7603,62.375180952380965,49.0
1470,mp-21893,35.435373809523796,49.0
334,mp-1025286,51.42909523809524,49.0
401,mp-12953,42.963488888888854,49.0
739,mp-21024,55.21585079365081,49.0
1189,mp-1025345,49.07501904761901,49.0
2319,mp-983586,53.06758095238095,49.0
741,mp-567540,47.785157142857024,49.0
1354,mp-31168,43.30431428571429,49.0
1426,mp-866007,50.002914285714255,49.0
264,mvc-15683,24.664190476190488,49.0
1521,mp-864610,43.87396507936509,49.0
2111,mp-11251,57.16674761904759,49.0
2345,mvc-3525,63.12907619047618,49.0
2108,mp-10635,35.83903809523812,50.0
1500,mp-545344,79.1441761904762,50.0
952,mp-18963,68.62543809523808,50.0
620,mp-22152,58.87802380952384,50.0
2052,mp-27315,54.293026190476226,50.0
1815,mp-14006,57.72500714285718,50.0
601,mp-31498,54.36612380952385,50.0
1791,mp-973894,46.13008095238092,50.0
2159,mp-560663,41.91751428571425,50.0
756,mp-23710,54.793065079365114,50.0
986,mp-22901,19.441595238095232,50.0
93,mp-1990,52.89684126984128,50.0
1148,mp-862555,54.687319047619035,50.0
1140,mp-8579,52.939968253968274,50.0
494,mp-675324,48.95826190476177,50.0
1721,mp-864641,18.70751904761904,50.0
2122,mp-861872,49.854895238095246,50.0
2329,mp-1123,36.59533095238093,50.0
2184,mp-1039019,57.388370995671,50.0
1092,mp-1007824,184.94321666666661,50.0
390,mp-975321,93.75358794538799,51.0
653,mp-7262,82.23908571428574,51.0
2459,mp-862743,75.18412380952381,51.0
156,mp-978268,53.57775714285716,51.0
2182,mp-865006,53.96630000000002,51.0
1508,mp-1018031,67.87346190476185,51.0
2043,mp-2525,53.861992063492096,51.0
1410,mp-975896,51.925885714285705,51.0
215,mp-1018009,41.30907619047621,51.0
2079,mp-614777,55.239161904761886,51.0
49,mp-20920,59.04120714285714,51.0
1719,mp-997041,63.801695238095206,51.0
1373,mp-1393,50.504550793650814,51.0
1953,mp-986716,31.69064523809525,51.0
609,mp-5910,52.671614285714284,52.0
507,mp-18803,100.59314047619048,52.0
875,mp-22154,62.845777777777776,52.0
1421,mp-6912,90.66542380952379,52.0
1428,mp-6586,50.01847619047618,52.0
1998,mp-1059,48.23142380952379,52.0
1893,mp-16565,51.300438095238064,52.0
1516,mp-675120,47.50754285714285,52.0
866,mp-20533,59.444495238095286,52.0
2311,mp-978950,55.57881428571434,52.0
1852,mp-865512,55.01496190476189,52.0
1843,mp-570485,56.41107619047621,52.0
995,mp-774092,57.75439523809529,52.0
1096,mp-865731,58.01021428571428,52.0
373,mp-15803,56.87464761904759,52.0
2279,mp-672,46.71691666666669,53.0
971,mp-33618,46.49302380952379,53.0
909,mp-11302,54.93840000000001,53.0
2248,mp-21124,55.27055714285715,53.0
1066,mp-986,42.452509523809496,53.0
1033,mp-1948,56.184530158730155,53.0
149,mp-974708,52.505095238095244,53.0
47,mp-9843,48.89639047619046,53.0
2072,mp-15788,48.21810952380957,53.0
2162,mp-861498,58.357822222222225,53.0
590,mp-22907,54.79738095238096,53.0
1301,mp-30404,53.50814444444442,53.0
1752,mp-863744,56.3538619047619,53.0
692,mp-542757,57.02136666666667,53.0
1889,mp-8789,51.046953968253966,53.0
2020,mp-16245,52.20138571428566,53.0
405,mp-402,56.367059740259755,54.0
298,mp-1008617,50.5273571428572,54.0
969,mp-774712,37.90321746031747,54.0
274,mp-550437,74.52390000000003,54.0
148,mp-9562,64.51842301587305,54.0
1801,mp-1029466,67.27245793650789,54.0
1534,mp-1008786,34.59170952380954,54.0
566,mp-996961,85.65445476190486,54.0
2368,mp-753671,53.25513571428577,54.0
562,mp-13799,30.963009523809518,54.0
625,mp-979423,80.85759523809523,54.0
1080,mp-867773,52.75535714285709,54.0
28,mp-972522,55.35985714285715,54.0
1976,mp-20979,57.389990476190434,54.0
1276,mp-14039,66.11897142857143,54.0
2251,mp-765499,62.050578571428574,54.0
2138,mp-14209,61.05119523809522,55.0
2390,mp-971833,64.20518571428572,55.0
2277,mp-865602,55.41382380952385,55.0
1618,mp-15316,61.9994095238095,55.0
1774,mp-20458,23.440600000000018,55.0
96,mp-867914,54.87274285714289,55.0
1045,mp-12564,54.83819480519476,55.0
727,mp-978987,62.968495238095244,55.0
201,mp-1029312,85.60348571428577,55.0
1408,mp-571059,57.2027904761905,55.0
1967,mp-863651,59.07677619047621,55.0
115,mp-8689,39.73613455988457,55.0
1296,mp-3054,69.51113174603177,55.0
2196,mp-867145,54.477938095238066,55.0
2428,mp-568106,66.43809920634925,56.0
700,mp-23033,43.09122380952379,56.0
1097,mp-975932,63.31269047619051,56.0
925,mp-11294,55.43819999999998,56.0
247,mp-862750,54.005942857142855,56.0
1088,mp-979465,56.361914285714285,56.0
1592,mp-10667,55.195066666666705,56.0
970,mp-863659,61.19965714285717,56.0
2430,mp-1018724,71.47354285714283,56.0
556,mp-1013548,36.78716190476193,56.0
933,mp-3031,94.04130261437912,56.0
686,mp-30805,54.26745714285711,56.0
1116,mp-30497,54.091052380952355,56.0
1449,mp-866650,151.25294285714287,56.0
1149,mp-568382,80.08800714285714,56.0
1813,mp-30506,39.74330476190476,56.0
1435,mp-982724,54.09045714285711,56.0
1660,mp-11469,47.63220714285716,56.0
1166,mp-866193,42.58378571428571,56.0
1412,mp-9027,35.77780476190478,56.0
2346,mp-2724,55.38998571428576,56.0
1486,mp-862996,55.34554285714289,56.0
844,mp-5347,44.43410952380954,57.0
319,mp-1002574,66.1267738095238,57.0
2054,mp-20151,65.95992857142856,57.0
2433,mp-30921,58.39235238095234,57.0
118,mp-14568,55.80815952380949,57.0
1965,mp-31294,60.92252539682543,57.0
2092,mp-972794,50.92266666666668,57.0
1743,mp-5380,49.61285793650794,57.0
348,mp-3862,59.20730952380953,57.0
1731,mp-976793,55.07399523809521,57.0
911,mp-2484,53.87955714285717,57.0
1914,mp-985439,48.64923333333334,57.0
524,mp-11790,56.004095238095225,57.0
2241,mp-1029655,59.90237777777778,57.0
2210,mp-3881,59.72487619047618,57.0
1609,mp-571339,83.98255238095241,57.0
1349,mp-1025456,57.53404632034635,57.0
555,mp-672254,68.41280952380946,57.0
1542,mp-11301,57.71207619047619,57.0
1060,mp-861946,55.31734285714287,58.0
619,mp-2189,93.88887142857149,58.0
1247,mp-33683,47.56366190476191,58.0
1863,mp-690542,94.87693333333338,58.0
1125,mp-554352,58.600549999999984,58.0
1439,mp-977392,56.73822857142858,58.0
2061,mp-996988,75.65243095238095,58.0
1395,mp-570632,77.07395714285717,58.0
1855,mp-20621,53.67144126984125,58.0
833,mp-551685,54.99652222222221,58.0
1763,mp-862899,56.16356666666668,58.0
1634,mp-982387,57.69301428571429,58.0
2099,mp-9690,59.73404999999998,58.0
283,mp-7263,76.96734761904754,58.0
1727,mp-672229,194.4515698412699,58.0
36,mp-867177,52.21464920634919,58.0
2018,mp-1018732,57.278380952380964,59.0
923,mp-13911,59.32476190476191,59.0
1870,mp-1540,54.286333333333346,59.0
2240,mp-475,44.86965714285717,59.0
635,mp-865854,68.04876666666661,59.0
1285,mp-867290,62.6140166666667,59.0
2371,mp-20351,31.444135714285732,59.0
754,mp-1018679,55.856795238095245,59.0
938,mp-545788,43.29225714285716,59.0
2237,mp-12630,65.31716587301591,59.0
994,mp-2988,72.70961904761899,59.0
413,mp-983126,56.5294476190476,59.0
2333,mp-961665,68.71666190476189,59.0
1122,mp-21029,56.30170476190475,59.0
1665,mp-1229,57.76871904761904,59.0
1838,mp-570744,78.51479035409041,59.0
2166,mp-2410,51.68582380952384,59.0
809,mp-1025096,64.382319047619,59.0
184,mp-979013,56.06789761904759,59.0
1802,mp-979933,62.544595238095226,59.0
838,mp-555321,63.07976428571428,59.0
131,mp-18712,62.01348412698408,59.0
347,mp-13171,62.142866666666635,60.0
1074,mp-1025182,68.71677142857139,60.0
1017,mp-631524,46.040007142857114,60.0
40,mp-11228,65.24689999999998,60.0
1071,mp-4189,57.59538095238097,60.0
2254,mp-867234,59.507652380952386,60.0
689,mp-979712,58.31471428571431,60.0
129,mp-862994,61.114,60.0
749,mp-677105,59.095928571428566,60.0
195,mp-10652,57.496104761904746,60.0
395,mp-8372,60.400104761904856,60.0
1511,mp-978557,57.86736666666666,60.0
624,mp-8883,60.58993412698408,60.0
2393,mp-20549,43.879923809523795,60.0
1108,mp-5590,61.61477142857144,60.0
2213,mp-1039293,37.97563095238094,60.0
2278,mp-571599,65.2366976190476,60.0
143,mp-979417,59.74558095238093,60.0
2396,mp-9179,57.01097142857142,60.0
1990,mp-973276,62.31282380952379,61.0
2228,mp-619461,102.81837140637148,61.0
1481,mp-495,88.1136047619047,61.0
1217,mp-19729,67.47656666666668,61.0
1972,mp-974315,54.78071666666669,61.0
2197,mp-865525,68.8686095238095,61.0
1932,mp-866133,60.13889047619049,61.0
1792,mp-19808,60.40515238095236,61.0
1859,mp-1734,62.03423333333335,61.0
1067,mp-12277,61.095976190476286,61.0
943,mp-35841,45.79504920634922,61.0
1315,mp-29136,54.12359761904764,61.0
132,mp-862942,56.55001904761904,61.0
849,mp-975646,70.18919523809525,61.0
676,mp-867143,65.42947142857145,61.0
164,mp-5342,58.94538412698416,61.0
675,mp-644264,58.43029365079368,61.0
2405,mp-30800,57.972771428571434,61.0
1322,mp-10256,67.90059761904756,62.0
2300,mp-11343,53.899503174603126,62.0
1710,mp-862716,72.46630238095233,62.0
1717,mp-7591,52.014718253968255,62.0
1218,mp-979424,62.99444761904765,62.0
278,mp-862756,62.46133809523811,62.0
2155,mp-22284,66.40380476190478,62.0
1739,mp-558059,56.77374047619049,62.0
502,mp-978287,79.14641428571429,62.0
1606,mp-16267,60.30171111111114,62.0
1165,mp-16220,87.29351615051633,62.0
1429,mp-979427,59.28583333333335,62.0
2029,mp-1029750,61.18070000000001,62.0
643,mp-1016854,129.65413186813174,62.0
71,mp-1018072,56.18928571428571,62.0
783,mp-862788,61.71078095238094,63.0
2295,mp-978515,63.707361904761896,63.0
2190,mp-23729,41.5278341269842,63.0
1943,mp-1009088,81.15255103785103,63.0
779,mp-862672,72.12610476190477,63.0
1203,mp-675349,60.96142857142856,63.0
817,mp-861625,64.40600238095239,63.0
140,mp-976968,103.13851666666667,63.0
1845,mp-570707,65.33879523809522,63.0
1483,mp-865983,64.23179523809529,63.0
1738,mp-550111,60.66222857142853,63.0
2379,mp-568306,152.8288809523811,63.0
1626,mvc-5884,115.14944047619045,63.0
794,mp-2159,61.57835714285717,63.0
2086,mp-865159,62.913955555555525,63.0
367,mp-19713,61.121304761904774,63.0
910,mp-865156,63.98714126984125,63.0
480,mp-552292,60.65995238095236,64.0
339,mp-6962,64.69051904761899,64.0
1144,mp-752730,84.46311349206348,64.0
1147,mp-754542,68.73346666666669,64.0
898,mp-1640,69.74359523809521,64.0
626,mp-999130,82.62768095238096,64.0
343,mp-975373,195.79392857142852,64.0
661,mp-30722,68.71845238095236,64.0
53,mp-554601,45.25714761904763,64.0
1820,mp-978529,60.3442904761905,64.0
810,mp-862732,67.37795476190472,64.0
1944,mp-31209,80.12523200133198,64.0
2325,mp-866008,61.30530000000002,64.0
269,mp-1001012,61.342642857142884,64.0
2448,mp-1009217,59.70083095238093,64.0
522,mp-1008924,58.55710952380953,64.0
246,mp-11771,62.19068095238094,65.0
66,mp-9195,55.41145714285715,65.0
1659,mp-3668,59.473335425685406,65.0
2222,mp-2071,61.638381818181756,65.0
138,mp-756784,43.44419047619048,65.0
1024,mp-1811,37.54518333333333,65.0
1233,mp-866176,72.3786,65.0
1035,mp-675180,61.07384285714287,65.0
412,mp-754516,73.05921031746028,65.0
409,mp-34735,60.80394920634923,65.0
153,mp-2273,74.94874242424241,65.0
121,mp-8402,56.874104761904725,65.0
114,mp-2137,73.47565238095241,65.0
2385,mp-708,79.82807142857152,65.0
1652,mp-556424,47.61065238095237,65.0
30,mp-12553,67.4022619047619,65.0
22,mp-488,39.48049033189032,65.0
1121,mp-996983,98.31457380952381,65.0
2047,mp-8253,65.56000714285717,65.0
644,mp-13306,47.23569047619051,65.0
1991,mp-20805,41.52220000000001,65.0
386,mp-10180,54.83279047619049,66.0
1158,mp-29733,75.96800000000005,66.0
1143,mp-569674,106.11182857142859,66.0
1394,mp-6394,119.43481428571432,66.0
225,mp-961698,60.776338095238096,66.0
1139,mp-504731,109.51125476190478,66.0
887,mp-1021669,61.312293650793706,66.0
1028,mp-1603,86.68459047619041,66.0
1202,mp-980662,69.06174285714287,66.0
144,mp-768864,68.54296666666669,66.0
886,mp-755552,48.21810952380957,66.0
2090,mp-16513,69.3212571428571,66.0
1806,mp-4861,61.23306666666665,66.0
1057,mp-978907,67.98115714285717,66.0
1720,mp-862980,70.80286190476188,66.0
1025,mp-1019362,70.7602904761905,66.0
1800,mp-22052,38.353339682539705,66.0
974,mp-19722,60.64341904761899,66.0
2014,mp-603640,60.58993412698408,67.0
554,mp-978988,61.045066666666706,67.0
654,mp-6917,71.14139047619044,67.0
217,mp-546621,67.19461428571432,67.0
1753,mp-16032,78.5736380952381,67.0
1490,mp-1025203,65.75707619047618,67.0
1864,mp-5908,72.54326190476189,67.0
1150,mp-570272,62.96354761904761,67.0
633,mp-33588,62.32584126984124,67.0
1338,mp-755581,88.05603333333332,67.0
1065,mp-863743,70.15560952380943,67.0
580,mp-23058,66.50176190476189,67.0
764,mp-5549,62.936457431457434,67.0
1862,mp-862711,65.04360476190476,67.0
947,mp-867218,64.35068253968254,67.0
1047,mp-23116,58.674635281385285,68.0
824,mp-549709,71.99958095238098,68.0
1043,mp-1320,57.953409523809455,68.0
584,mp-7723,62.384126406926406,68.0
1430,mp-2524,65.57562380952385,68.0
1663,mp-7962,54.14209523809529,68.0
2165,mp-978499,60.61459713064714,68.0
1371,mp-862903,72.89659523809526,68.0
2376,mp-22648,68.42825714285715,68.0
2010,mp-865856,62.05934761904759,68.0
76,mp-1342,61.72430952380952,68.0
289,mp-977428,68.80630432900426,68.0
1451,mp-14038,43.491585714285726,68.0
1318,mp-867196,69.9161285714286,68.0
74,mp-30721,65.7501095238095,68.0
2002,mp-7973,68.12978571428577,68.0
1099,mp-862884,70.42670476190482,69.0
681,mp-972916,78.66216190476187,69.0
688,mp-20531,75.1681428571428,69.0
80,mp-972420,68.36897619047622,69.0
1538,mp-675798,61.14262380952381,69.0
2453,mp-11947,62.20520000000001,69.0
2128,mp-570093,61.80601904761899,69.0
726,mp-1011375,57.953409523809455,69.0
731,mp-867245,56.64052777777778,69.0
1594,mp-1405,68.24841428571429,69.0
1241,mp-8125,104.86795238095242,69.0
1742,mp-20563,66.81016190476191,69.0
2204,mp-578606,63.801695238095206,69.0
793,mp-865808,70.26785714285715,69.0
209,mp-1860,71.42015714285714,69.0
2172,mp-569406,74.7171761904761,69.0
46,mp-1029349,93.39677857142858,69.0
1586,mp-19746,58.92333867243868,69.0
16,mp-864775,69.06108095238093,69.0
2231,mp-10953,60.282985714285715,69.0
1577,mp-1189,65.89870952380953,69.0
2303,mp-12696,75.32651428571427,70.0
120,mp-1029448,79.32753809523813,70.0
599,mp-756034,85.8326333333333,70.0
2186,mp-1018136,84.13289047619047,70.0
200,mp-13725,76.73586428571431,70.0
1918,mp-13570,76.03158571428574,70.0
1325,mp-979038,90.78633809523814,70.0
137,mp-5564,69.88097460317465,70.0
2147,mp-25317,63.41700714285713,70.0
883,mp-8320,66.48810952380948,70.0
2008,mp-2927,59.50511414141414,70.0
1703,mp-7572,64.14939935064936,70.0
481,mp-2172,70.55413571428569,70.0
1840,mp-1009079,53.65065952380948,70.0
241,mp-973736,49.52260079365079,71.0
965,mp-571203,69.0651380952381,71.0
671,mp-553939,71.7691277777777,71.0
322,mp-309,89.27194285714283,71.0
1175,mp-738,49.88379047619049,71.0
1829,mp-862673,76.04530476190483,72.0
867,mp-24390,50.38638593073597,72.0
109,mp-545756,63.46724458874461,72.0
800,mp-11754,93.25527142857142,72.0
1442,mp-19988,79.20073772893778,72.0
2308,mp-1024954,71.47354285714283,72.0
1722,mp-866150,75.69558095238095,72.0
1023,mp-31277,80.7499190476191,72.0
379,mp-1006880,132.6257904761906,72.0
365,mp-8456,66.76332380952387,72.0
1456,mp-862860,71.03960000000002,72.0
468,mp-861724,77.41326190476195,72.0
1479,mp-1834,71.57192380952381,72.0
1579,mp-2451,74.29632857142859,72.0
166,mp-962061,53.87383333333332,72.0
1460,mp-21318,83.6767190476191,72.0
1910,mp-22595,78.43853809523816,73.0
1388,mvc-2949,98.25219047619044,73.0
2332,mp-1025291,72.35806428571425,73.0
392,mp-862841,77.14092857142862,73.0
2075,mp-976952,88.1532817460318,73.0
2264,mp-864772,86.66027142857139,73.0
860,mp-979176,68.94763333333333,73.0
1877,mp-12505,74.70202857142857,73.0
1073,mp-22689,116.43398571428574,73.0
42,mp-1447,70.06447380952379,73.0
2247,mp-7568,72.68851904761911,73.0
1300,mp-1018690,81.30498095238097,73.0
1881,mp-978624,74.32760952380951,73.0
72,mp-977391,72.22280476190474,73.0
2415,mp-864978,67.61287813852812,73.0
623,mp-998418,79.23568809523805,74.0
174,mp-569834,71.87128571428566,74.0
602,mp-14600,110.59654761904766,74.0
782,mp-30351,81.91953333333333,74.0
2074,mp-27227,82.0519706349206,74.0
505,mp-13536,81.83038095238093,74.0
1593,mp-20202,73.36760396825396,74.0
1008,mp-30360,88.90662930402924,74.0
2446,mp-625055,137.00371330532215,74.0
1397,mp-4083,85.13843333333328,74.0
1434,mp-8891,122.87143492063494,74.0
902,mp-20545,73.63245108225115,74.0
1655,mp-1315,52.069261904761895,74.0
2016,mp-2233,65.4135904761905,74.0
449,mp-10140,84.04884444444446,74.0
1453,mp-22346,62.72731904761903,75.0
1138,mp-983583,74.10935714285712,75.0
2267,mp-4198,101.58556230158736,75.0
197,mp-979984,54.21763333333334,75.0
1917,mp-1256,71.84452380952378,75.0
232,mp-7502,31.334176190476175,75.0
1985,mp-560976,56.72554761904763,75.0
315,mp-676828,101.39632222222231,75.0
1827,mp-985443,79.9262896825397,75.0
1447,mp-12444,61.73929523809522,75.0
900,mp-600428,89.09552380952381,75.0
2107,mp-4666,72.64935952380952,75.0
1656,mp-561412,71.7691277777777,75.0
425,mp-865467,63.04386666666661,75.0
1937,mp-1018728,74.01045714285712,75.0
2199,mp-9387,77.38398571428571,75.0
1095,mp-985282,78.64873333333325,75.0
1598,mp-865185,96.68581587301584,76.0
411,mp-866279,88.48783736263736,76.0
19,mp-1016932,141.93039761904757,76.0
136,mp-19787,98.30280000000003,76.0
1042,mp-863723,74.64029523809522,76.0
666,mp-972530,86.65582380952387,76.0
438,mp-2088,61.21832380952385,76.0
1146,mp-567574,75.73018571428574,76.0
2297,mp-568139,77.39373333333332,76.0
1557,mp-971662,87.29351615051633,76.0
119,mp-556777,69.51113174603177,76.0
2189,mp-972882,78.01672857142857,76.0
361,mp-983229,80.6309761904762,76.0
2130,mp-12703,70.57635238095234,77.0
812,mp-768,78.52273809523815,77.0
2044,mvc-7194,107.69355317460321,77.0
2088,mp-568961,70.33856190476193,77.0
2310,mp-570014,85.05399047619048,77.0
828,mp-983565,67.25418095238095,77.0
127,mp-13302,85.31222857142855,77.0
1246,mp-997034,86.81511904761899,77.0
435,mp-867908,72.65457142857143,77.0
2331,mp-567589,72.03673809523802,77.0
1640,mp-776216,258.4580346320346,77.0
2391,mp-4109,96.21705714285713,77.0
1459,mp-866107,81.30736190476183,77.0
2287,mp-1877,74.9721047619047,77.0
2142,mp-19817,75.44589047619046,77.0
1856,mp-9968,69.7806476190476,77.0
268,mp-1018745,74.85371428571432,77.0
1182,mp-1025241,97.0444761904762,77.0
1787,mp-9146,104.11017539682541,77.0
73,mp-1025136,89.8531857142857,77.0
1111,mp-867235,82.12910000000002,77.0
1556,mp-28006,83.2049650793651,77.0
25,mp-864934,81.91953333333333,78.0
2455,mp-21382,71.96842857142859,78.0
316,mvc-15848,51.880628571428545,78.0
1880,mp-19824,80.15834603174595,78.0
802,mp-552098,46.456538095238066,78.0
977,mp-1018104,101.7552238095238,78.0
934,mp-29771,139.47419270234406,78.0
2049,mp-979422,92.01865714285714,78.0
1959,mp-862865,88.17232857142862,78.0
1132,mp-638765,170.4510407882453,78.0
829,mp-981209,143.7566293650794,78.0
402,mp-3034,89.00266825396818,78.0
1001,mp-5589,83.68791904761909,78.0
2181,mp-867867,75.9704380952382,78.0
832,mp-625150,141.42819495798318,78.0
212,mp-3700,70.41191904761905,78.0
884,mp-864892,86.83479267399271,79.0
798,mp-972657,76.94816666666667,79.0
2217,mp-7080,82.63105238095234,79.0
2350,mp-1008928,53.7449095238095,79.0
486,mp-864675,65.59482301587302,79.0
243,mp-2327,88.48411904761906,79.0
304,mp-19086,88.61499047619047,79.0
1697,mp-10133,98.37608571428568,79.0
767,mp-2334,77.18274761904759,79.0
458,mp-2350,60.916819841269806,79.0
1169,mp-20356,95.21774761904759,79.0
89,mp-30340,77.05072380952384,79.0
528,mp-8818,78.41906587301587,80.0
2243,mp-7476,77.23809047619041,80.0
1670,mp-11412,75.79850476190475,80.0
192,mp-4448,74.64588571428565,80.0
1493,mp-510401,91.20084761904766,80.0
2078,mp-8122,90.3835,80.0
1336,mp-1876,16.768833333333358,80.0
203,mp-557569,69.7256595238095,80.0
2083,mp-1018079,151.62911575091573,80.0
1135,mp-5364,137.44090952380952,80.0
499,mvc-14334,59.4826214285714,80.0
657,mp-862339,77.48303333333331,80.0
1638,mp-567089,82.94739523809524,80.0
1436,mp-977418,81.74788571428573,80.0
1303,mp-997100,101.393419047619,80.0
825,mp-865934,77.01983095238093,81.0
1487,mp-4025,83.47334285714284,81.0
851,mp-9212,116.06801904761907,81.0
544,mp-862872,92.31912600732599,81.0
308,mp-13503,84.74341428571434,81.0
376,mp-7877,73.22026904761903,81.0
736,mp-3158,64.9362952380953,81.0
1772,mp-10850,64.90765952380953,81.0
1671,mp-17639,83.26335238095234,81.0
21,mp-19946,84.60384761904754,81.0
2406,mp-22779,83.71932380952383,81.0
1909,mp-1029592,80.4394,81.0
2342,mp-28549,79.14608809523807,81.0
2275,mp-863671,80.09741428571431,81.0
2400,mp-22864,79.03103809523812,82.0
221,mp-996990,73.66342380952379,82.0
701,mp-1608,74.52167619047627,82.0
2191,mp-20175,96.87158095238097,82.0
1668,mp-11237,90.93235714285716,82.0
955,mp-1024955,70.48060476190473,82.0
1844,mp-971669,85.15652380952385,82.0
790,mp-861499,90.60112857142856,82.0
983,mp-1029726,79.51947619047624,82.0
1729,mp-972082,51.16494126984124,82.0
895,mp-865999,91.9321857142857,82.0
259,mp-972526,80.26170000000008,82.0
655,mp-2738,83.80889047619046,82.0
1063,mp-862815,95.45441904761907,82.0
1961,mp-8874,82.87740393217895,83.0
894,mp-627,73.89660476190475,83.0
2404,mp-20800,79.68624761904769,83.0
1804,mp-5519,83.7870476190476,83.0
396,mp-31152,77.69575714285709,83.0
1411,mp-134,86.01733095238095,83.0
776,mp-16371,86.8335142857143,83.0
1548,mp-546546,104.70749007567892,83.0
1563,mp-867206,76.02597619047617,83.0
1313,mp-568823,86.30283333333334,83.0
1263,mp-644246,79.21745238095241,83.0
214,mp-11209,70.55413571428569,83.0
443,mp-4236,83.72373095238095,83.0
1472,mp-27,87.29351615051633,83.0
1750,mp-1017540,91.86748571428564,83.0
1262,mp-11765,105.78958333333335,84.0
1186,mp-22683,66.72324047619048,84.0
940,mp-754218,94.06458253968256,84.0
2352,mp-5788,104.55138571428573,84.0
1399,mp-13203,81.57728571428567,84.0
1101,mp-1025229,114.80538571428568,84.0
1270,mp-2121,91.15136190476187,84.0
17,mp-3513,84.71747142857147,84.0
2315,mp-1029826,81.44642380952381,84.0
1157,mp-865504,80.99775238095239,84.0
1237,mp-10528,81.02019523809524,84.0
191,mp-4842,39.0405606060606,84.0
375,mp-20777,79.03316190476188,84.0
155,mp-867285,75.77337142857144,84.0
852,mp-2052,86.84558205128197,84.0
959,mp-753848,88.07586031746034,84.0
1716,mp-865793,94.5212095238095,85.0
351,mp-9945,60.457538961038935,85.0
454,mp-863684,66.90168492063489,85.0
1339,mp-5671,86.45178571428578,85.0
1196,mp-3726,70.2690904761905,85.0
1509,mp-2666,76.06762380952381,85.0
853,mp-19138,94.65581666666668,85.0
1667,mp-5394,78.04669523809524,85.0
2298,mp-4763,82.54318571428577,85.0
2299,mp-1017626,59.85461190476189,85.0
508,mp-20263,42.54463809523807,85.0
2367,mp-770118,92.04163650793645,86.0
553,mp-962063,42.39664285714285,86.0
2412,mp-867252,79.65645238095236,86.0
682,mp-1926,93.76890952380951,86.0
266,mp-1008488,85.01692857142865,86.0
501,mp-13070,103.69826190476186,86.0
2357,mp-29638,69.00573492063494,86.0
261,mp-569446,103.92311111111107,86.0
2077,mp-977554,86.93486666666664,86.0
313,mp-16366,78.3170571428571,86.0
1876,mp-18965,102.09788571428572,86.0
2023,mp-24012,80.58615238095237,86.0
1535,mp-867182,85.72802857142857,86.0
1767,mp-5729,72.1623857142857,86.0
122,mp-568006,106.83577142857142,86.0
1191,mp-862885,90.63478095238092,86.0
719,mp-11261,82.58717619047619,86.0
929,mp-1025105,89.01381428571429,87.0
2045,mp-556548,134.1575078898225,87.0
1415,mp-4484,90.27986666666668,87.0
834,mp-7349,127.92690555555559,87.0
897,mp-20275,83.78510476190475,87.0
1939,mp-973143,81.4727238095238,87.0
1328,mp-30562,96.70868571428572,87.0
1709,mp-669,82.64200952380953,87.0
1657,mp-1029737,85.68237142857139,87.0
242,mp-1025193,93.79286666666674,87.0
616,mp-545512,94.4045857142857,87.0
2289,mp-674334,108.13513809523815,87.0
593,mp-8177,40.96110793650792,88.0
606,mp-5787,106.49269523809522,88.0
758,mp-568565,140.43389047619058,88.0
1571,mp-813,92.08758571428564,88.0
1503,mp-552265,46.456538095238066,88.0
1920,mp-867272,79.9375071428571,88.0
188,mp-555477,48.205809740259724,88.0
1485,mp-864599,84.05821904761905,88.0
394,mp-755586,88.02892380952373,88.0
1446,mp-1607,94.07810952380952,88.0
1234,mp-11504,101.8650047619048,88.0
647,mp-21363,97.06880476190477,88.0
2053,mp-2757,90.52511190476194,88.0
641,mp-865522,85.54970952380955,88.0
2386,mp-989642,43.58830000000002,88.0
2438,mp-866298,105.36164206349217,88.0
2003,mp-755472,86.81511904761899,88.0
1081,mp-1018709,96.71461904761904,88.0
815,mp-865990,82.40217857142855,88.0
61,mp-12004,85.56020952380956,88.0
664,mp-759541,107.9324293650794,88.0
1595,mp-998414,66.1372142857143,88.0
693,mp-754534,91.62203333333338,88.0
446,mp-864933,93.98467619047614,89.0
784,mp-22389,111.16608095238092,89.0
1956,mp-1009822,113.36480952380948,89.0
1085,mp-754055,81.51422857142848,89.0
1343,mp-1306,85.48548095238094,89.0
1342,mp-20296,93.8086413919414,89.0
822,mp-7822,80.04318095238095,89.0
513,mp-12521,88.87257142857142,89.0
1187,mp-567097,88.42261904761904,89.0
2276,mp-862886,96.33796190476185,89.0
1190,mp-10694,98.50972380952378,89.0
1275,mp-1007666,87.9674857142858,89.0
2097,mp-6459,76.24519444444451,89.0
1730,mp-1008873,121.61741946778722,89.0
722,mp-12008,105.51378095238094,89.0
256,mp-9972,88.18945714285714,89.0
371,mp-4711,84.54263412698414,89.0
967,mp-22149,81.44579523809523,89.0
526,mp-1831,77.28661428571428,90.0
81,mp-30455,92.0182428571428,90.0
1816,mp-982772,88.99775714285713,90.0
588,mp-18949,111.69663095238087,90.0
1385,mp-28995,97.28652399626516,90.0
2361,mp-2104,79.96815396825394,90.0
1039,mp-2849,73.33123015873015,90.0
600,mp-5637,95.48175952380949,90.0
1590,mp-573,95.3476238095238,91.0
706,mp-21251,103.42018095238086,91.0
2239,mp-552802,82.82975714285719,91.0
1793,mp-550,97.00765757575745,91.0
271,mp-865996,85.66197619047617,91.0
2146,mp-18854,110.25110079365076,91.0
1424,mp-971733,149.7090598899209,91.0
1185,mp-30763,94.97613809523818,91.0
2370,mp-866177,103.5072476190477,91.0
1199,mp-28793,140.61382767949283,91.0
2033,mp-1882,88.4962603174604,91.0
1445,mp-1025242,96.65608571428572,91.0
104,mp-979044,84.9467703296703,92.0
742,mp-30362,104.56135238095248,92.0
2021,mp-1995,103.41191666666651,92.0
591,mp-12118,101.22713968253971,92.0
1230,mp-9304,77.47412301587299,92.0
916,mp-754010,109.63904999999995,92.0
841,mp-21020,101.78955238095246,92.0
548,mp-861483,95.55664761904764,92.0
586,mp-14070,78.33413809523805,92.0
1549,mp-1898,78.71391904761904,92.0
210,mp-571506,83.27792857142856,92.0
966,mp-554201,57.848544588744545,92.0
1387,mp-976971,99.880411904762,93.0
2039,mp-567210,86.6786523809524,93.0
2059,mp-618991,91.51888095238085,93.0
1940,mp-5605,90.36653333333332,93.0
1494,mp-27226,114.45442698412695,93.0
880,mp-985825,96.74208015873016,93.0
1452,mp-1022725,39.380856349206375,93.0
182,mp-4429,86.1489857142857,93.0
475,mp-13119,123.42600000000013,93.0
1110,mp-1029313,77.71231904761906,93.0
1308,mp-4054,99.88026666666664,93.0
1103,mp-5862,75.72845,94.0
1645,mp-7352,84.56420735930736,94.0
1693,mp-1066,84.76290952380945,94.0
1553,mp-755225,80.1943142857143,94.0
801,mp-999204,91.15136190476187,94.0
2004,mp-21087,79.96815396825394,94.0
1070,mp-973442,99.51590476190478,94.0
1292,mp-972895,108.05847619047613,94.0
1311,mp-1008965,106.397019047619,94.0
43,mp-19880,60.155911904761865,94.0
388,mp-10550,72.77701940836941,94.0
770,mp-775127,93.75125873015871,94.0
2123,mp-436,98.15778571428578,95.0
87,mp-552663,106.47809000933715,95.0
949,mp-754401,170.4510407882453,95.0
975,mp-555370,89.6518738095238,95.0
2229,mp-19418,120.02927619047622,95.0
1432,mp-862663,73.42792857142858,95.0
2216,mp-1001612,95.50029999999997,95.0
2176,mp-11800,94.92197380952378,95.0
2366,mp-378,87.74195238095244,95.0
1041,mp-8145,86.56943333333334,95.0
1546,mp-28339,82.39104761904757,95.0
890,mp-864608,165.85252380952392,96.0
707,mp-31182,93.12205714285706,96.0
729,mp-1046,95.71308253968256,96.0
1419,mp-4972,104.39149999999997,96.0
1269,mp-21289,98.31172619047622,96.0
1513,mp-13535,84.57684523809522,96.0
125,mp-581754,94.26737777777784,96.0
20,mp-755568,125.08227857142865,97.0
94,mp-4259,92.17945714285706,97.0
1002,mp-20695,100.33594285714287,97.0
107,mp-19973,81.08429999999993,97.0
1677,mvc-14714,50.12340000000001,97.0
781,mp-12923,71.3270666666667,97.0
778,mp-19807,91.20472063492063,97.0
171,mp-613,80.45630476190482,97.0
1892,mp-2807,66.75730000000001,98.0
337,mp-997005,117.60519047619057,98.0
1741,mp-564,65.28380476190479,98.0
2283,mp-37906,92.65053015873,98.0
474,mp-12523,95.82649047619049,98.0
1443,mp-9835,92.75206666666661,98.0
50,mp-1240,100.04206190476185,98.0
1675,mp-11351,81.6102904761905,98.0
1994,mp-8188,79.17342380952374,98.0
1572,mp-961687,116.43398571428574,98.0
1402,mp-30750,94.02615238095241,98.0
2334,mp-109,87.29351615051633,99.0
1603,mp-976284,106.21895396825396,99.0
250,mp-1018063,78.58773809523805,99.0
223,mp-865002,99.98815238095234,99.0
106,mp-3887,80.91352619047616,99.0
1705,mp-864922,96.97226190476195,99.0
1830,mp-1019358,97.57942619047613,99.0
56,mp-1239,102.53151904761906,99.0
126,mp-18814,107.01818513708506,99.0
98,mp-2606,94.8311824175823,99.0
711,mp-1025335,99.7214285714285,99.0
2262,mp-989530,113.60211428571426,99.0
1803,mp-851,94.86992380952385,99.0
1749,mp-20059,138.70975714285714,99.0
1392,mp-2297,107.06385396825388,100.0
2281,mp-994,107.17879523809523,100.0
306,mp-984544,94.44159047619051,100.0
972,mp-3676,97.06731428571432,100.0
2442,mp-981376,118.4193968253968,100.0
861,mp-985440,128.24444444444444,100.0
45,mp-855,113.32301904761907,100.0
457,mp-862682,80.25638095238095,100.0
1362,mp-976133,81.52672380952384,100.0
920,mp-571420,78.85100952380957,100.0
124,mp-972985,131.9430992063492,100.0
759,mp-3917,125.15886666666677,100.0
1518,mp-2462,95.44795833333332,100.0
1728,mp-12773,104.69883333333335,100.0
346,mp-865459,108.83437142857143,101.0
775,mp-631565,154.18907142857148,101.0
1771,mp-865847,105.42856666666668,101.0
1588,mp-976259,130.62097619047606,101.0
1927,mp-972869,102.82676666666677,101.0
1418,mp-8640,113.95265238095243,101.0
1569,mp-755478,104.9840047619048,101.0
1400,mp-976419,111.50775714285707,101.0
2265,mp-13450,101.37962857142843,101.0
1029,mp-752467,144.08617453951263,101.0
291,mp-3210,96.36256428571434,101.0
6,mp-636368,126.29105259740268,102.0
2031,mp-2510,82.19548571428572,102.0
2001,mp-558125,72.87636890331888,102.0
116,mp-981210,75.54712857142863,102.0
843,mp-4302,106.93922380952377,102.0
1573,mp-17092,93.01536666666672,102.0
1778,mp-984,207.54357171717166,103.0
1718,mp-10848,87.70605209235201,103.0
1134,mp-755609,105.67504033189041,103.0
1212,mp-12764,109.05170396825392,103.0
989,mp-11304,37.49442857142861,103.0
1712,mp-867251,88.4050142857143,103.0
27,mvc-916,133.4867190476191,103.0
772,mp-977143,123.2004904761905,103.0
1978,mp-13504,94.66948571428577,103.0
517,mp-39681,129.92159761904762,103.0
1975,mp-754629,252.28598809523862,103.0
1872,mp-2310,123.65815317460316,103.0
162,mp-1630,100.87780476190474,104.0
2178,mp-862321,111.88942380952385,104.0
321,mp-755714,90.84204285714279,104.0
416,mp-13944,82.37891190476186,104.0
796,mp-1029293,86.60245238095237,104.0
1141,mp-246,98.60131339444862,104.0
1600,mp-31452,118.97172380952385,104.0
1629,mp-21007,92.88681904761904,104.0
1062,mp-864611,105.52580952380951,104.0
1422,mp-1029763,168.90642131398022,104.0
2353,mp-1029733,88.08957142857143,104.0
469,mp-3217,110.43229523809528,104.0
496,mp-972077,114.930461904762,104.0
2132,mp-31205,108.6883904761905,104.0
1215,mp-561536,84.03453253968252,104.0
631,mp-16993,134.3921517316017,104.0
1946,mp-19929,121.45470714285715,104.0
1386,mp-2877,102.7589102564102,104.0
2062,mp-10322,97.36350952380958,104.0
2343,mp-3385,78.58221904761908,105.0
1363,mp-675402,79.05963492063508,105.0
404,mp-8311,108.82512826617821,105.0
1642,mp-1023128,75.73270158730159,105.0
1858,mp-1008669,120.54876446886448,105.0
251,mp-979115,125.4317214285715,105.0
1942,mp-999096,131.02791428571422,105.0
2272,mp-30208,94.24825000000007,105.0
407,mp-1029251,106.77019047619041,105.0
2009,mp-3211,96.08934047619049,105.0
2356,mp-1008568,122.04378333333332,105.0
86,mp-1014219,110.03199047619046,105.0
563,mp-924128,135.88394285714284,105.0
207,mp-10086,90.77588095238087,106.0
1448,mp-1361,74.36334603174606,106.0
1812,mp-16488,113.09597871148468,106.0
2383,mp-13138,106.6257047619048,106.0
1684,mp-755352,107.48758095238085,106.0
105,mp-984357,30.222519047619055,106.0
1172,mp-5109,120.01249523809528,106.0
1489,mp-4088,125.97918571428566,106.0
1409,mp-13434,106.8766095238095,106.0
1597,mp-1018828,104.63108095238098,106.0
385,mp-11193,76.04971190476195,106.0
1825,mp-625,103.94465238095236,107.0
2349,mp-20847,91.6806238095238,107.0
1440,mp-631571,114.29418571428577,107.0
1515,mp-864969,102.90961904761903,107.0
1681,mp-2598,132.41844285714294,107.0
1848,mp-15694,87.83932857142858,108.0
220,mp-555970,67.50441666666671,108.0
2096,mp-36086,92.95314761904766,108.0
2232,mp-4630,105.98847142857143,108.0
836,mp-862875,100.69344761904759,108.0
1256,mp-11382,107.36787142857142,108.0
2301,mp-777047,88.43337857142859,108.0
1475,mp-643273,88.70087619047622,108.0
3,mp-18924,106.4136285714285,109.0
837,mp-282,103.03861572871571,109.0
108,mp-862379,111.02082380952378,109.0
2285,mp-31297,117.37046190476187,109.0
1913,mp-765508,129.7530628978865,109.0
318,mp-20329,110.52895000000008,109.0
757,mp-1658,101.18204075630251,109.0
1051,mp-1559,76.27837481962477,110.0
1678,mp-11521,118.69548571428574,110.0
1271,mp-864975,99.58488095238087,110.0
2261,mp-989551,102.15929285714282,110.0
2027,mp-754349,121.02526428571429,110.0
380,mp-2931,112.95653730158729,110.0
881,mp-2083,118.42233333333333,110.0
1835,mp-1025173,82.68950634920634,110.0
1559,mp-15695,108.07361428571423,110.0
574,mp-867887,93.33473809523808,111.0
2244,mp-2361,118.47564761904756,111.0
1695,mp-30686,108.17279285714277,111.0
398,mp-754213,105.57641825396831,111.0
1931,mp-21215,116.65839523809532,111.0
2121,mp-974973,110.0484238095238,111.0
248,mp-13155,123.6554904761905,111.0
208,mp-18807,120.47535238095234,111.0
519,mp-8742,118.13370952380943,112.0
1180,mp-1008874,95.374130952381,112.0
154,mp-510589,122.9411214285715,112.0
1613,mp-7917,98.61591904761907,112.0
1912,mp-862376,112.62155714285713,112.0
2011,mp-755543,88.23750476190484,112.0
2358,mp-17275,119.71620158730155,112.0
918,mp-861629,117.07848095238104,112.0
2347,mp-568095,128.1842666666668,112.0
2307,mp-12759,109.58882698412708,112.0
2416,mp-16522,117.84887717086838,112.0
314,mp-569416,244.9410538011693,113.0
1160,mp-1025408,121.5093476190475,113.0
1643,mp-12772,118.43459047619044,113.0
559,mp-1029506,112.56193492063494,113.0
705,mp-313,119.58750873015866,113.0
2218,mp-1029921,99.69583571428578,113.0
570,mp-5137,104.22978571428571,113.0
78,mp-754605,108.23720714285713,113.0
2129,mp-867117,118.35637142857142,113.0
51,mp-568725,127.45160476190478,113.0
785,mp-2772,107.22080238095238,113.0
2206,mp-961705,121.31430476190478,113.0
1227,mp-753594,50.30409523809527,113.0
763,mp-10624,113.156119047619,113.0
410,mp-867253,110.94900476190479,114.0
1984,mp-30774,105.80384285714293,114.0
1916,mp-1029378,109.21865714285721,114.0
665,mp-4064,94.60123809523813,114.0
1177,mp-12954,67.76484761904761,114.0
163,mp-9381,102.2875952380952,114.0
1130,mp-19118,114.29621904761908,114.0
814,mp-625054,137.00371330532215,114.0
2137,mp-846,118.19015238095238,114.0
695,mp-2918,134.77485238095238,114.0
716,mp-556075,112.35275714285716,114.0
240,mp-987,109.31580793650795,114.0
111,mp-5244,102.53686825396832,114.0
1020,mp-19356,139.37804761904758,114.0
181,mp-31031,128.89882085137086,114.0
954,mp-2685,107.70076190476202,115.0
303,mp-12741,126.10044285714285,115.0
1208,mp-12651,110.10853809523806,115.0
1952,mp-1018804,41.08719365079371,115.0
1883,mp-983564,114.51063968253963,115.0
1450,mp-9198,119.01209871794866,115.0
1484,mp-1294,129.36430476190472,115.0
1291,mp-2333,109.96868571428568,115.0
922,mp-30047,112.31350000000006,115.0
14,mp-2483,99.84292857142854,116.0
2095,mp-22541,105.51733333333333,116.0
285,mp-452,125.12937142857149,116.0
1517,mp-571655,225.1173065998329,116.0
1406,mp-570452,107.36268571428567,116.0
1090,mp-20928,110.6269428571428,116.0
262,mp-19035,106.98565238095242,116.0
1137,mp-2391,118.19390476190478,117.0
2089,mp-623134,119.24367142857152,117.0
2154,mp-2800,120.41352067932058,117.0
2380,mp-806,164.359417710944,117.0
1846,mp-1264,112.95044761904768,117.0
1930,mp-10738,103.41998095238093,117.0
738,mp-2265,131.14405238095233,118.0
1142,mp-1025,101.31709047619049,118.0
1834,mp-862424,119.66672857142858,118.0
2245,mp-754839,99.63601031746029,118.0
2454,mp-30672,114.86093333333336,118.0
1223,mp-19387,130.95278095238092,118.0
57,mp-862378,115.61597142857141,119.0
521,mp-18198,108.33228095238093,119.0
1170,mp-865603,114.90177619047621,119.0
1818,mp-4410,126.03456190476193,119.0
1284,mp-1008809,197.12092525252513,119.0
979,mp-953,123.69501536796541,119.0
1319,mp-999068,134.2108142857143,119.0
1628,mp-864907,134.16203333333328,119.0
1783,mp-30821,120.84286190476195,119.0
1687,mp-1025248,126.48539047619043,119.0
532,mp-867233,115.71392307692308,119.0
2084,mp-864931,142.3077428571429,119.0
1550,mp-684679,98.19497142857145,119.0
951,mp-19340,115.93325952380951,120.0
1700,mvc-13972,141.15270158730146,120.0
231,mp-999294,166.47719047619034,120.0
2382,mp-2396,120.84666666666656,120.0
1633,mp-1001831,56.52925714285716,120.0
2007,mp-581733,124.13540000000002,120.0
1254,mp-580364,106.58946666666674,121.0
690,mp-7186,122.13737142857146,121.0
2373,mp-977585,98.10083809523807,121.0
84,mp-510441,121.34921269841269,121.0
1037,mp-1654,118.85840952380951,121.0
2225,mp-1025420,113.0374952380952,121.0
827,mp-1019,134.47300952380954,121.0
1145,mp-1025393,120.8208952380952,121.0
2321,mp-1025285,123.13154761904768,121.0
1464,mp-20817,95.31833095238096,121.0
133,mp-27793,132.68827142857143,122.0
439,mp-4561,122.26310476190474,122.0
573,mp-976763,114.31105002334264,122.0
1083,mp-972899,118.87312857142851,122.0
912,mp-981250,141.96794523809515,122.0
2136,mp-11073,131.4569380952381,122.0
1505,mp-753298,113.18928160173162,122.0
281,mp-569151,144.15135952380953,122.0
1128,mp-6174,145.6565310224089,122.0
652,mp-328,125.15211904761908,122.0
1762,mp-609151,129.14605238095234,122.0
432,mp-1025200,131.9906888888889,122.0
1454,mp-861936,115.51347142857145,122.0
456,mp-862423,127.17928095238102,122.0
2042,mp-504723,134.50484444444456,122.0
1784,mp-690536,124.98327142857136,123.0
927,mp-12075,137.57395714285715,123.0
1565,mp-4291,113.37018095238086,123.0
1570,mp-30579,107.10967619047622,123.0
1030,mp-862312,119.39700952380957,123.0
2460,mp-980945,136.37808333333314,123.0
445,mp-1020703,149.74730791562232,123.0
958,mp-28795,117.12727619047628,123.0
408,mp-21003,122.83244285714287,124.0
1005,mp-2965,101.08792380952384,124.0
1713,mp-1547,118.1592761904762,124.0
869,mp-30251,136.25025238095236,124.0
2171,mp-7066,115.39397936507942,124.0
1971,mp-763353,88.3161775443511,124.0
2150,mp-30337,126.56694761904764,124.0
1427,mp-2749,148.29392777777778,124.0
1011,mp-864780,116.40588095238097,124.0
1527,mp-4897,109.03415714285718,124.0
950,mp-3574,120.98927983193278,124.0
2423,mp-1045,107.82042380952385,124.0
142,mvc-10882,169.87137307181987,125.0
1530,mp-962068,39.30270000000001,125.0
1908,mp-644483,130.32752380952385,125.0
2296,mp-31756,134.09300699855694,125.0
1775,mp-863740,112.32024285714287,125.0
461,mp-2856,109.33910952380948,125.0
1814,mp-1018048,142.4952865079365,125.0
495,mp-19133,157.01167012987008,125.0
1476,mp-196,125.14495714285721,125.0
1094,mp-11283,134.71421904761894,126.0
1928,mp-20238,133.82283809523813,126.0
1765,mp-862363,124.45577619047621,126.0
488,mp-753920,109.58624761904758,126.0
2221,mp-1025348,145.51004761904755,126.0
403,mp-867802,128.67250952380954,126.0
2363,mp-971911,143.97861428571431,126.0
406,mp-866314,100.63769761904764,126.0
948,mp-865788,125.59180952380952,126.0
497,mp-1017555,62.82051428571425,126.0
1379,mp-35208,120.9218047619048,126.0
2056,mp-30585,106.58946666666674,126.0
1413,mp-2381,121.14405238095246,126.0
1919,mp-19069,126.24414523809533,127.0
1299,mp-362,111.84487857142855,127.0
568,mp-755594,141.19722857142852,127.0
23,mp-1842,124.70708571428577,127.0
614,mp-24150,98.00638333333332,127.0
1874,mp-552028,130.13029523809533,127.0
1649,mp-18782,114.61655476190485,127.0
1283,mp-865798,122.83417563025213,127.0
462,mp-775907,137.8963666666666,128.0
638,mp-865757,136.43771601731606,128.0
1437,mp-3736,127.67313809523807,128.0
415,mp-865342,127.95846666666678,128.0
1393,mp-540,129.97210714285708,128.0
1879,mp-36884,125.75973492063488,128.0
1945,mp-569451,136.90388095238094,128.0
498,mp-1216,88.34758730158731,128.0
1841,mvc-14645,165.45940476190478,128.0
85,mp-16115,146.3345380952381,128.0
1252,mp-1025262,123.95104285714285,128.0
389,mp-4908,122.52545238095242,129.0
1463,mp-1628,81.0462238095238,129.0
594,mp-2695,113.51986190476192,129.0
1661,mp-4181,146.3345380952381,129.0
1797,mp-867306,126.3308095238095,129.0
1018,mp-603,138.81268095238096,129.0
1377,mp-7524,113.13904365079372,129.0
397,mp-10901,124.19699621848741,129.0
885,mp-10390,157.06541857864354,129.0
1264,mp-22065,129.10168333333343,129.0
1022,mp-754812,170.4510407882453,130.0
1072,mp-4126,100.5266476190477,130.0
842,mp-981391,81.75679047619055,130.0
338,mp-218,120.18719285714285,130.0
288,mp-560340,139.44712857142858,130.0
1694,mp-8969,131.81122142857143,130.0
1163,mp-982667,129.49325714285715,130.0
2203,mp-19128,202.1836952380953,130.0
100,mp-865235,127.5652833333333,130.0
795,mp-5983,121.10322380952377,130.0
1216,mp-861,152.6318809523809,130.0
1951,mp-2078,129.24332380952382,130.0
2058,mp-12559,139.70730000000015,130.0
2413,mp-1018636,158.52079682539681,131.0
1768,mp-865516,144.09914285714282,131.0
696,mp-19225,124.38040695970705,131.0
2168,mp-2283,131.0287880952381,131.0
366,mp-12777,130.1224946778712,131.0
1672,mp-18972,117.72833888888886,131.0
816,mp-18819,75.89985291169103,131.0
1192,mp-5948,120.15298095238096,131.0
598,mp-1014460,207.47661652236644,131.0
29,mp-21090,146.18215238095243,131.0
1183,mp-22426,132.80450714285718,132.0
1664,mp-22150,142.93372857142853,132.0
1755,mp-6972,134.77485238095238,132.0
267,mp-776150,153.38793809523813,132.0
1962,mp-20849,134.23262857142865,132.0
1851,mp-842,112.0234761904762,132.0
535,mp-999550,171.5944647058824,132.0
1510,mp-30655,126.50000586080587,132.0
130,mp-569785,132.86511904761906,132.0
1901,mp-869,131.69365000000002,133.0
2209,mp-19050,113.29044761904764,133.0
75,mp-555483,104.70749007567892,133.0
656,mp-753911,121.68490714285718,133.0
534,mp-16349,129.13293412698417,133.0
530,mp-758741,137.32830714285708,133.0
2175,mp-30383,139.36830952380944,134.0
935,mp-997181,150.94351904761896,134.0
761,mp-961659,160.0390095238095,134.0
1194,mp-755252,94.20115238095242,134.0
1382,mp-775331,115.93325952380951,134.0
1178,mp-9514,132.32353715728715,134.0
2335,mp-5999,131.08745476190484,134.0
2435,mp-568564,143.36006904761894,134.0
748,mp-2317,141.67237142857144,135.0
1076,mp-14433,111.87124285714282,135.0
1174,mp-865211,146.17881428571428,135.0
1345,mp-4636,138.80790940170945,135.0
2133,mp-339,205.27599870129868,135.0
2309,mp-753708,98.15962661782665,135.0
1473,mp-624492,148.22195238095233,135.0
189,mp-7916,120.60945238095243,135.0
870,mp-1001571,136.3675285714287,136.0
864,mp-20350,138.5591166666666,136.0
2372,mp-18922,119.59318809523813,136.0
797,mp-3376,99.2173857142857,136.0
1259,mp-27471,128.86532619047614,136.0
560,mp-10141,142.31045238095226,136.0
1155,mp-5475,136.89260750360748,136.0
1562,mp-2551,139.94094285714286,136.0
1213,mp-1016873,161.21043383838372,136.0
1198,mp-569366,153.12686190476185,136.0
1887,mp-377,130.04315714285715,137.0
41,mp-7787,142.01421612831604,137.0
193,mp-81,141.08276666666669,137.0
2402,mp-3642,138.80790940170945,137.0
1625,mp-2513,126.22235714285709,137.0
1566,mp-30847,120.58147619047614,137.0
2000,mp-10627,47.86955238095235,137.0
2163,mp-1018033,136.3175047619048,137.0
2236,mp-1009593,105.4544714285715,137.0
612,mp-978496,169.6388676691728,138.0
930,mp-1029269,144.90289047619066,138.0
670,mp-1922,104.59067099567088,138.0
865,mp-1220,139.40230952380952,138.0
1069,mp-4090,143.5339095238095,138.0
2293,mp-1902,137.93643809523806,138.0
280,mp-9312,151.69462857142858,138.0
1999,mp-21879,98.25136587301596,138.0
1923,mp-754759,137.8963666666666,138.0
777,mp-568328,139.44464761904771,139.0
39,mp-30844,127.44510606060612,139.0
24,mp-3455,118.58062380952379,139.0
913,mp-8672,134.78055743145745,139.0
1979,mp-567856,138.63570476190478,139.0
2226,mp-1008558,152.32199047619048,139.0
1501,mp-972828,136.75594285714274,139.0
712,mp-15605,151.60905238095242,139.0
673,mp-549490,129.55976839826843,139.0
997,mp-1164,128.5428698412698,139.0
1822,mp-1009129,123.13682380952393,139.0
2144,mp-1652,136.31764285714294,139.0
503,mp-971682,177.49792860668737,140.0
551,mp-840,149.703780952381,140.0
899,mp-996964,107.81184523809523,140.0
1370,mp-961660,127.31061708683474,140.0
433,mp-977367,154.165,140.0
577,mp-12546,131.75653809523806,140.0
579,mp-997182,244.9410538011693,140.0
141,mp-5933,72.87636890331888,140.0
2028,mp-568940,122.41887142857144,140.0
4,mp-19378,147.21665439560448,140.0
1314,mp-567203,158.1447333333334,140.0
15,mp-510436,122.68537142857149,141.0
1298,mp-865322,129.28501315789472,141.0
968,mp-1025301,153.473338095238,141.0
230,mp-8370,196.0375255024816,141.0
110,mp-771,141.79020476190482,141.0
634,mp-973738,141.66012966983996,141.0
2410,mp-4076,123.71904285714292,141.0
2152,mp-861995,122.31629523809526,141.0
1733,mp-1018028,133.40647380952385,141.0
1839,mp-866168,142.29207142857152,141.0
1335,mp-862361,142.68943809523813,141.0
2258,mp-989695,148.00856904761906,142.0
2124,mp-38194,125.60971190476191,142.0
2076,mp-253,149.97702857142863,142.0
265,mp-19124,116.24435714285723,142.0
2067,mp-865696,149.4840142857143,142.0
888,mp-19754,143.7234727357609,142.0
1129,mp-646507,143.0791761904761,142.0
525,mp-504908,99.5554674603175,142.0
1307,mp-2665,155.37971428571439,143.0
1495,mp-2103,132.83934285714295,143.0
737,mp-8375,153.34750000000003,143.0
2180,mp-9270,137.45723333333322,143.0
1357,mp-13496,137.88345793650794,143.0
667,mp-19006,97.57504999999992,143.0
672,mp-1008918,106.397019047619,143.0
663,mp-3524,97.99447142857146,143.0
1031,mp-1762,159.00642063492074,144.0
37,mp-989609,195.33282041847053,144.0
1608,mp-6304,135.4752642857144,144.0
991,mp-5852,152.27689999999996,144.0
1462,mp-546973,130.23121190476195,144.0
752,mp-975347,137.44193015873017,144.0
2313,mp-4177,152.50876190476194,144.0
444,mp-865796,139.69411904761913,144.0
1444,mp-972327,171.5655809523809,144.0
1545,mp-10214,143.0702031746031,145.0
2143,mp-999083,130.82375714285712,145.0
702,mp-642750,98.00768388278387,145.0
2326,mp-567907,112.57599962026268,145.0
1044,mp-3469,140.526280952381,145.0
1206,mp-977310,183.20816529581532,145.0
2284,mp-685036,170.4510407882453,146.0
1987,mp-862984,164.53203333333332,146.0
1949,mp-20440,147.81249047619048,146.0
1567,mp-998890,148.00856904761906,146.0
615,mvc-15935,116.06552589807845,146.0
1754,mp-1061,135.45059047619043,146.0
1468,mp-656887,170.0490380952381,146.0
82,mp-19317,137.08169523809528,146.0
1253,mp-22227,149.88001428571414,146.0
1117,mp-974642,64.4946919191919,146.0
840,mp-4387,147.64800216450226,146.0
2193,mp-44,120.54876446886448,147.0
1050,mp-863708,71.9978714285714,147.0
541,mp-541047,150.7432857142857,147.0
536,mp-18927,142.18487619047625,147.0
981,mp-15051,138.7405380952382,147.0
113,mp-5370,149.1560814352313,147.0
896,mp-757031,125.04380396825397,147.0
2041,mp-22522,138.88656190476192,147.0
2449,mp-956,99.94290659340658,147.0
1871,mp-862666,147.44780952380958,147.0
1235,mp-19247,159.06782118992132,148.0
1304,mp-16358,160.66118571428578,148.0
58,mp-12931,150.6454689643689,148.0
820,mp-1200,138.77018095238094,148.0
855,mp-2827,142.47276666666667,148.0
1997,mp-862297,152.25617619047614,148.0
2091,mp-973402,138.3233857142857,148.0
1330,mp-8896,148.24037142857148,148.0
168,mp-811,119.20997698412695,148.0
325,mp-761563,123.59015238095242,148.0
1723,mp-12061,153.256280952381,148.0
252,mp-977462,123.90771428571432,149.0
1532,mp-4939,139.16779047619045,149.0
426,mp-1025323,158.71061428571434,149.0
349,mp-389,163.82105690975692,149.0
2134,mp-2117,138.18805714285713,149.0
33,mp-1029779,146.60871764705877,149.0
1297,mp-5022,155.903961904762,149.0
999,mp-978926,133.87249569757728,149.0
510,mp-20896,136.0606634920634,149.0
1766,mp-973536,165.2870333333333,149.0
238,mp-3107,102.2413007936508,150.0
2224,mp-22784,150.48718571428574,150.0
1133,mp-865194,72.5089333333334,150.0
1898,mp-565203,120.15099761904764,150.0
491,mp-2291,174.2310535631036,150.0
1396,mp-978862,116.30814761904767,150.0
1389,mp-233,162.40503333333336,150.0
516,mp-1008528,176.4809429209766,151.0
1416,mp-631383,262.9713420634921,151.0
2048,mvc-11012,142.53505873015874,151.0
290,mp-22323,147.3612214285714,151.0
1054,mp-12427,134.0470076479077,151.0
1188,mp-11808,143.6686952380953,152.0
2338,mp-4828,150.21343571428568,152.0
176,mp-972353,87.86289047619051,152.0
540,mp-865425,150.14616190476187,152.0
1391,mp-21237,155.174919047619,152.0
1156,mp-862334,147.50406190476187,152.0
595,mp-978995,162.62892857142873,152.0
1255,mp-761315,142.8558142857144,152.0
442,mp-971706,104.08201031746029,153.0
451,mp-31453,153.542280952381,153.0
1480,mp-10245,145.82892619047638,153.0
687,mp-753629,150.78395742590746,153.0
755,mp-22503,152.6911380952381,153.0
1673,mp-3088,160.3194809523809,153.0
1776,mp-505249,130.45380000000006,153.0
1179,mp-3271,149.86596190476186,153.0
1277,mp-862623,152.72143809523808,154.0
859,mp-15053,144.2959309523811,154.0
1458,mp-977537,159.37534761904766,154.0
787,mp-862775,144.00131558441558,154.0
52,mp-1009834,166.21602380952382,155.0
1195,mp-777413,148.44069365079358,155.0
1471,mp-30493,174.07556666666676,155.0
421,mp-12598,143.50536190476194,155.0
1115,mp-766454,147.91764418914414,155.0
69,mp-999197,132.6785523809523,156.0
957,mp-9383,125.49089444444452,156.0
2055,mp-865050,162.79471904761903,156.0
387,mp-866138,163.1623285714285,157.0
487,mp-981386,121.07547142857149,157.0
937,mp-1018124,182.9010357142857,157.0
1151,mp-1018103,127.63380476190474,157.0
1278,mp-583,155.92214285714286,157.0
901,mp-865531,179.59151428571445,157.0
187,mvc-12484,144.433273015873,157.0
1098,mp-1697,152.90216666666663,157.0
946,mp-3582,181.08696931790257,158.0
649,mp-12058,153.53536666666668,158.0
680,mp-10198,164.39647736006685,158.0
1621,mp-451,167.77679047619054,158.0
2422,mp-12862,146.08653839493837,159.0
799,mp-1018013,185.7771666666667,159.0
1970,mp-1016853,160.34655079365086,159.0
2432,mp-4346,165.35300476190486,159.0
546,mp-1387,181.6492285714287,159.0
611,mp-1029330,154.63601688311692,159.0
333,mp-1025212,199.04506666666668,160.0
2160,mp-1024999,158.88410476190475,160.0
585,mp-5443,171.53333333333333,160.0
1372,mp-1274,103.82811904761904,160.0
1576,mp-607,168.707742857143,160.0
2057,mp-11540,183.1288233766233,160.0
592,mp-12965,156.72313333333318,160.0
2220,mp-1591,145.72241904761904,160.0
1895,mp-10744,163.99847247752243,161.0
287,mp-622693,121.06469285714293,161.0
1499,mp-1016900,155.68018095238094,161.0
428,mp-4767,158.97546190476191,161.0
2195,mp-3895,158.8551428571431,161.0
2452,mp-18427,169.39944615384627,161.0
1266,mp-8697,163.5135902763902,161.0
1878,mp-11021,131.51325626566418,162.0
2164,mp-11318,135.2460571428572,162.0
698,mp-645159,118.12504621848744,162.0
1390,mp-3348,132.0740199134199,162.0
1519,mp-605663,162.59009523809527,162.0
297,mp-570713,143.82985952380957,162.0
1770,mp-4408,158.63982857142852,162.0
1231,mp-32777,102.81837140637148,162.0
1491,mp-1025397,160.57087619047618,162.0
2425,mp-21851,216.52752460317444,162.0
1337,mp-1487,151.77851755368812,162.0
2205,mp-865608,189.9955238095237,162.0
878,mp-11522,156.83919047619034,163.0
987,mp-864919,165.60776666666678,163.0
978,mp-965,155.45588571428578,163.0
1866,mp-16501,160.75452380952376,163.0
964,mp-22979,125.08227857142865,163.0
1789,mp-979074,101.7235362278245,163.0
976,mvc-5863,158.09986572871574,163.0
1350,mp-2979,146.60871764705877,163.0
417,mp-427,139.83861904761912,163.0
1036,mp-11523,156.83919047619034,163.0
2200,mp-2998,72.87636890331888,163.0
450,mp-2893,157.34661904761919,163.0
1375,mp-568541,162.07128095238087,163.0
1973,mp-823,166.41994682539698,163.0
1685,mp-2061,67.30727301587304,164.0
146,mp-20949,172.75371666666663,165.0
1921,mp-11272,197.38340634920638,165.0
1209,mp-20552,181.7858857142857,165.0
607,mp-864897,154.03115,165.0
1734,mp-754698,188.5828224109224,166.0
1075,mp-753495,60.22138571428568,166.0
1674,mp-754678,144.78363636363648,166.0
1826,mp-30657,160.73721758241751,166.0
617,mp-13452,169.88275000000004,166.0
1326,mp-1016840,147.004672943723,167.0
1161,mvc-13158,160.34655079365086,167.0
872,mp-570751,145.52496190476194,167.0
112,mp-864939,170.42322380952382,167.0
583,mp-12097,156.70417142857156,167.0
531,mp-1025181,165.7403333333333,167.0
135,mp-568186,165.14630000000008,167.0
1890,mp-999390,218.61261453634086,167.0
1344,mp-17383,172.18807619047627,168.0
2451,mp-22300,182.76922807017544,168.0
1900,mp-975905,149.9144380952381,168.0
178,mp-551830,154.2958833333332,168.0
877,mp-972103,138.05725238095238,168.0
1632,mp-13801,120.36877077497664,168.0
2202,mp-865093,161.93448095238088,169.0
735,mp-13085,131.38101904761913,169.0
2436,mp-544,170.9100809523809,169.0
988,mp-21359,172.16929523809532,169.0
226,mp-1025246,168.26246190476172,169.0
67,mp-2574,173.9492154179157,169.0
906,mp-3958,174.1990142857144,170.0
1737,mvc-11732,160.58196520146524,170.0
547,mp-989576,195.33282041847053,170.0
2145,mp-865932,44.1070380952381,170.0
2005,mp-1009819,75.34947380952381,170.0
1162,mp-1018024,172.72369632414365,170.0
324,mp-571352,175.70416666666688,170.0
1819,mp-5836,148.80327967032989,170.0
2037,mp-1025329,198.369361904762,170.0
1757,mp-771123,158.25288932178933,171.0
2443,mp-6916,166.56679523809518,171.0
1522,mp-14142,112.28089835164828,171.0
818,mp-5219,174.92489523809527,171.0
856,mp-973133,142.58548571428577,171.0
1788,mp-4990,160.17765714285719,171.0
762,mp-22435,161.72361428571432,172.0
710,mp-804,184.94321666666661,172.0
1911,mp-1001834,231.82253939393937,172.0
1032,mp-568748,236.03790852130317,173.0
260,mp-996162,196.84952380952384,173.0
921,mp-5229,154.2958833333332,173.0
639,mp-1018060,185.09174659375716,173.0
1010,mp-480,160.62772380952373,173.0
254,mp-5163,158.04509999999982,173.0
2389,mp-13322,154.2399714285714,174.0
962,mp-75,177.465862770563,174.0
1201,mp-644481,166.14352130092124,174.0
2214,mp-6065,135.4752642857144,174.0
1365,mp-1929,172.26897142857155,174.0
1346,mp-5146,164.8662904761905,174.0
1963,mp-10711,176.08727380952385,174.0
1118,mp-865032,171.15347380952386,175.0
63,mp-12985,169.7910761904763,175.0
2173,mp-19331,148.8655796703296,175.0
35,mp-2478,174.48196190476193,175.0
945,mp-24728,162.58154523809517,175.0
1361,mp-975138,121.12393095238107,175.0
1934,mp-195,174.86719047619053,175.0
628,mp-975216,137.93782063492068,175.0
627,mp-867187,176.0456857142857,176.0
723,mp-30789,133.79320952380948,176.0
2038,mp-570102,191.16139103641456,176.0
1635,mp-19306,166.13837252747254,176.0
745,mp-10187,98.27395201465201,176.0
2135,mp-971827,138.0331857142858,176.0
1614,mp-865712,167.31213333333332,177.0
253,mp-22144,192.6063001916557,177.0
1969,mp-558781,174.1322914085915,177.0
1926,mp-2593,179.60949799498763,177.0
1352,mp-10708,167.81924285714305,177.0
2212,mp-865878,180.18273253968258,177.0
356,mp-510409,173.86082728937728,177.0
1109,mp-10259,161.9808119047621,177.0
2260,mp-1009077,177.359387815126,177.0
1240,mp-1009538,182.19030229495303,178.0
1309,mp-3155,180.86394761904754,178.0
1769,mp-14549,137.93972619047614,178.0
1159,mp-865519,179.0207952380951,178.0
1624,mp-862561,173.07583809523808,178.0
713,mp-1018639,69.58655000000007,178.0
939,mp-22637,167.552219047619,179.0
1935,mp-867775,179.5805,179.0
932,mp-146,211.22546428571457,179.0
2456,mp-11453,184.43819047619044,179.0
358,mp-284,160.07201203007526,179.0
377,mp-11690,174.3747506493507,179.0
907,mp-865218,152.64660714285705,179.0
234,mp-16287,175.4826142857144,179.0
1167,mp-541196,145.75730238095244,180.0
1938,mp-540791,179.88097619047593,180.0
765,mp-9951,185.91920952380954,180.0
91,mp-865262,180.6901761904761,180.0
2445,mp-1975,115.92273333333333,180.0
55,mp-33365,160.2265849206349,180.0
1885,mp-29661,187.39457142857142,181.0
1662,mp-973181,145.63737142857147,181.0
1171,mp-753197,177.99555957375966,181.0
990,mp-9801,162.32757619047618,181.0
1680,mp-568792,183.4866333333331,181.0
95,mp-863690,186.84557380952396,181.0
1211,mp-4355,165.12588095238095,181.0
1383,mp-863679,182.09984761904758,181.0
478,mp-7405,170.47320952380946,181.0
660,mp-21306,185.05470476190467,181.0
2271,mp-865000,191.73957619047604,181.0
2292,mp-554278,147.91764418914414,181.0
746,mp-19299,171.2005380952381,181.0
493,mp-753306,150.59512124542118,182.0
697,mp-555,197.3465871572873,182.0
302,mp-866031,190.8442523809524,182.0
2269,mp-978953,41.40321904761904,183.0
1869,mp-8648,186.37284047619042,183.0
721,mp-1025386,166.9087666666666,183.0
353,mp-753823,152.56201111111116,184.0
393,mp-570483,195.75004285714286,184.0
2201,mp-11192,183.1647638655463,184.0
520,mp-18695,205.57885000000005,184.0
2069,mp-865160,191.22885324675332,184.0
2411,mp-541,170.17465238095247,185.0
1647,mp-11455,177.30973333333336,185.0
1899,mp-973269,72.1030587301587,185.0
1404,mp-505517,149.58236269841288,185.0
1849,mp-5639,128.20369047619033,186.0
1884,mp-30658,175.13594873459868,186.0
2314,mp-568630,178.48591904761912,186.0
1056,mvc-11198,165.12588095238095,186.0
915,mp-1699,194.6333761904761,186.0
605,mp-1016926,168.30221904761905,186.0
1498,mp-5692,157.97093399933374,186.0
1544,mp-839,179.1004285714286,186.0
1726,mp-1002222,93.15963419913423,186.0
2,mp-865186,187.23521587301587,186.0
83,mp-1040472,135.59889076479084,186.0
437,mp-14254,172.0490047619046,186.0
1084,mp-2213,196.15899173669467,187.0
1761,mp-11278,213.44903333333335,187.0
1124,mp-21175,190.9713622782447,187.0
1242,mp-775910,173.9492154179157,188.0
651,mp-4664,194.2586857142859,188.0
725,mp-30620,184.23481904761903,188.0
992,mp-11328,186.13827662337656,188.0
362,mp-1018062,165.603519047619,188.0
993,mp-864877,187.5232571428571,188.0
295,mp-753657,98.15962661782665,188.0
2106,mp-3614,138.1722673160172,188.0
1403,mp-973681,155.4392099456098,189.0
850,mp-8208,161.80300476190467,189.0
466,mp-570074,179.5889904761904,190.0
823,mp-865011,204.04240476190492,190.0
453,mp-1025385,199.07312857142853,190.0
2339,mp-556605,173.9492154179157,190.0
514,mp-10003,190.24614761904743,191.0
2457,mp-19328,169.36192380952386,191.0
157,mp-867916,188.42549523809532,191.0
1374,mp-866139,181.3920404761905,191.0
1832,mp-973835,181.95802380952358,191.0
1317,mp-1019550,174.67050555555556,191.0
79,mp-756214,191.72733571428586,191.0
717,mp-567703,190.20286147186158,191.0
384,mp-861951,186.7762047619046,192.0
452,mp-865728,193.9724523809523,192.0
1751,mp-601848,186.98080714285751,192.0
2169,mp-865250,191.6726142857142,192.0
863,mp-998949,183.11013888888888,192.0
571,mp-1409,178.89825317460327,192.0
928,mp-510376,161.77831904761894,192.0
1004,mp-866134,199.644719047619,193.0
1699,mp-1007974,214.5229857142857,193.0
1441,mp-861961,182.19951904761888,193.0
1554,mp-755465,124.86115947712408,193.0
2374,mp-756630,149.96481255411248,193.0
2397,mp-1025366,189.0572761904762,193.0
341,mp-861953,201.45428571428573,193.0
803,mp-642363,170.4510407882453,193.0
429,mp-866288,199.72640476190472,193.0
2305,mp-865743,193.37298080808083,194.0
846,mp-977362,182.18727619047627,194.0
511,mp-11519,169.2464142857143,194.0
1193,mp-5304,183.86399999999998,194.0
490,mp-20905,118.49558095238092,194.0
1265,mp-6223,178.57247619047627,194.0
1993,mp-1016836,164.21270476190475,194.0
1021,mp-977363,237.05525952380944,195.0
190,mp-973613,107.9638571428572,195.0
369,mp-633538,220.502088053467,195.0
1221,mp-972970,176.8589571428571,195.0
1810,mp-530399,130.58558387635756,196.0
2242,mp-30790,211.28023333333343,196.0
876,mvc-15474,113.9833523809525,197.0
1732,mp-10257,138.19909047619052,197.0
1105,mp-1756,181.02060952380955,197.0
2381,mp-15397,165.0554937489411,197.0
332,mp-22191,153.59017142857147,197.0
806,mp-1589,198.2462142857144,197.0
1329,mp-15780,182.33086428571426,198.0
1758,mp-10207,156.78863571428582,198.0
1823,mp-676861,119.61756760037348,198.0
236,mp-715923,102.81837140637148,199.0
582,mp-1501,196.9181738095238,199.0
330,mp-972845,219.90428571428558,199.0
1327,mp-867917,195.1021862155389,199.0
400,mp-862287,192.6765523809522,199.0
26,mp-1025311,188.98019047619042,199.0
1226,mp-8864,166.62947619047625,199.0
2388,mvc-4415,157.06541857864354,199.0
1064,mp-13126,241.6512833333332,200.0
1520,mp-865465,193.33664285714283,200.0
1811,mp-865805,198.15863333333337,200.0
575,mp-4391,131.31581746031773,200.0
224,mp-3657,203.82135714285718,201.0
1502,mp-636599,200.60111904761902,201.0
423,mp-615314,191.9257587301588,201.0
2230,mp-2254,170.4510407882453,201.0
2219,mp-1007657,224.1824999999998,202.0
147,mp-18937,176.08858100233076,202.0
2268,mp-8927,180.74482467532462,203.0
255,mp-569249,204.18348571428572,203.0
1243,mp-2364,157.81949721944724,203.0
1467,mp-974565,162.98000634920632,204.0
1702,mp-19009,182.11525238095246,204.0
2131,mp-6794,177.61505238095245,204.0
90,mp-998964,173.04093408521285,204.0
489,mp-11580,182.46461428571442,204.0
769,mp-1018157,202.00690945165942,205.0
960,mp-753781,164.67668109668116,205.0
1907,mp-864957,204.45641904761888,205.0
529,mp-30835,215.0988090225564,205.0
527,mp-1008922,138.97309523809508,205.0
32,mp-13117,138.97309523809508,206.0
2233,mp-867270,194.2750714285714,207.0
1725,mp-11276,204.4473285714285,207.0
678,mp-631535,193.7999650793652,207.0
715,mp-8938,198.41026162464993,207.0
500,mp-999296,166.47719047619034,207.0
414,mp-865652,212.903142857143,207.0
771,mp-579,318.93850793650796,208.0
1356,mp-10699,205.18436162464988,208.0
455,mp-862694,200.1254992105933,208.0
1232,mp-20304,224.4407090377457,209.0
317,mp-568556,205.3887795985061,209.0
1423,mp-1014307,180.52515238095225,209.0
1854,mp-1431,168.97794761904768,210.0
1197,mp-1514,188.6121642857143,210.0
1817,mp-11536,197.53809047619046,210.0
391,mp-1451,207.83093333333332,211.0
2458,mp-4170,135.2036920634921,211.0
2050,mp-7099,205.82566666666668,211.0
145,mp-984711,180.70553095238085,211.0
1805,mp-20685,196.61317857142856,211.0
2437,mp-1025272,187.63586904761908,212.0
694,mp-865280,209.04872539682546,212.0
813,mp-1005,180.69787784992783,212.0
2256,mp-865193,203.4309761904762,212.0
506,mp-102,206.61401106933968,212.0
1059,mp-582034,214.59329312005505,213.0
1425,mp-977184,169.26200525585526,213.0
1958,mp-945,209.10239523809528,213.0
2246,mp-1604,178.30034025974015,213.0
352,mp-2933,186.74468095238103,213.0
227,mp-867262,199.98337619047612,214.0
1747,mp-3467,208.68367619047626,214.0
2087,mp-865948,219.26037619047642,215.0
1102,mp-1008278,175.22593333333336,216.0
1715,mp-865094,226.69541904761903,216.0
363,mp-458,194.10377945387933,216.0
1465,mp-3223,224.63047619047614,217.0
2109,mp-982870,212.2514857142856,217.0
2105,mp-11388,196.8531070537306,217.0
2348,mp-867274,208.90287619047626,218.0
1853,mp-12594,223.52848253968247,218.0
293,mp-891,208.26043914688685,218.0
202,mp-11515,219.19626934001667,218.0
1526,mp-567345,219.19626934001667,218.0
1286,mp-867904,215.04396992481202,219.0
1131,mp-1027,214.60272619047612,219.0
1644,mp-24417,193.77806277056285,219.0
1968,mp-219,191.64869278499276,219.0
1455,mp-530074,225.1173065998329,219.0
165,mp-861873,174.94483663003678,221.0
1842,mp-10739,195.0346428571429,221.0
482,mp-866299,204.36886031746013,221.0
1689,mp-15963,190.55895238095246,221.0
889,mp-1483,188.65348571428547,221.0
1780,mp-978490,138.1494948412697,221.0
2306,mp-980192,197.8583460317461,222.0
630,mp-574,229.12743809523818,222.0
70,mp-570430,231.87261756351657,222.0
2461,mp-570491,208.26043914688685,222.0
659,mp-1400,205.44578095238103,223.0
1512,mp-867927,218.91731904761915,223.0
1127,mp-1018166,229.7544857142857,224.0
1850,mvc-11229,151.07566043956047,224.0
1888,mp-29076,263.32188968254,224.0
2117,mp-672259,219.6853873015875,225.0
205,mp-10373,190.26269523809518,225.0
161,mp-21883,211.31073809523812,225.0
1903,mp-866127,207.45794285714268,226.0
101,mp-867786,233.9712047619047,226.0
1599,mp-865234,227.649672180451,226.0
309,mp-32679,258.08995476190483,227.0
103,mp-1346,212.62569654439116,227.0
1204,mp-978500,218.0405751683129,227.0
2322,mp-7692,210.43445889724316,227.0
2177,mp-1008530,180.88093333333322,227.0
1686,mp-22351,261.50494252297403,227.0
642,mp-19390,102.81837140637148,228.0
1785,mp-784631,213.36055714285712,228.0
2407,mp-1235,223.52848253968247,228.0
1038,mp-30858,209.4973928571429,228.0
1756,mp-569989,230.4353404761905,228.0
1200,mp-11452,203.25569523809517,229.0
1048,mp-2515,235.8489952380953,231.0
914,mp-862781,230.9673714285713,231.0
2431,mp-2179,206.27285714285716,232.0
59,mp-865490,208.3596333333334,232.0
1745,mp-1009770,261.41029480519506,233.0
1274,mp-865914,227.91467619047611,233.0
1748,mp-1084,205.27409523809527,233.0
1620,mp-10065,148.16270000000003,233.0
2312,mp-1251,233.0648714285716,233.0
1627,mp-999086,318.62060952380955,234.0
1988,mp-725,187.16492330447326,234.0
2068,mp-865385,237.63801428571446,236.0
1794,mp-1009848,305.94702857142863,237.0
1058,mp-3803,229.228007103543,237.0
1384,mp-1017531,235.97521904761916,238.0
38,mp-755021,188.21297970362968,238.0
1777,mp-1001602,280.1403707184628,239.0
1547,mp-9985,215.32234331662477,239.0
92,mp-2760,261.92840396825403,239.0
621,mp-20741,188.21297970362968,240.0
167,mp-20689,236.84965000000003,240.0
578,mp-972205,257.3284142857144,241.0
830,mp-11593,216.0588523809524,241.0
714,mp-20446,154.14758297950772,241.0
537,mp-20180,202.6120135642135,242.0
1015,mp-30852,222.4678380952381,242.0
430,mp-2385,225.3923724728487,242.0
471,mp-316,208.3662073593074,243.0
31,mp-190,188.21297970362968,243.0
282,mp-570963,225.3923724728487,243.0
1305,mp-12678,219.95840000000007,243.0
1378,mp-631320,325.8873833333332,244.0
1420,mp-20648,236.8896357142856,244.0
296,mp-862790,240.19785952380948,245.0
1541,mp-864954,169.26374523809534,246.0
691,mp-13100,266.6598095238096,246.0
2426,mp-1009218,330.8334952380951,246.0
447,mp-1018718,248.21618650793644,246.0
476,mp-126,215.25655952380956,247.0
1279,mp-864670,240.3302523809523,247.0
1334,mp-493,245.39838471177956,247.0
2183,mp-866213,239.39070476190471,248.0
312,mp-17,245.3908166666664,250.0
2126,mp-979265,264.00671827518886,251.0
905,mp-1025075,233.2761476190477,251.0
1220,mp-865507,243.8598642857142,253.0
213,mp-982734,252.28598809523862,253.0
2434,mp-1019272,247.87919069264117,254.0
1295,mp-864970,234.46005000000017,254.0
1915,mp-999259,287.1106571428571,256.0
1580,mp-1008557,220.23951147186142,258.0
1014,mp-977425,234.95969523809532,258.0
2102,mp-582,184.74620476190483,258.0
2439,mp-492,232.60330952380963,259.0
460,mp-20868,258.515119047619,259.0
1184,mp-996940,227.82945310245327,264.0
194,mp-1002105,279.5194640692643,264.0
1650,mp-1272,252.6575613199664,264.0
1616,mp-864971,198.2369619047618,265.0
845,mp-10374,197.70147748917745,267.0
1341,mvc-10883,159.58695857475848,267.0
2409,mp-649,211.00679285714284,267.0
1809,mp-31219,241.60576666666668,267.0
170,mp-1021503,104.70749007567892,267.0
419,mp-999118,322.06046666666657,269.0
305,mp-1473,252.5597070175439,270.0
186,mp-542316,273.8701365079364,270.0
2302,mp-952,267.3780095238095,272.0
2369,mp-865025,247.07095714285728,273.0
533,mp-570155,197.12092525252513,273.0
1007,mp-1281,267.90719047619046,274.0
1359,mp-571499,249.49339761904773,274.0
1009,mp-2126,258.03682857142877,276.0
277,mp-862797,34.23880952380952,276.0
2398,mp-996,242.14220122655158,281.0
1210,mp-1019317,310.66785238095224,283.0
2118,mp-8780,214.5027148629149,285.0
1477,mp-29026,240.38746067821083,288.0
294,mp-801,278.8949761904758,292.0
1091,mp-10015,219.45812079954786,295.0
569,mp-13076,265.6282378066381,295.0
1222,mp-11334,313.2922380952379,299.0
677,mp-960,298.7193666666669,299.0
2046,mp-889,274.3661190476191,299.0
2211,mp-1007693,269.46905238095263,302.0
1589,mp-20857,259.5370355054303,303.0
2420,mp-91,313.2922380952379,304.0
436,mp-33,305.2704033416876,308.0
1514,mvc-13303,279.5194640692643,308.0
2323,mp-11481,316.2191952380954,310.0
539,mp-997617,315.64260476190464,315.0
206,mp-925,279.5194640692643,319.0
1478,mp-865496,307.78486190476167,320.0
788,mp-569803,304.9148,321.0
961,mp-865960,298.345361904762,338.0
1219,mp-415,265.6282378066381,339.0
1581,mp-974415,213.6049733500417,346.0
1708,mp-629458,329.83869197994966,362.0
1310,mp-1009537,354.1547785714282,376.0
857,mp-1018649,244.62713659147832,378.0
1082,mp-1019055,316.29874999999976,380.0
2414,mp-24,244.9410538011693,387.0
68,mp-8643,371.47901904761846,408.0
459,mp-1009735,357.2701380952378,411.0
1289,mp-611426,244.9410538011693,436.0
1280,mp-21862,277.41516428571424,476.0
733,mp-5508,132.13638095238105,551.0
