,material_id,elasticity.K_VRH predicted,elasticity.G_VRH predicted,youngs module,poisson rate,flexibility,stiffness,good
388,mp-23264,3.8279095238095255,2.9712465036374525,7.0815040889490035,0.1916722628499019,0.08707973144610817,11.483728571428578,1.2883177209037793
377,mp-22883,4.050890476190476,2.0,5.15210354027054,0.2880258850676349,0.08228643437598082,12.152671428571429,2.025445238095238
189,mp-25469,4.426345238095236,9.915716266527852,17.03029425081122,-0.14124739993318466,0.0753066729780831,13.279035714285708,0.4463969237438853
123,mp-568245,4.5701333333333345,4.5823407087621835,10.303386198983235,0.12424924878255805,0.07293733224413582,13.710400000000003,0.9973359956832746
133,mp-865301,5.565509523809523,2.742981802750497,7.067812896362581,0.28834483868529526,0.059892689412769304,16.69652857142857,2.0289997980404992
437,mp-23280,5.610907142857147,2.3108215259943696,6.095645165138942,0.31893465085234685,0.059408100124714536,16.83272142857144,2.428100603936826
132,mp-974866,5.820253174603182,2.0,5.383374529379574,0.3458436323448935,0.05727127726811636,17.46075952380955,2.910126587301591
351,mp-33107,6.385261904761907,2.0754434695935955,5.617679978110105,0.3533685837297545,0.05220354909557348,19.155785714285724,3.076577125953829
235,mp-571143,7.061519047619051,3.0,7.883585097692212,0.31393084961536855,0.04720419658794578,21.18455714285715,2.3538396825396837
333,mp-28044,7.209633333333333,4.118874084385787,10.379932112787557,0.2600448447959083,0.04623443633286946,21.628899999999994,1.7503893504936907
316,mp-644607,8.734712698412693,2.5,6.846784079083338,0.36935681581666746,0.03816191154105252,26.204138095238076,3.4938850793650773
249,mp-23309,12.796385714285707,6.006741917671291,15.582098635710715,0.2970507847082285,0.026049022026680912,38.38915714285712,2.13033719272005
381,mp-23513,13.53139047619048,6.165083207227603,16.056700210571762,0.30222899439116824,0.02463407836170709,40.59417142857144,2.194843122364841
219,mp-135,14.023180952380937,4.75,12.80428960067957,0.3478199579662703,0.023770165589765004,42.06954285714281,2.9522486215538812
350,mp-19790,14.088516666666667,6.606213512248922,17.13966680019547,0.29723833239842534,0.023659931078620765,42.265550000000005,2.132616004696854
231,mp-541837,14.45840000000001,28.0,51.04737780069268,-0.08843968213048754,0.023054648739371793,43.37520000000003,0.5163714285714289
274,mp-29419,14.72928571428571,6.536069393357598,17.081577887505507,0.3067163810152457,0.022630651601118604,44.18785714285713,2.2535387597406205
178,mp-571102,14.882561904761902,6.540087805335865,17.113449060127845,0.30835009937981916,0.022397577478019983,44.6476857142857,2.275590534521518
27,mp-28497,15.08295714285715,6.4001327284755645,16.821163603232996,0.3141261530711722,0.022099998705571496,45.24887142857145,2.356663179147807
372,mp-14018,15.271138095238097,10.146231205339888,24.9197518803003,0.22802996383451307,0.021827668066028073,45.81341428571428,1.5051044852201878
31,mp-2809,16.210228571428562,5.2458905680167325,14.205315543884545,0.353946995243462,0.020563148253248693,48.63068571428569,3.0900813429581357
240,mp-1876,16.768833333333358,11.5,28.08077224887351,0.22090314125536986,0.01987814695914044,50.30650000000007,1.4581594202898571
206,mp-27838,17.173242857142856,9.0,22.984780405728383,0.27693224476268774,0.019410040148281616,51.51972857142857,1.908138095238095
95,mp-863707,17.38536190476192,10.311561797554656,25.828283393870848,0.25239434631502283,0.019173217972645828,52.15608571428576,1.6860066637902305
342,mp-2507,18.51106904761903,10.0,25.422168194118374,0.2711084097059189,0.018007243799687947,55.5332071428571,1.851106904761903
310,mp-864641,18.70751904761904,4.80968243986607,13.290091390974414,0.38159759580140695,0.017818147477752132,56.12255714285715,3.8895538908260994
296,mp-984765,18.959233333333326,11.489827584580286,28.676551112616664,0.24791041908677147,0.017581582940238448,56.877699999999976,1.650088584338482
289,mp-613162,19.186285714285734,8.043672765524436,21.17226022813303,0.31608164860201354,0.017373520768803094,57.55885714285721,2.3852643280715085
358,mp-768368,19.619699999999984,11.194642123101715,28.21718898456536,0.26029884092208866,0.016989726312498846,58.85909999999995,1.752597339356832
344,mp-1598,19.767419047619065,13.125698789902835,32.24101335433803,0.22816369133580797,0.016862764558708665,59.30225714285719,1.506008888671549
421,mp-570910,19.90592380952382,8.887035776741733,23.207439513884296,0.30569067667199573,0.016745433998589545,59.71777142857147,2.2398833885219216
190,mp-14336,20.41315238095238,9.295177813112012,24.210728970667354,0.30232737110822633,0.01632934135368374,61.239457142857134,2.19610133247339
332,mp-10014,20.525495238095232,8.5,22.406951057966456,0.3180559445862623,0.016239965441353543,61.57648571428571,2.4147641456582627
22,mp-1039368,20.828466666666685,13.707293060125005,33.72393028961129,0.23014551967650637,0.016003738473307348,62.48540000000006,1.5195171340764153
418,mp-556084,21.360252380952385,7.223804437847464,19.475900877895395,0.3480362768305219,0.01560530874768958,64.08075714285714,2.956925615128816
101,mp-1802,21.871349206349176,14.0,34.6143687253087,0.23622745447531063,0.015240638800489172,65.61404761904753,1.5622392290249412
225,mp-7834,23.06003333333333,13.75,34.410655781194045,0.2512965738616014,0.014455023915837074,69.18009999999998,1.677093333333333
425,mp-13946,24.30230476190476,23.243119064648727,52.87312017471907,0.1373929640780362,0.013716120203374793,72.90691428571428,1.0455698606675807
59,mp-2371,24.303109523809503,15.804363625338139,38.966438389229005,0.23277467264662857,0.013715666014127539,72.90932857142852,1.5377467957549307
314,mp-985059,24.98110000000002,15.719029795459221,38.98099580038723,0.23993008180593062,0.013343420959578765,74.94330000000005,1.589226582369374
355,mp-19851,25.066266666666664,6.896315738164303,18.950993488519536,0.37399404319936264,0.013298084543902298,75.19879999999999,3.634733039838882
341,mp-1007637,25.652998268398253,11.67846989922487,30.41930319095384,0.3023668106115874,0.012993932710936339,76.95899480519476,2.1966061042038483
149,mp-981214,26.35990714285713,14.124283909932279,35.95160206642133,0.2726876029849539,0.012645466902703345,79.07972142857139,1.8662827305758622
0,mp-6560,26.461133333333336,8.513714903495543,23.067229330980147,0.3547099939598194,0.012597092087262576,79.3834,3.1080595995138363
114,mp-22863,26.599726190476087,10.25,27.24982925996389,0.32925996390067747,0.012531457314499797,79.79917857142824,2.595095238095228
141,mp-1340,26.622226406926398,9.37448921065899,25.169190491546694,0.34242996743378845,0.012520866145387784,79.86667922077918,2.8398588775009066
152,mp-1039208,27.044485714285717,8.334853524187963,22.67513970549736,0.36026023970868326,0.012325371495500706,81.13345714285717,3.2447463696634755
139,mp-1013708,27.15226190476189,11.0,29.07384144716257,0.32153824759829874,0.012276448072816882,81.45678571428567,2.4683874458874446
417,mp-19765,27.3747,15.11857171778029,38.304143860163215,0.2667910889728885,0.012176693564982752,82.1241,1.810667072988503
89,mp-985302,27.849985714285733,15.070363266187105,38.302295098863304,0.2707820781202051,0.011968887049099958,83.5499571428572,1.8479969740856785
442,mp-23227,29.20896269841269,10.333333333333334,27.729965197486745,0.3417725095558102,0.011412022288331648,87.62688809523807,2.8266738095238084
452,mp-22924,30.339438095238105,14.839499400480175,38.27774747774868,0.2897250252427685,0.01098679983086606,91.01831428571433,2.044505496880601
380,mp-672287,30.4697,29.031965646785512,66.10168641614995,0.13842939917278504,0.010939829841886638,91.40910000000001,1.0495224598536157
90,mp-23211,30.717076190476174,13.136388123701172,34.49221311834049,0.3128499551603656,0.01085172726942948,92.15122857142852,2.338319780233598
410,mp-950995,30.803842857142854,16.122329204512205,41.18223888244654,0.27718018780191944,0.010821160686970565,92.41152857142858,1.910632295519787
107,mp-13799,30.963009523809518,25.96829184484534,60.883992538589006,0.1722756525988898,0.010765534050461444,92.88902857142855,1.1923390921823618
302,mp-976408,31.9774,6.0,16.94047219622455,0.4117060163520458,0.010424028636891468,95.93220000000002,5.329566666666667
307,mp-1039124,33.56011111111105,12.333333333333336,32.96214027212048,0.33630298400488406,0.00993242639244343,100.68033333333314,2.7210900900900845
151,mp-978274,33.56011111111105,12.333333333333336,32.96214027212048,0.33630298400488406,0.00993242639244343,100.68033333333314,2.7210900900900845
41,mp-977230,34.147116666666676,18.0,45.929681957234784,0.2758244988120775,0.009761683148455186,102.44135000000004,1.8970620370370375
202,mp-23159,34.57476190476189,15.16981375233244,39.70284739793706,0.3086135415417525,0.009640943710661508,103.7242857142857,2.2791817005298327
368,mp-29529,34.65692857142857,31.539105042806288,72.59570900040028,0.15088409930893915,0.009618086399270125,103.97078571428571,1.0988558021665686
347,mp-21253,34.69965079365079,24.18411670364037,58.87467218563808,0.21721774888672776,0.009606244607923416,104.09895238095235,1.4348115839363091
25,mp-1014013,34.725092857142826,1.0,2.9714761867926733,0.48573809339633656,0.009599206392468074,104.17527857142862,34.725092857142826
119,mp-971920,35.21688333333333,23.936098453053702,58.54451300501456,0.2229334935231607,0.009465157100311263,105.65064999999998,1.47128753678904
349,mp-975797,35.26956666666665,21.197162015591786,52.97812528410237,0.24965137420598496,0.00945101867804822,105.80869999999992,1.6638815441767045
48,mp-9295,35.324119047619085,21.127268585232727,52.84609862086799,0.2506609268413828,0.00943642311033941,105.97235714285726,1.6719680968276938
343,mp-1730,35.74960952380953,22.72361485344654,56.25225647194448,0.2377488536647278,0.009324111165782962,107.24882857142859,1.5732360257983913
378,mp-10635,35.83903809523812,16.323191411453806,42.51497345584318,0.30228741378389057,0.00930084486217343,107.51711428571436,2.1955901387084302
18,mp-7911,35.918949999999974,62.38299618834135,118.52946820070008,-0.049985769817418375,0.009280152491465746,107.75684999999993,0.5757810973290957
143,mp-69,36.30220714285712,21.0,52.81576161822171,0.25751813376718324,0.009182178153014054,108.90662142857134,1.7286765306122438
430,mp-1123,36.59533095238093,22.0,54.98213711092968,0.2495940252484018,0.009108630108225496,109.78599285714279,1.663424134199133
38,mp-7434,36.71357619047621,12.694548421027115,34.147848554851514,0.34498083044408995,0.00907929349088588,110.1407285714286,2.892074217438427
282,mp-1039434,37.09383809523808,16.887764872132212,43.987827509528,0.302357885800378,0.008986218478592135,111.28151428571424,2.196491861184629
308,mp-7569,37.23597142857143,14.271672014030196,37.96469160322237,0.33007161199823126,0.008951917206531214,111.70791428571431,2.6090826212910088
165,mp-4494,37.45184761904764,28.384192309833043,67.97912469600442,0.19748210472162436,0.008900317461609112,112.35554285714292,1.3194614527070168
188,mp-11304,37.49442857142861,17.16778614679944,44.6835255546811,0.30137704339389637,0.008890209720047287,112.48328571428583,2.183999046284639
171,mp-976262,37.585947619047616,14.046234978918474,37.470951648772015,0.3338432578200109,0.008868562706249514,112.75784285714283,2.675873476092285
299,mp-976239,37.585947619047616,14.046234978918474,37.470951648772015,0.3338432578200109,0.008868562706249514,112.75784285714283,2.675873476092285
428,mp-690785,37.75596428571431,17.915018040945935,46.405351050001954,0.2951522276991157,0.008828627202072451,113.26789285714294,2.1075035592719256
407,mp-1039293,37.97563095238094,18.0,46.63228308535597,0.295341196815444,0.008777558791618564,113.9268928571428,2.1097572751322744
184,mp-978273,37.97563095238094,18.0,46.63228308535597,0.295341196815444,0.008777558791618564,113.9268928571428,2.1097572751322744
3,mp-1018770,38.735147619047616,24.256913752283875,60.2037187679327,0.24095998738224278,0.008605448896480261,116.20544285714284,1.5968704021714455
30,mp-4842,39.0405606060606,22.0,55.563093394043214,0.2627975771373457,0.008538128760415063,117.1216818181818,1.7745709366391182
327,mp-30506,39.74330476190476,292.8865841621552,254.20609795974988,-0.5660332160878186,0.00838715691436018,119.22991428571427,0.13569520391518197
248,mp-4899,40.059108730158734,20.400957966910546,52.32100949765595,0.2823174672120377,0.008321037184793415,120.1773261904762,1.963589591975673
232,mp-20261,40.53966053391056,12.84733321196158,34.85957617790886,0.3566852981384753,0.008222400704478201,121.61898160173169,3.155492261706569
125,mp-11290,40.714671428571435,12.354656233293225,33.65938045999934,0.36221436778201554,0.0081870569413319,122.1440142857143,3.2954920525310833
126,mp-979339,40.76109761904758,20.008910503112656,51.5858649671013,0.28907231003598177,0.008177732024016136,122.28329285714275,2.037147280593146
353,mp-1018804,41.08719365079371,16.0,42.48519832427719,0.327662447633662,0.008112827957206907,123.26158095238112,2.5679496031746067
423,mp-978953,41.40321904761904,16.56204650570666,43.84047499759446,0.3235222767454697,0.008050903794459968,124.20965714285711,2.499885447933807
400,mp-23729,41.5278341269842,20.78322622712301,53.43548291159965,0.2855435033917889,0.008026744961320725,124.58350238095262,1.9981418511813427
122,mp-20025,41.59754365079365,17.82042677495169,46.78094651456854,0.31256526864787604,0.008013293672617461,124.79263095238092,2.334261921788706
288,mp-978282,42.01823809523811,11.0,30.351422737321798,0.3796101244237182,0.007933063080317727,126.05471428571434,3.819839826839828
402,mp-21242,42.59469365079367,25.709181912922784,64.20915396781925,0.24875918232824748,0.007825700921014192,127.784080952381,1.6567891500811756
229,mp-560037,42.76061428571424,27.9950017579642,68.94016369114942,0.2312941482766092,0.007795335471705223,128.28184285714272,1.5274374567077647
389,mp-1001783,43.04564285714283,26.9049105877367,66.79780632254524,0.2413683016101862,0.007743718323352239,129.13692857142848,1.5999177070955626
393,mp-864962,43.352095238095224,21.061440470621037,54.37825439584515,0.29094338233176176,0.0076889786180488915,130.05628571428568,2.0583632586084413
376,mp-15795,43.46954285714281,28.49594748656353,70.15752831831607,0.23100887154913666,0.007668204251164809,130.4086285714284,1.5254640287935561
120,mp-675880,43.9457015873016,20.0,52.0967934558439,0.30241983639609776,0.007585118027326071,131.8371047619048,2.1972850793650798
277,mp-10718,44.07185873015873,22.03512071036223,56.66203601699387,0.2857210260334085,0.0075634053778909655,132.21557619047616,2.0000733968946904
69,mp-1018122,45.587580952380954,31.0,75.81501630874622,0.22282284368945532,0.007311932907374941,136.76274285714285,1.4705671274961598
321,mp-13031,45.71148571428571,30.5,74.85216966985648,0.2270847486861719,0.00729211330860682,137.13445714285712,1.4987372365339575
44,mp-10687,45.799850216450245,34.23998275855103,82.22857785483546,0.2007683887384532,0.007278044180450347,137.39955064935074,1.3376131214614084
172,mp-674953,46.099338095238046,22.0,56.94187157295683,0.29413344483992787,0.0072307618093060185,138.29801428571415,2.0954244588744566
112,mp-866015,46.176485714285725,20.504227874054674,53.58184757318888,0.3066048597955123,0.007218681287177495,138.5294571428572,2.2520470411234466
279,mp-552265,46.456538095238066,27.0,67.85457071359097,0.25656612432575887,0.007175165154363946,139.3696142857142,1.7206125220458544
226,mp-33683,47.56366190476191,18.375472393264282,48.837249534779794,0.32887058600685526,0.007008151180638202,142.6909857142857,2.5884320624158135
99,mp-867222,47.594068253968274,17.87157327311605,47.650469208570755,0.333135826386664,0.0070036738938689235,142.78220476190484,2.663115749611331
375,mp-7875,47.925273809523794,27.411045894781328,69.06567719872338,0.25981470141335417,0.006955272382128628,143.7758214285714,1.748392746248624
170,mp-755552,48.21810952380957,31.5,77.60146549255553,0.23176929353262735,0.006913031983735014,144.65432857142866,1.5307336356764942
455,mvc-15843,48.41727619047618,28.39971292953032,71.26530864504551,0.25468360933576706,0.006884594912402384,145.25182857142852,1.7048509015079298
40,mp-557668,48.76584761904761,24.69458927506153,63.3846309960264,0.2833708285247126,0.006835384795057587,146.29754285714284,1.9747584005495107
60,mp-19816,49.51571428571425,21.120513609368814,55.47419026736634,0.3132774915747937,0.006731869632536091,148.54714285714277,2.3444370341329983
315,mp-5380,49.61285793650794,33.97693052682874,82.986580931356,0.22121951048268548,0.0067186884045244205,148.83857380952387,1.4601924649235993
67,mp-9721,50.30239682539681,39.23988094912342,93.42631697030824,0.19045107567273714,0.006626589474262171,150.90719047619044,1.2819202201611297
51,mp-1008617,50.5273571428572,19.162457898107775,51.03563329341943,0.3316567625298998,0.006597086255489123,151.58207142857157,2.636788944900779
414,mp-867149,50.63778095238097,20.924708496009487,55.174350631477715,0.3184018941530275,0.006582700249973339,151.91334285714288,2.419999349670176
262,mp-975896,51.925885714285705,16.911085207317765,45.765042888503984,0.35310780850127055,0.006419405827133104,155.77765714285715,3.070523569464149
203,mp-867773,52.75535714285709,25.957770724323677,66.90069560333066,0.2886448592567602,0.006318473637297053,158.2660714285713,2.0323531517066216
438,mp-753671,53.25513571428577,54.5,121.91255889683148,0.1184638430901972,0.006259177239199414,159.76540714285733,0.9771584534731335
435,mp-1008928,53.7449095238095,27.49123615615016,70.45997098695209,0.28149877631437925,0.006202137770567156,161.2347285714285,1.9549833706472322
392,mp-865871,53.85540476190477,15.045783336417403,41.29204619205477,0.37221323970915804,0.006189412832509624,161.56621428571432,3.5794350854136683
398,mp-865006,53.96630000000002,34.957211030567514,86.24879334385423,0.23363378829672654,0.006176694220899584,161.89890000000005,1.543781623562888
113,mp-22907,54.79738095238096,32.05529090371762,80.47401578153561,0.2552376458421504,0.006083015785425963,164.39214285714286,1.7094644724008985
13,mp-867914,54.87274285714289,9.719512361793525,27.53291798457023,0.4163734228478119,0.006074661407051253,164.61822857142872,5.645627148213978
161,mp-551685,54.99652222222221,16.153444645678327,44.13887921409678,0.3662373624410085,0.006060989311041285,164.98956666666663,3.404631236776851
339,mp-865512,55.01496190476189,27.12775027763561,69.89491122627268,0.2882548407247531,0.00605895781424655,165.0448857142857,2.027995736532446
49,mp-972536,55.327471428571435,21.484529880292417,57.06692700180795,0.3280934542150482,0.006024734634107969,165.98241428571427,2.575223741773511
434,mp-2724,55.38998571428576,28.398061069154267,72.75971612651635,0.28106837909344706,0.00601793499375037,166.16995714285727,1.9504847735696256
197,mp-1008506,55.41267380952384,35.060747514481385,86.86236871517497,0.23874096921775012,0.0060154710180406945,166.23802142857153,1.5804761089773216
28,mp-979013,56.06789761904759,22.41611966926236,59.34022373527307,0.32360606141486037,0.005945172683273433,168.20369285714278,2.5012311874802102
10,mp-1018072,56.18928571428571,26.738352668006772,69.2332335537216,0.29464283782450845,0.0059323290747685335,168.56785714285715,2.101449046317571
318,mp-863744,56.3538619047619,17.838707429712464,48.40827343438405,0.35683242816557365,0.005915004261760571,169.06158571428568,3.1590776476830333
76,mp-402,56.367059740259755,33.30888800604423,83.48259033049496,0.25315787058616634,0.005913619317192314,169.1011792207793,1.6922528224307996
294,mp-1001831,56.52925714285716,34.0,84.96557806166298,0.24949379502445568,0.005896651577977655,169.5877714285715,1.6626252100840342
268,mp-977392,56.73822857142858,27.35349581581101,70.69913774702678,0.2923236251609365,0.005874933739140184,170.21468571428576,2.0742587694634795
261,mp-571059,57.2027904761905,24.0,63.16602225467126,0.31595879697231777,0.005827221549131883,171.6083714285715,2.383449603174604
399,mp-1039019,57.388370995671,25.37862674509375,66.3546333629648,0.3072936142179683,0.0058083776826228055,172.165112987013,2.2612874830497063
295,mp-982387,57.69301428571429,17.529643654981673,47.7525027995724,0.36205001480454607,0.005777707014623292,173.07904285714292,3.2911686866674423
53,mp-615141,57.700329365079384,17.00877258373776,46.461086427391464,0.36579774344838195,0.005776974533789557,173.10098809523814,3.392386433589405
448,mp-30800,57.972771428571434,29.637005501547414,75.96585600453747,0.2816047829219981,0.005749825739209917,173.9183142857143,1.9560940941062532
204,mp-865731,58.01021428571428,14.204182118689893,39.397007631710686,0.38681014163680744,0.005746114497898361,174.0306428571428,4.084023550316517
394,mp-861498,58.357822222222225,18.36711950190191,49.869502790020974,0.35757549747680883,0.005711887809384404,175.07346666666666,3.1772985533294587
124,mp-644264,58.43029365079368,35.925820994113984,89.44560850956353,0.2448651977113914,0.005704803322151464,175.29088095238103,1.6264149860449058
64,mp-20716,59.158430158730184,31.15911087077589,79.51668876851576,0.2759781416467566,0.005634587199811664,177.47529047619054,1.8985917282451996
177,mp-13911,59.32476190476191,34.31612270086614,86.30706594468823,0.25752939364722927,0.005618789231189096,177.9742857142857,1.7287722864816704
409,mp-1009213,59.70083095238093,31.0,79.27812568620845,0.2786794465517492,0.005583395205993187,179.10249285714278,1.9258332565284173
11,mp-545482,60.120782539682544,44.45430669439682,106.99229300868221,0.20339626196631128,0.00554439445483461,180.36234761904763,1.3524175048547182
201,mp-753495,60.22138571428568,42.49612124282393,103.21092062235131,0.21435695310404304,0.005535132235495209,180.66415714285702,1.417103113250716
96,mp-552292,60.65995238095236,33.684808364934426,85.27066684338915,0.2657139966418088,0.005495113666426191,181.9798571428571,1.800810374925535
77,mp-34735,60.80394920634923,22.1316978890198,59.21111653054021,0.33769936738375184,0.0054821000557399024,182.4118476190477,2.7473693844572087
84,mp-2350,60.916819841269806,33.219779577423814,84.33009115031159,0.26927529657093763,0.0054719424651827825,182.7504595238094,1.8337514762641267
187,mp-863659,61.19965714285717,16.89382404688515,46.410975184638104,0.3736077472996789,0.0054466536071475,183.59897142857156,3.622605336305787
324,mp-4861,61.23306666666665,23.889734086523628,63.4213725199529,0.3273771129107995,0.005443681845103301,183.69919999999993,2.5631539658370945
47,mp-1001012,61.342642857142884,23.843705965834374,63.32621323914408,0.327944014447338,0.005433957811527829,184.02792857142865,2.572697505372726
147,mp-975380,61.35483333333331,44.174561134031755,106.87436849050304,0.20968228938632086,0.005432878148692445,184.0644999999999,1.3889177788812486
153,mp-2159,61.57835714285717,20.163512266848144,54.537827617258486,0.352389080223065,0.005413157297458015,184.73507142857162,3.053949943239863
443,mp-7555,61.78119523809527,21.016816489865803,56.62906381637916,0.3472321995980076,0.005395384988081208,185.34358571428578,2.9396076835845157
383,mp-570093,61.80601904761899,35.727514279772784,89.86650162176292,0.2576651837298552,0.005393217982159856,185.41805714285698,1.7299277683757197
416,mp-765499,62.050578571428574,48.77728663607851,115.9496150781794,0.1885615526675931,0.005371961728763282,186.15173571428573,1.2721203422892402
458,mp-11947,62.20520000000001,26.441580113979303,69.48009921954123,0.3138416637742471,0.005358608819412739,186.6156,2.3525522957348897
118,mp-33588,62.32584126984124,23.92039785774047,63.62191800593528,0.3298674709406578,0.005348236406311125,186.97752380952375,2.6055520330600626
230,mp-867290,62.6140166666667,20.712205913568443,55.96562681184341,0.35103008934409685,0.005323621627851696,187.84205000000009,3.0230491589333144
270,mp-22346,62.72731904761903,30.57117890386413,78.89639045537885,0.290372064215792,0.005314005737759741,188.18195714285704,2.05184494994043
145,mp-5549,62.936457431457434,25.277903823220143,66.8798058483147,0.32289066205876016,0.005296347251453715,188.8093722943723,2.4897815052862238
213,mp-570272,62.96354761904761,21.232949555021307,57.26209196919875,0.348425281678707,0.005294068487851438,188.8906428571428,2.9653698114757483
140,mp-978987,62.968495238095244,36.47431439490798,91.71449358186635,0.25724767008465294,0.0052936525173888915,188.90548571428573,1.7263791323487085
222,mp-979424,62.99444761904765,24.92817263036537,66.0695061357951,0.32519754086015235,0.005291471644439712,188.98334285714293,2.5270383253970725
433,mvc-3525,63.12907619047618,13.145985011620134,36.878124197215435,0.40263830228840736,0.005280187093623604,189.38722857142847,4.802156410088288
16,mp-545756,63.46724458874461,32.0,82.1871580406429,0.2841743443850454,0.005252053015587308,190.4017337662338,1.9833513933982692
43,mp-10674,63.978857142857144,26.18249929196769,69.1188413135587,0.31994353447310314,0.0052100545120560655,191.93657142857145,2.443573336120921
157,mp-861625,64.40600238095239,11.22901719176292,31.836829090956577,0.41761422871053167,0.005175501055968571,193.21800714285715,5.735675819269171
413,mp-12630,65.31716587301591,31.590166630273647,81.61327924262798,0.29175132562320705,0.005103303685609564,195.95149761904773,2.067642334321239
364,mp-8253,65.56000714285717,23.550717076526087,63.09685338264661,0.33959516344276597,0.005084400503602603,196.68002142857154,2.7837796585906665
97,mp-864675,65.59482301587302,27.294492992646923,71.90945900378834,0.3172887846489875,0.00508170184791369,196.78446904761904,2.4032255529913717
361,mp-557233,66.05407380952377,11.313709479471429,32.10798195283444,0.4189856125921359,0.005046370558378383,198.16222142857126,5.83840993348627
62,mp-8456,66.76332380952387,22.801333421250742,61.412681537049366,0.3466905729252883,0.004992761209497825,200.2899714285716,2.9280447145823825
36,mp-546621,67.19461428571432,33.91453704125374,87.09133423906911,0.2839823544271145,0.004960715034630394,201.583842857143,1.9812923939954894
159,mp-983565,67.25418095238095,50.00011899519786,120.21025370570125,0.20209967617523628,0.004956321355981551,201.76254285714285,1.3450804178854097
156,mp-862732,67.37795476190472,31.14001398297896,80.94928682551252,0.299763173994706,0.004947216556383201,202.13386428571414,2.1637098428643387
451,mp-864978,67.61287813852812,24.75957889472301,66.19822403697792,0.33682047498567697,0.004930027274543557,202.8386344155843,2.7307765784715508
198,mp-978907,67.98115714285717,20.59337531035783,56.11396762121251,0.3624276442188892,0.004903319498267129,203.94347142857157,3.3011177681331705
106,mp-672254,68.41280952380946,25.84288040332356,68.85825842777705,0.3322481347497441,0.0048723818778020605,205.23842857142833,2.647259456225752
212,mp-754542,68.73346666666669,3.0,8.870937149259753,0.47848952487662544,0.0048496511160987165,206.20039999999963,22.911155555555563
166,mp-979176,68.94763333333333,24.11343598878833,64.78748038063095,0.34338964407134365,0.004834587022324672,206.84290000000001,2.859303558621463
32,mp-557569,69.7256595238095,27.631451692272357,73.22201627825092,0.32497592044229784,0.004780640808704128,209.1769785714285,2.523416442260598
20,mp-5564,69.88097460317465,39.88490394329353,100.52892241121577,0.2602377399998635,0.004770015518904772,209.64292380952395,1.7520657615855892
412,mp-997054,70.18004523809526,18.975874090184668,52.22097285912552,0.3759833304895553,0.004749688208413874,210.5401357142858,3.6983827413987806
34,mp-3700,70.41191904761905,30.27590822136746,79.44155889965008,0.3119599636582258,0.004734046988662567,211.2357571428571,2.3256748743188913
205,mp-862884,70.42670476190482,26.637115626897348,70.96450520998184,0.3320606142942151,0.004733053100528422,211.28011428571443,2.6439313380758867
185,mp-1024955,70.48060476190473,48.35070330598626,118.05606093408078,0.2208308552097562,0.004729433501023283,211.4418142857142,1.4576955440724393
35,mp-11209,70.55413571428569,31.66666666666667,82.63676988435738,0.3047911034372216,0.004724504523493729,211.66240714285715,2.2280253383458635
193,mp-1019362,70.7602904761905,35.63942389028397,91.54838998854244,0.2843696670066037,0.004710740036397867,212.28087142857154,1.985449896553496
271,mp-862860,71.03960000000002,16.68074592928245,46.40975952991076,0.3911176312697173,0.0046922186123420345,213.11880000000008,4.258778372452311
431,mp-567589,72.03673809523802,43.5,108.63356452241725,0.24866166117720967,0.004627268559726308,216.11021428571408,1.6560169677066212
340,mp-5908,72.54326190476189,23.75,64.23952273491952,0.3524110049456739,0.004594959264045068,217.62978571428567,3.0544531328320796
83,mp-867908,72.65457142857143,16.147885628383953,45.10224778329984,0.39653725637062165,0.004587919614405021,217.9637142857142,4.499324128284809
403,mp-2998,72.87636890331888,44.5,110.92268016533646,0.24632224904872443,0.004573956391481971,218.62910670995666,1.6376712113105365
78,mp-754516,73.05921031746028,49.72781324961715,121.59542919822206,0.22260985605634132,0.004562509393202004,219.17763095238087,1.4691820440751586
37,mp-996990,73.66342380952379,28.0,74.55384780093817,0.33131871073103886,0.004525086075217663,220.99027142857136,2.6308365646258496
173,mp-627,73.89660476190475,33.48143850452865,87.26485216799472,0.3031825403229225,0.004510807152877119,221.68981428571425,2.2070916920702084
209,mp-983583,74.10935714285712,32.89077377403661,85.9561404468764,0.30669076132724865,0.004497857574054818,222.32807142857132,2.253195916033989
408,mp-8399,74.69070476190475,21.656213108393267,59.242906710185515,0.36780392799202827,0.004462848950159413,224.0721142857143,3.448927307284254
46,mp-1018745,74.85371428571432,38.96198749483619,99.60433182627928,0.27822447250002713,0.004453130168811802,224.56114285714293,1.9211985604080137
127,mp-20531,75.1681428571428,37.70028887299792,96.90079473303767,0.2851465814953066,0.004434502711698413,225.50442857142835,1.9938346655741537
357,mp-1009819,75.34947380952381,40.193353608828524,102.37661765047692,0.2735515758007036,0.004423830937107375,226.04842142857143,1.8746749659867448
311,mp-866150,75.69558095238095,25.499414725464174,68.77549138307802,0.3485699990282045,0.004403603607230768,227.0867428571428,2.9685222883484452
211,mp-567574,75.73018571428574,40.81564688200425,103.79904736543118,0.2715595034608713,0.004401591389078733,227.1905571428572,1.8554204453311118
70,mp-11193,76.04971190476195,25.121075737309408,67.88818572265015,0.3512197175104196,0.004383097910361199,228.1491357142859,3.0273270420427965
256,mp-570632,77.07395714285717,33.7911839628283,88.44765155587704,0.30873856999466404,0.004324850386434648,231.22187142857152,2.280889513301508
72,mp-31152,77.69575714285709,27.505527773809717,73.80697130876263,0.3416752428041089,0.0042902385611667615,233.08727142857126,2.8247324603906576
55,mp-16366,78.3170571428571,11.9248514557065,34.046536223688996,0.42754550654785806,0.004256203507817006,234.9511714285713,6.567549913200753
104,mp-8818,78.41906587301587,58.88078625192605,141.28194446294938,0.19972875241902802,0.0042506669726607126,235.2571976190476,1.331827763601759
334,mp-570744,78.51479035409041,20.608722362478968,56.851960860973634,0.37931793783782763,0.004245484600163203,235.5443710622713,3.8097844676212174
65,mp-20777,79.03316190476188,38.07868090354448,98.42825580832753,0.2924325826523776,0.00421763884045299,237.09948571428563,2.075522576660612
162,mp-468,80.0578666666666,77.0,174.9203010591045,0.1358461107734059,0.004163654956248317,240.17359999999982,1.0397125541125531
424,mp-863671,80.09741428571431,28.460537676409906,76.3398214999783,0.3411521308547538,0.004161599176526535,240.2922428571429,2.8143324344889193
26,mp-613,80.45630476190482,24.78186798617831,67.42312592962973,0.3603317951502668,0.0041430355808630545,241.3689142857145,3.2465795075164645
224,mp-10528,81.02019523809524,48.59293539308629,121.49032825019566,0.2500822112043171,0.004114200568805861,243.0605857142857,1.6673245726501764
234,mp-1018690,81.30498095238097,59.0,142.52497575226917,0.20783877756160318,0.004099789821346386,243.91494285714293,1.3780505246166266
352,mp-973143,81.4727238095238,24.0,65.56228383941645,0.365880913321176,0.004091348831206846,244.41817142857136,3.394696825396825
304,mp-11351,81.6102904761905,37.98626202187003,98.65254116322673,0.29852920387940485,0.004084452234986005,244.83087142857147,2.1484159307173885
267,mp-977418,81.74788571428573,21.252685071557934,58.67344558366339,0.38037724141936635,0.004077577425040146,245.2436571428572,3.8464733015635457
80,mp-13944,82.37891190476186,48.00919443315256,120.59968698082447,0.25600615053795645,0.00404634299757078,247.1367357142856,1.7158986497777067
284,mp-28339,82.39104761904757,36.71602551693932,95.90237773658014,0.30600162172148226,0.0040457469951659135,247.17314285714266,2.244007799292862
405,mp-720,82.62271746031745,37.67467824825248,98.11158138725216,0.30208917433558996,0.00403440292911485,247.86815238095235,2.1930570160648912
297,mp-567089,82.94739523809524,39.46170853321447,102.18111512911325,0.294686912036621,0.004018611221925911,248.84218571428568,2.101971716918424
33,mp-571506,83.27792857142856,53.00583077477127,131.18475899143547,0.23745592771535579,0.004002661197887853,249.8337857142857,1.5711088262211643
272,mp-21318,83.6767190476191,18.446134417916134,51.55039051622979,0.3973223155676605,0.003983585125315903,251.0301571428573,4.536273950511095
221,mp-561536,84.03453253968252,43.061790688946864,110.33846903425578,0.2811644298686533,0.003966623282826352,252.10359761904755,1.9514871814481363
63,mp-4711,84.54263412698414,30.966286954820667,82.79066859947226,0.3367871440360698,0.003942783860184229,253.62790238095235,2.7301508330763236
280,mp-13535,84.57684523809522,39.260810535515795,101.99959777576785,0.2990001528814314,0.00394118901449865,253.73053571428565,2.1542307477729223
258,mp-4083,85.13843333333328,27.553394456269924,74.61134728620065,0.3539411161230343,0.00391519223789648,255.4152999999998,3.089943544649526
335,mp-971669,85.15652380952385,60.37335437730209,146.4989750438901,0.2132750992130373,0.003914360502536783,255.46957142857156,1.410498467210217
244,mp-1306,85.48548095238094,57.50005782917358,140.90735751017277,0.22528013735910665,0.0038992976306586402,256.4564428571428,1.4867025213496134
7,mp-12004,85.56020952380956,63.647142554751746,153.00254954754172,0.20195929782647307,0.0038958919711454647,256.68062857142866,1.3442898783744666
283,mp-867182,85.72802857142857,24.26706968047221,66.52419799076814,0.3706681290057114,0.0038882654703251457,257.1840857142858,3.5326897602479868
88,mp-505332,86.94516666666658,42.598646849829024,109.85486767806903,0.2894173383644689,0.003833833968152345,260.83549999999974,2.041031185172858
275,mp-27,87.29351615051633,53.75,133.790086685144,0.244558945908316,0.0038185348469476415,261.880548451549,1.624065416753792
285,mp-971662,87.29351615051633,53.75,133.790086685144,0.244558945908316,0.0038185348469476415,261.880548451549,1.624065416753792
215,mp-16220,87.29351615051633,53.75,133.790086685144,0.244558945908316,0.0038185348469476415,261.880548451549,1.624065416753792
309,mp-10848,87.70605209235201,29.69026768370297,80.03917769819823,0.3479025947302564,0.0038005739100232523,263.118156277056,2.954033726698058
337,mp-15694,87.83932857142858,47.56858702005494,120.88446754181473,0.2706333645232068,0.003794807391569207,263.51798571428566,1.8465826730231754
242,mp-755581,88.05603333333332,33.200414460035084,88.48102587167519,0.33252893541711664,0.003785468419540436,264.16810000000004,2.6522570505657557
100,mp-12521,88.87257142857142,37.07846942800441,97.65460316840365,0.31686400052219615,0.003750688519249605,266.61771428571427,2.396878102024574
179,mp-1025105,89.01381428571429,60.77988343495325,148.53287264200358,0.2218917201524726,0.003744737106348554,267.0414428571429,1.464527558381665
371,mp-8122,90.3835,64.14637585664673,155.6231787929398,0.21303173183722726,0.0036879887737621734,271.15049999999997,1.4090195867337474
236,mp-979038,90.78633809523814,34.704976998845844,92.3476564608439,0.33046704603658195,0.0036716243911463268,272.35901428571447,2.6159457791387486
228,mp-2121,91.15136190476187,64.0,155.58615728717547,0.21551685380605845,0.0036569210417460537,273.4540857142856,1.4242400297619042
146,mp-19807,91.20472063492063,54.13485900237774,135.57993889444484,0.25224246809703377,0.003654781583813174,273.6141619047619,1.6847687851355575
365,mp-979422,92.01865714285714,18.01266733603192,50.727997385485125,0.40812008680165274,0.0036224537901682276,276.0559714285713,5.10855252174597
292,mp-21007,92.88681904761904,41.337301705717366,107.99205061762628,0.30623004116751407,0.0035885967110408615,278.6604571428571,2.2470460144903908
109,mp-867887,93.33473809523808,28.25185739957916,76.98767219765307,0.3625240830855935,0.003571374818593292,280.0042142857142,3.3036673226528603
42,mp-1025193,93.79286666666674,48.98122263876088,125.15687660469564,0.2776005769367402,0.00355393054055994,281.37860000000023,1.9148739376800394
354,mp-13504,94.66948571428577,67.41891711242161,163.45518904368691,0.21223534910182562,0.0035210219092067256,284.0084571428573,1.4041976609684135
14,mp-2606,94.8311824175823,32.13454948944513,86.61965316108636,0.3477651707788426,0.003515018212738549,284.4935472527468,2.951066186527072
50,mp-3210,96.36256428571434,57.302310658761634,143.46885835835678,0.25185927678136394,0.003459157981153369,289.087692857143,1.6816523309078868
323,mp-550,97.00765757575745,82.70597826000392,193.20959421494976,0.16805095761973898,0.0034361548527549897,291.02297272727236,1.1729219533658515
252,mp-28995,97.28652399626516,47.32741123680454,122.17117993933341,0.29070211899025267,0.0034263053056159147,291.8595719887955,2.055606285107974
441,mp-977585,98.10083809523807,47.216969890236605,122.06688285307528,0.29261664965836726,0.0033978642772626196,294.3025142857142,2.077660602179453
207,mp-996983,98.31457380952381,17.0,48.220652507351325,0.41825448551033273,0.003390477326170774,294.9437214285713,5.783210224089636
306,mp-10133,98.37608571428568,53.51443162678481,135.90092189002323,0.2697595560559281,0.003388357352430504,295.128257142857,1.8383094564167417
254,mp-976971,99.880411904762,25.26299463144104,69.89599600922452,0.38336719436728034,0.003337324375986489,299.641235714286,3.9536251882211904
370,mvc-11438,100.93708571428586,66.0,162.56724205970167,0.23157001560380044,0.003302387135258413,302.8112571428576,1.5293497835497858
142,mp-1658,101.18204075630251,35.048800966481984,94.26243774028072,0.34473127669083703,0.0032943922739823803,303.54612226890754,2.886890220668757
56,mp-676828,101.39632222222231,19.371860985995887,54.636153750349514,0.41019372867290693,0.003287430214705352,304.18896666666694,5.234206579095458
422,mp-4198,101.58556230158736,15.598064048179019,44.5157842108882,0.42696504109063305,0.003281306179550722,304.756686904762,6.512703242390319
322,mp-979074,101.7235362278245,46.355917134879405,120.72884185794123,0.30219451280257037,0.003276855540951559,305.17060868347346,2.1944024089059613
420,mp-989551,102.15929285714282,21.316452806905154,59.790734093457964,0.40245505748708876,0.003262878236632461,306.47787857142845,4.792509043720905
253,mp-2877,102.7589102564102,67.80305126669214,166.73671900829154,0.22956648626667334,0.0032438387338049814,308.27673076923054,1.5155499396660623
359,mp-1995,103.41191666666651,36.30317883992204,97.50024869491548,0.34286103601065376,0.0032233551420170034,310.23574999999954,2.8485636787527278
108,mp-5137,104.22978571428571,54.80071945317928,139.8862404299723,0.27631755409241027,0.0031980621570792188,312.68935714285715,1.9019784184282051
291,mp-1018828,104.63108095238098,48.11019341175289,125.14907134706407,0.30065026215932095,0.003185796517624031,313.89324285714287,2.174821457417391
137,mp-12008,105.51378095238094,45.356417932430745,119.01578010483556,0.31200594678947174,0.003159144998166342,316.54134285714287,2.3263252646972474
74,mp-754213,105.57641825396831,55.803108999921285,142.33241602259048,0.2753090156929361,0.00315727071296818,316.729254761905,1.891945093133023
210,mp-569674,106.11182857142859,53.03663949567462,136.38700846190673,0.28578101628242986,0.003141340016668847,318.33548571428577,2.0007268480892817
445,mp-13138,106.6257047619048,1.0,2.9906506264659036,0.495325313232952,0.0031262005168234356,319.87711428571777,106.6257047619048
260,mp-570452,107.36268571428567,49.65910275827977,129.07647174325794,0.2996254923447718,0.003104741010488526,322.088057142857,2.161994070591315
102,mp-18198,108.33228095238093,36.39903949916603,98.19901247738903,0.34892312858473845,0.003076952967323332,324.9968428571427,2.976240099820849
384,mp-31205,108.6883904761905,37.580885478097095,101.09130265365349,0.34498297961302077,0.0030668715570533176,326.0651714285715,2.892118934758371
75,mp-8311,108.82512826617821,65.79707142455999,164.28217585381321,0.2484003641573308,0.0030630180606635695,326.4753847985346,1.6539509420408216
87,mp-2856,109.33910952380948,70.17988759847167,173.43330124893453,0.23563393433470997,0.0030486194261601087,328.01732857142844,1.557983537240527
427,mp-12759,109.58882698412708,23.906999921415157,66.85918273315089,0.3983181275970241,0.003041672609394874,328.76648095238136,4.583963999847625
148,mp-22389,111.16608095238092,34.0,92.5632201856592,0.36122382625969407,0.002998516548191708,333.4982428571429,3.269590616246498
338,mp-842,112.0234761904762,50.62274428168005,131.98687145688473,0.30363212553699565,0.002975566771080721,336.07042857142864,2.2129080076564827
281,mp-14142,112.28089835164828,24.0,67.21120969419408,0.40023353529571004,0.0029687448018930122,336.84269505494467,4.678370764652011
429,mp-567907,112.57599962026268,113.0,254.01082671406994,0.1239417111242033,0.0029609626781704926,337.72799886078803,0.9962477842501122
348,mp-862376,112.62155714285713,46.25676787587365,122.05927147437583,0.31936662546237743,0.0029597649134837467,337.86467142857134,2.434704418714859
336,mp-1264,112.95044761904768,17.187806193096687,49.07419219067936,0.4275874314428073,0.002951146634297364,338.8513428571431,6.571545335693459
326,mp-16488,113.09597871148468,65.72186808671135,165.17109030178756,0.2565915661729672,0.0029473491200221074,339.287936134454,1.7208272071979058
250,mp-7524,113.13904365079372,13.25,38.25655914947992,0.44364374148980834,0.002946227249031506,339.41713095238106,8.538795747229715
144,mp-10624,113.156119047619,66.98513687984371,167.8371673807282,0.25279409133544367,0.0029457826597345397,339.46835714285703,1.6892720432981374
169,mvc-15474,113.9833523809525,34.82617348472409,94.82136381054949,0.3613520281253591,0.002924403663960282,341.9500571428574,3.2729220863426
345,mp-983564,114.51063968253963,62.803757593939885,159.29018747236185,0.26815809734075724,0.002910937658347213,343.5319190476189,1.8233087329409903
300,mp-18782,114.61655476190485,74.0,182.684424557137,0.23435421998065517,0.002908247713655091,343.8496642857146,1.5488723616473627
183,mp-19340,115.93325952380951,93.0,220.13654030387522,0.18352978657997446,0.0028752174716943574,347.7997785714285,1.2465941884280594
115,mvc-15935,116.06552589807845,30.0,82.8608555464431,0.38101425910738507,0.002871940920907436,348.1965776942354,3.8688508632692815
257,mp-978862,116.30814761904767,39.21790621196904,105.76598591614969,0.34843998739369986,0.002865949979919925,348.924442857143,2.965689881311186
200,mp-22689,116.43398571428574,57.0,147.01045274666762,0.2895653749707686,0.002862852553646073,349.30195714285725,2.0427015037593987
454,mp-981376,118.4193968253968,61.282721152843116,156.7998821945622,0.2793155986292862,0.002814854173128545,355.2581904761904,1.9323456040741251
24,mp-811,119.20997698412695,62.20513035579667,158.96540230376968,0.27775154070516506,0.00279618654215257,357.6299309523808,1.9164010476672557
374,mp-623134,119.24367142857152,41.0260608931354,110.41530261650824,0.3456727286604214,0.002795396429344297,357.7310142857145,2.906534744809578
194,mp-862312,119.39700952380957,36.09068759863546,98.36134912654254,0.36269707882015284,0.002791806383281832,358.1910285714288,3.3082497859731497
440,mp-18922,119.59318809523813,52.521801414109156,137.4448319284755,0.30845504369498983,0.002787226752980973,358.7795642857144,2.27701992078115
330,mp-676861,119.61756760037348,57.32478624095173,148.28640439499435,0.29338820184785386,0.0027866586825018554,358.85270280112036,2.0866639972731544
293,mp-13801,120.36877077497664,60.530826027508965,155.52280418788598,0.2846578709929283,0.0027692675698789285,361.1063123249299,1.988553249220052
391,mp-2800,120.41352067932058,76.54940191450372,189.4932587417717,0.23771874111709193,0.002768238412537164,361.2405620379617,1.5730171323063726
401,mp-44,120.54876446886448,37.5,101.93056701342698,0.3590742268456931,0.0027651327228611056,361.64629340659343,3.2146337191697194
444,mp-2396,120.84666666666656,30.732406671682238,84.9924367365025,0.3827819871786526,0.0027583163237160065,362.5399999999996,3.9322226845975687
251,mp-35208,120.9218047619048,52.91259345304503,138.5316893910983,0.3090616084999897,0.0027566023678663016,362.7654142857143,2.2853123778408553
154,mp-5983,121.10322380952377,60.35075796465318,155.26123653799544,0.28632383232809056,0.002752472831422011,363.3096714285713,2.006656219304697
404,mp-961705,121.31430476190478,37.58234913640997,102.19404044842413,0.3596015522805365,0.0027476836634191134,363.9429142857144,3.2279596020349586
436,mp-1008568,122.04378333333332,362.1652530843991,546.2062536333824,-0.24591571253510852,0.002731260243079431,366.13134999999994,0.33698368988725763
128,mp-7186,122.13737142857146,62.485645711809795,160.14654092321075,0.28146664004900435,0.0027291674074406765,366.4121142857144,1.9546468638874523
390,mp-861995,122.31629523809526,47.634994221096385,126.48543923002143,0.3276525094444548,0.00272517519178031,366.94888571428584,2.567782304546273
360,mp-568940,122.41887142857144,78.86778044419917,194.77558970767163,0.23482357821315883,0.002722891735918556,367.25661428571425,1.552203837093979
71,mp-4908,122.52545238095242,62.20141844180705,159.59715996613173,0.2829061134308689,0.0027205231799262695,367.5763571428572,1.9698176577047342
329,mp-1009129,123.13682380952393,65.75,167.44677026862308,0.27335946972336955,0.0027070158464453744,369.4104714285718,1.872803403947132
92,mp-13119,123.42600000000013,45.0,120.37124528629018,0.33745828095877956,0.002700673547982864,370.27800000000036,2.742800000000003
73,mp-10901,124.19699621848741,38.42088969186359,104.48805518377341,0.3597818273050153,0.0026839081739701105,372.5909886554623,3.232538267972193
186,mp-22979,125.08227857142865,43.0,115.73749679294816,0.3457848464296298,0.002664912545089129,375.24683571428596,2.90889019933555
182,mp-865788,125.59180952380952,27.35852339565439,76.51932727235004,0.39845499272274915,0.0026541008891996297,376.7754285714285,4.590591667083847
2,mp-636368,126.29105259740268,60.166655297151316,155.7639877291995,0.29443781576283135,0.0026394057732336035,378.8731577922081,2.099020661422443
305,mp-1025248,126.48539047619043,50.40334498988,133.47984343634994,0.324116915882766,0.0026353504707413615,379.4561714285712,2.5094642131704994
79,mp-865342,127.95846666666678,43.0,116.00557586593185,0.3489020449526959,0.002605011938769714,383.87540000000024,2.975778294573646
214,mp-982667,129.49325714285715,52.484015575055636,138.71192357627876,0.32146827997480004,0.002574136605163924,388.47977142857144,2.4672894351552266
325,mp-530399,130.58558387635756,84.0825582690215,207.67458180276344,0.2349444764650845,0.002552604379737227,391.7567516290727,1.553063876322007
396,mp-2283,131.0287880952381,53.945051437918465,142.3058652820506,0.3189890591338144,0.0025439702082190557,393.08636428571424,2.4289306359459095
387,mp-11073,131.4569380952381,56.28631086961467,147.76873821625165,0.3126525431605646,0.002535684598798731,394.3708142857142,2.3355046025267785
110,mp-12546,131.75653809523806,54.841965785661486,144.4799264617762,0.3172387640739047,0.0025299187285293483,395.2696142857142,2.402476574420788
19,mp-972985,131.9430992063492,38.07407797016547,104.19948118604667,0.36837826076440416,0.002526341546760432,395.8292976190475,3.4654312393261026
255,mp-3348,132.0740199134199,48.299949100833174,129.15562067202217,0.33701611571464607,0.002523837266041023,396.22205974025974,2.734454639645606
68,mp-1006880,132.6257904761906,110.11184389851604,258.73193578697584,0.17485970004023688,0.0025133372033938933,397.8773714285718,1.2044643498879593
8,mp-999197,132.6785523809523,13.0,37.76653036983653,0.452558860378328,0.0025123377316949628,398.0356571428573,10.206042490842485
138,mp-30789,133.79320952380948,62.669687308112174,162.6185081217571,0.2974255585659127,0.002491406959439255,401.37962857142844,2.134895118688279
363,mp-556548,134.1575078898225,171.42004913662785,360.65213100539694,0.051954344960969054,0.002484641661703234,402.47252366946753,0.78262436958523
158,mp-1019,134.47300952380954,38.09574859775169,104.42606241093537,0.3705737025088717,0.0024788121758687496,403.4190285714285,3.529869197313681
319,mp-6972,134.77485238095238,35.0,96.63488600796566,0.3804983715423667,0.0024732606079295775,404.32455714285715,3.850710068027211
175,mp-8672,134.78055743145745,51.148857939277036,136.21544279640025,0.33155898571687226,0.002473155918670612,404.34167229437236,2.6350648452692025
121,mp-775831,134.81029670329679,66.25896418316326,170.79508906732474,0.28884514852350057,0.0024726103382664067,404.43089010989036,2.0345971049386367
459,mp-4170,135.2036920634921,97.0,234.83927983850737,0.21051175174488324,0.0024654159087371588,405.6110761904763,1.3938524954999185
395,mp-11318,135.2460571428572,54.96203114708768,145.2150046230375,0.3210483818767321,0.0024646436308397605,405.73817142857166,2.4607179596568387
168,mp-30251,136.25025238095236,37.790147939054286,103.77605773739053,0.37305704524833316,0.0024464786487245656,408.7507571428571,3.605443741598702
278,mp-972828,136.75594285714274,51.15307897032049,136.446760154647,0.3337101392646835,0.0024374321610398913,410.26782857142825,2.673464542310148
12,mp-19317,137.08169523809528,67.72373851765585,174.44384629571422,0.2879076828447383,0.0024316399994497536,411.2450857142859,2.02413065549176
246,mp-13496,137.88345793650794,33.0,91.68555408980085,0.3891750619666793,0.002417500535030282,413.6503738095238,4.178286604136604
426,mp-1902,137.93643809523806,63.30702098825201,164.72105233775247,0.30096985900126333,0.002416571994581908,413.8093142857142,2.178848979812763
386,mp-971827,138.0331857142858,49.03833567935383,131.53805855163657,0.3411758038825212,0.0024148782164841024,414.09955714285735,2.814801599647287
385,mp-2117,138.18805714285713,119.34808502495598,278.00882662972265,0.1646974753369117,0.002412171791291178,414.5641714285714,1.1578573473882021
313,mp-10257,138.19909047619052,60.66666666666666,158.76799679440276,0.30852744610771526,0.0024119792119092222,414.5972714285716,2.2780069858712726
447,mp-3642,138.80790940170945,46.0,124.27233073735337,0.3507862036668844,0.0024014001418944243,416.42372820512816,3.017563247863249
362,mp-22522,138.88656190476192,78.38755315255301,197.92616156317948,0.2624846267237592,0.00240004021095942,416.65968571428573,1.7717935605729327
103,mp-1008922,138.97309523809508,28.0,78.71364790082309,0.40560085537184104,0.0023985457959488587,416.91928571428525,4.963324829931968
191,mp-19356,139.37804761904758,90.2973035520748,222.78157196832382,0.23360035795445902,0.002391577002458884,418.13414285714265,1.5435460654555175
196,mp-3469,140.526280952381,37.0,102.04407003512934,0.3789739193936398,0.0023720355443426788,421.57884285714306,3.7980075933075947
160,mp-625150,141.42819495798318,53.0,141.34386722918035,0.3334327097092484,0.0023569086307886717,424.28458487394937,2.668456508641192
239,mp-862361,142.68943809523813,62.161812789973325,162.83884411191895,0.3097980641435282,0.0023360757305025607,428.0683142857144,2.295451687957432
208,mp-646507,143.0791761904761,62.37497015331297,163.38281534405525,0.30968251321381474,0.002329712416638315,429.2375285714283,2.2938556257229186
150,mp-862775,144.00131558441558,73.12420003820094,187.61541929707155,0.28285450780356614,0.0023147936668531936,432.0039467532468,1.9692703032537464
245,mp-2979,146.60871764705877,74.0,190.0280968456646,0.2839736273355719,0.0022736255980069994,439.8261529411763,1.9811988871224158
237,mp-1016840,147.004672943723,23.620316375460803,67.25863670518298,0.4237454663193697,0.0022675016151421363,441.01401883116887,6.223653849803911
286,mp-998890,148.00856904761906,49.5,133.60563909111175,0.34955191001122987,0.002252121856715535,444.0257071428572,2.9900721019721024
367,mp-755115,148.64629134199126,40.77583008294644,112.0791765760646,0.37433347583694115,0.002242459803900735,445.93887402597386,3.645451019381189
328,mp-5836,148.80327967032989,71.98137526004116,185.95913621034703,0.29171702776272246,0.0022400939957225763,446.40983901098974,2.0672469667710653
17,mp-5370,149.1560814352313,71.33843986613495,184.5871732899701,0.2937427117578126,0.0022347954580590004,447.46824430569393,2.0908234286468765
265,mp-971733,149.7090598899209,57.113526385576534,152.01012119170355,0.33077162987166064,0.002226540822435389,449.12717966976265,2.6212540069619736
217,mp-3271,149.86596190476186,100.95914734107528,247.33687772271298,0.22493545278825797,0.0022242097478089315,449.5978857142856,1.484421826567753
98,mp-753306,150.59512124542118,79.5424345501934,202.90360023485545,0.2754424816279535,0.00221344045262999,451.7853637362636,1.8932676890897981
105,mp-541047,150.7432857142857,22.446285302913733,64.15456448024986,0.4290686323924166,0.0022112648782588117,452.2298571428572,6.715734192985502
269,mp-866650,151.25294285714287,93.81701236401808,233.22959733382393,0.24300268926105312,0.0022038138699103783,453.7588285714286,1.6122123167839584
134,mp-15605,151.60905238095242,71.92879526122238,186.3206442151959,0.29517423125563913,0.0021986374038916695,454.82715714285723,2.1077657679425443
241,mp-1487,151.77851755368812,64.73572819072977,170.03329922985517,0.3132879167504608,0.002196182560654043,455.3355526610643,2.3445865489688424
312,mp-12061,153.256280952381,75.22701845029266,193.94751469642796,0.28908149420132595,0.0021750060177755776,459.76884285714306,2.0372505000134664
45,mp-776150,153.38793809523813,46.01423901768777,125.49391029291844,0.3636421352603362,0.002173139149483629,460.16381428571435,3.33348853245788
135,mp-20446,154.14758297950772,36.251995868726894,100.85010599332664,0.3909593606724131,0.002162429840872993,462.4427489385231,4.2521130019350055
446,mp-13322,154.2399714285714,63.188575038396884,166.78916172192092,0.31977308888964945,0.002161134563537572,462.71991428571437,2.4409471385427928
176,mp-5229,154.2958833333332,102.0,250.7465349968263,0.22914968135699176,0.002160351437330421,462.8876499999996,1.5127047385620902
259,mp-973681,155.4392099456098,61.96689098820032,164.0948348563027,0.32405250803650554,0.002144461062623587,466.3176298368295,2.5084235705032936
111,mp-12097,156.70417142857156,100.57181206645114,248.54406501250298,0.23565470237466565,0.0021271503514842444,470.1125142857147,1.5581321267735724
320,mp-4408,158.63982857142852,75.26566431932923,194.96386787242727,0.2951713748599566,0.002101195748476544,475.91948571428554,2.107731726094493
81,mp-1025323,158.71061428571434,76.52180921269962,197.7792234037435,0.29230624209365846,0.0021002586048420127,476.1318428571432,2.0740572644403
223,mp-19247,159.06782118992132,51.065309385274354,138.387183311639,0.35500190812067767,0.002095542208598841,477.2034635697641,3.114987906756745
243,mvc-10883,159.58695857475848,71.37996780061933,186.35556491916054,0.3053771993824271,0.0020887253965503915,478.7608757242755,2.235738730234813
6,mp-33365,160.2265849206349,51.34644651731264,139.17282979950798,0.3552333144668798,0.0020803871810563994,480.6797547619046,3.1204999720206694
303,mp-3088,160.3194809523809,66.45092928466244,175.15302313941103,0.3179125184923346,0.0020791817148680895,480.9584428571427,2.412599532891473
331,mp-30657,160.73721758241751,43.555361863799845,119.84150268090669,0.3757376537894236,0.0020737781725157565,482.2116527472526,3.690411712914983
164,mp-8208,161.80300476190467,66.05126560092482,174.41988605739448,0.32033719922357057,0.002060118313771971,485.4090142857141,2.4496579026888345
366,mp-865050,162.79471904761903,70.2214375717836,184.18203071905128,0.31143734084603375,0.0020475684671062955,488.3841571428571,2.318305131267111
273,mp-974565,162.98000634920632,127.41442891844594,303.2249390325959,0.18991601503264952,0.0020452406451569424,488.940019047619,1.2791330442922193
58,mp-389,163.82105690975692,46.69521094811923,127.9306086002321,0.36984720705480445,0.0020347404639011373,491.46317072927064,3.508305318328479
346,mp-10744,163.99847247752243,71.13756126160071,186.45340695120544,0.3105130654222397,0.002032539256602039,491.9954174325672,2.305371024379592
356,mp-1016836,164.21270476190475,36.942310193086364,103.09589926095454,0.39536345618483526,0.002029887601063754,492.63811428571427,4.4451119570924025
61,mp-1018062,165.603519047619,50.387035847083304,137.24189400314177,0.3618770353910997,0.0020128396742431776,496.8105571428571,3.286629512206265
5,mp-1009834,166.21602380952382,103.0,256.10030412890876,0.24320535984907174,0.0020054223756147513,498.6480714285715,1.6137478039759594
263,mp-1029763,168.90642131398022,90.85763673923051,231.1299922714252,0.2719348673727275,0.0019734793428232067,506.71926394194065,1.8590228336970358
266,mp-977184,169.26200525585526,59.24477397572992,159.1642020663741,0.3432763042658997,0.0019693334769930733,507.78601576756586,2.8569947000759046
450,mp-541,170.17465238095247,48.63919811302685,133.2248503474151,0.36952145096871974,0.0019587719361819776,510.5239571428575,3.4987141849152987
411,mp-2254,170.4510407882453,100.0,250.92852411719286,0.2546426205859641,0.001955595763990904,511.35312236473595,1.7045104078824531
94,mp-7405,170.47320952380946,126.48114130324574,304.20846640130884,0.20258428753402744,0.0019553414537360355,511.41962857142835,1.347815237649463
432,mp-556605,173.9492154179157,68.5,181.65515181718968,0.3259500132641584,0.0019162681046447656,521.847646253747,2.539404604641105
66,mp-11690,174.3747506493507,117.15129187645286,287.1483184952712,0.22554482283514357,0.0019115917418779955,523.124251948052,1.488457769917257
23,mp-861873,174.94483663003678,64.73044824267053,172.87038150641501,0.33530962784572743,0.0019053625117170358,524.8345098901103,2.702666849674502
39,mp-16287,175.4826142857144,67.06559737607559,178.46203645204955,0.33050359226139236,0.001899523406863612,526.4478428571432,2.6165816924239396
117,mp-867187,176.0456857142857,83.3027219117809,215.86060921894833,0.29563959175036675,0.001893447896668814,528.1370571428571,2.1133245309885704
216,mp-753197,177.99555957375966,89.710284871902,230.42005907759963,0.2842454987553442,0.0018727058929534875,533.9866787212791,1.9841154202990312
227,mp-6223,178.57247619047627,71.58375149292897,189.43811342449956,0.32319213140996295,0.0018666557156198002,535.717428571429,2.4945951066579073
406,mp-865878,180.18273253968258,79.54554979776174,208.02436930344084,0.3075801841355446,0.0018499737940200322,540.5481976190478,2.265151639504446
264,mp-1014307,180.52515238095225,38.0,106.5255634160985,0.40165215021182243,0.0018464647664715361,541.5754571428565,4.750661904761901
21,mp-984711,180.70553095238085,80.86983520553134,211.11637855197748,0.3052850795072321,0.0018446216426057963,542.1165928571426,2.2345232989917228
181,mp-3582,181.08696931790257,69.17789940335646,184.09177205333506,0.3305678088022654,0.0018407361644457061,543.2609079537078,2.617699740520256
220,mp-20552,181.7858857142857,90.1878991062013,232.16901231822845,0.2871405954630142,0.00183365904356973,545.3576571428571,2.0156349966664893
163,mp-977362,182.18727619047627,64.33429357877607,172.67748736644285,0.3420329793083272,0.001829619171565166,546.5618285714289,2.8318843039349075
457,mp-22300,182.76922807017544,79.5423046541492,208.39527419861935,0.30996502493059663,0.0018237935173931346,548.3076842105264,2.297761283946423
180,mp-1018124,182.9010357142857,80.33735874542188,210.23142748542568,0.30842879806156165,0.001822479200467961,548.703107142857,2.2766622972243105
167,mp-998949,183.11013888888888,97.50764537518015,248.42654725535306,0.2738824032694169,0.001820398014855965,549.3304166666666,1.8779054522784961
456,mp-999396,184.88695714285709,76.77997659849053,202.33177277703888,0.31760767416681296,0.001802903452382397,554.6608714285713,2.408010074158995
155,mp-1018013,185.7771666666667,57.0,155.13397327013186,0.3608243269309811,0.0017942642753908575,557.3315000000001,3.2592485380116964
1,mp-865186,187.23521587301587,92.86570003694887,239.07182173942832,0.2871911892351416,0.001780291873935735,561.7056476190477,2.016193447080244
116,mp-20741,188.21297970362968,118.0,292.8080614703778,0.24071212487448246,0.0017710432822338714,564.638939110889,1.5950252517256753
4,mp-190,188.21297970362968,118.0,292.8080614703778,0.24071212487448246,0.0017710432822338714,564.638939110889,1.5950252517256753
136,mp-567703,190.20286147186158,83.21564956280301,217.87306831375707,0.3090871095666201,0.0017525148189352887,570.6085844155848,2.28566216175859
369,mp-865160,191.22885324675332,79.81127113664219,210.19191527585386,0.3168059616290998,0.0017431121280804553,573.6865597402601,2.396013126007689
397,mp-865250,191.6726142857142,88.40560617619566,229.87490584174196,0.3001149801721439,0.0017390764694034722,575.0178428571425,2.1681047455712656
238,mp-867917,195.1021862155389,50.36802485150857,139.13126019337236,0.381146675927329,0.0017085063975914839,585.3065586466168,3.8735325991186924
57,mp-975373,195.79392857142852,52.198381639013135,143.8148656738262,0.37757973674742046,0.001702470223491779,587.3817857142856,3.750957834774937
131,mp-555,197.3465871572873,78.38755032195907,207.66701674550103,0.32461733969588213,0.0016890757430107631,592.0397614718619,2.5175756398398854
419,mp-865193,203.4309761904762,85.24640232331397,224.39540460126742,0.3161576235804245,0.0016385574093751932,610.2929285714287,2.3863878198510204
91,mp-316,208.3662073593074,76.39251780771585,204.22007451064016,0.3366497163025397,0.0015997475673132173,625.0986220779221,2.7275735024701837
317,mp-3467,208.68367619047626,102.10773830442604,263.36833736763964,0.2896590490645677,0.0015973138839526816,626.0510285714287,2.043759656768644
130,mp-865280,209.04872539682546,94.87414483998744,247.22278067252242,0.30289859839834526,0.0015945245908607448,627.1461761904765,2.2034319861264864
195,mp-30858,209.4973928571429,106.38492136211245,272.95213444562717,0.2828516059928931,0.001591109697296494,628.4921785714287,1.9692395329602843
415,mp-30790,211.28023333333343,67.25271581922073,182.40440222340177,0.3561117941594775,0.0015776834778833224,633.8407000000003,3.1415866372038743
379,mp-982870,212.2514857142856,89.94420646855758,236.43517140272263,0.3143435285371877,0.0015704640757240095,636.7544571428568,2.359812755571798
287,mp-974415,213.6049733500417,62.78370595998707,171.54411916640717,0.36615158776812745,0.0015605129791949589,640.814920050125,3.402235820328528
199,mp-582034,214.59329312005505,187.0,434.7246741209051,0.1623654388259495,0.0015533259613423644,643.7798793601652,1.1475577172195457
93,mp-126,215.25655952380956,83.95954478667393,222.89854858924994,0.3274163715131795,0.001548539724274759,645.7696785714288,2.563812846660111
373,mp-865948,219.26037619047642,93.59285993104557,245.80415867617467,0.3131565744292385,0.0015202625258827396,657.7811285714292,2.342704094650129
449,mp-1235,223.52848253968247,78.0,209.6180138712924,0.3437052171236691,0.001491234269324749,670.5854476190475,2.865749776149775
82,mp-2385,225.3923724728487,87.0,231.2467494350373,0.3290043070979152,0.0014789024565304994,676.1771174185462,2.5907169249752724
218,mp-996940,227.82945310245327,164.34722049476414,397.4688539925669,0.20923509626750791,0.0014630827085532075,683.4883593073599,1.386268976235662
9,mp-570430,231.87261756351657,120.0,307.03401861853274,0.27930841091055286,0.0014375709250878826,695.6178526905497,1.9322718130293048
174,mp-1025075,233.2761476190477,120.72554190167163,308.8907112929259,0.27930969050654875,0.0014289216310176913,699.828442857143,1.9322849493526906
15,mp-867786,233.9712047619047,101.97308574959787,267.113377451909,0.3097248920554628,0.0014246767403388045,701.9136142857141,2.294440763874083
233,mp-864970,234.46005000000017,101.00968173484202,264.97676482387095,0.311640430268134,0.0014217063134352018,703.3801500000005,2.321164129746249
192,mp-977363,237.05525952380944,109.6452956609112,284.9960892461634,0.29962752860615965,0.0014061419012719855,711.1657785714283,2.1620194290590087
276,mp-29026,240.38746067821083,141.51554258287123,354.90308563037564,0.25393677313763985,0.001386650253689989,721.1623820346325,1.6986647282042564
54,mp-17,245.3908166666664,129.0,329.29705303260636,0.2763451667930478,0.0013583773747577771,736.1724499999993,1.9022543927648559
439,mp-865025,247.07095714285728,86.28239959037786,231.857367868874,0.3435959649337948,0.001349140089907851,741.2128714285719,2.8635151353673107
453,mp-1019272,247.87919069264117,111.96978511290672,291.9502916179733,0.30370122316292764,0.001344741091020631,743.6375720779236,2.2138042905296977
247,mp-571499,249.49339761904773,123.12703316705137,317.2007164896232,0.2881034665200787,0.0013360406989298414,748.4801928571432,2.026308855184954
301,mp-1272,252.6575613199664,90.5453250871114,242.64971047596367,0.33993505596515594,0.0013193087576397478,757.9726839598994,2.7903987431365547
52,mp-32679,258.08995476190483,144.34024627450074,364.9806428510842,0.26430656823523085,0.001291539353559276,774.2698642857144,1.788066470879364
298,mp-776216,258.4580346320346,12.0,35.451340858351365,0.4771392024313068,0.0012897000234792424,775.3741038961026,21.538169552669547
86,mp-20868,258.515119047619,137.12417661293196,349.56579985714455,0.2746322657742674,0.0012894152363751407,775.545357142857,1.8852628721873315
290,mp-20857,259.5370355054303,124.31952392692124,321.60796906005436,0.29347329727993976,0.0012843382166409887,778.611106516291,2.0876611115241563
382,mp-979265,264.00671827518886,69.13899144642055,190.7643027897972,0.3795710553402452,0.0012625941321155374,792.0201548255667,3.8184924707757935
129,mp-13100,266.6598095238096,129.8381239472527,335.1232548388229,0.29054257967778463,0.0012500321436836942,799.9794285714289,2.0537866800366067
29,mp-542316,273.8701365079364,132.3742392449909,342.0182485855845,0.29186105444804905,0.0012171218723720676,821.6104095238093,2.068908105307958
85,mp-1009735,357.2701380952378,150.0,394.75411306797423,0.3158470435599144,0.0009330008242795718,1071.8104142857135,2.3818009206349187
